place_id,nome,latitude,longitude,rating,review_count,bairro_validado,status_geo,distancia_m,metodo_validacao,rodadas,n_rodadas,r1,r2,g1,g2,g3,r3,fonte_bairros,r4
ChIJjapUUwBrpJIR9AHGRCW_BxU,Açaí Elite / Mosqueiro,-1.140461,-48.455895,,6,Aeroporto,DENTRO,-1,endereco,r3,1,False,False,False,False,False,True,Aeroporto,False
ChIJ18tJMWZrpJIRXP4jkyNywq0,Açaí do Neves - Açaiteria,-1.143064,-48.456531,5.0,25,Aeroporto,DENTRO,-1,endereco,r1|r3,2,True,False,False,False,False,True,Aeroporto,False
ChIJyZkK5-5rpJIRcgqmbrgF8cA,Açaí do gomes,-1.139202,-48.457763,,0,Aeroporto,DENTRO,-1,endereco,r3,1,False,False,False,False,False,True,Aeroporto,False
ChIJ89nwTnpppJIRhvBK1xewaVU,Açaí Dantas,-1.252378,-48.455318,,9,Água Boa,DENTRO,-1,endereco,r3,1,False,False,False,False,False,True,Água Boa,False
ChIJE1JSC55opJIRJecmV0K71Bc,Açaí Santana,-1.253667,-48.454024,,1,Água Boa,DENTRO,-1,endereco,r3,1,False,False,False,False,False,True,Água Boa,False
ChIJOzQD9cJppJIRscS-q8uucJM,Açaí Brasil,-1.252301,-48.45915,,0,Água Boa,DENTRO,-1,endereco,r3,1,False,False,False,False,False,True,Água Boa,False
ChIJ8euPtPVppJIRlWvfO7lBbsQ,Açaí puro sabor & mercearia,-1.246112,-48.450376,,2,Água Boa,DENTRO,-1,endereco,r3,1,False,False,False,False,False,True,Água Boa,False
ChIJmZCpMAxnpJIRCTqGhRBNqlo,Açaí da Drica,-1.255209,-48.452415,,28,Água Boa,DENTRO,-1,endereco,r3,1,False,False,False,False,False,True,Água Boa,False
ChIJW2GNdztmpJIRMo5ipD2p26E,Açaí Do Irmão,-1.263555,-48.453246,,1,Água Boa,DENTRO,-1,endereco,r3,1,False,False,False,False,False,True,Água Boa,False
ChIJEwG9ZZ5opJIRC0knblm5Nw0,Açai Karibe,-1.25315,-48.454571,,0,Água Boa,DENTRO,-1,endereco,r3,1,False,False,False,False,False,True,Água Boa,False
ChIJi82UiSVppJIRbJZ1qNeLAGk,Açaí e conveniência da Deusa,-1.246123,-48.4504,,1,Água Boa,DENTRO,-1,endereco,r3,1,False,False,False,False,False,True,Água Boa,False
ChIJIfqiMp9opJIRVDVcA3dr3bc,Açai da Curva,-1.251053,-48.456909,,0,Água Boa,DENTRO,-1,endereco,r3,1,False,False,False,False,False,True,Água Boa,False
ChIJky09fABppJIRH2ctrCtAAjI,Outeiro Beach Club Dance,-1.251884,-48.458939,,0,Água Boa,DENTRO,-1,endereco,r3,1,False,False,False,False,False,True,Água Boa,False
ChIJOVD5TgBnpJIR8Nlh3EW6410,Casa,-1.262115,-48.452225,,0,Água Boa,DENTRO,-1,endereco,r3,1,False,False,False,False,False,True,Água Boa,False
ChIJ-7GNG9RhpJIR_yuMhkHcIlA,Alameda Açaí - Parque Verde,-1.368506,-48.442979,0.0,0,Águas Lindas,DENTRO,362,centroide,r1,1,True,False,False,False,False,False,Águas Lindas,False
ChIJfV2aj8P1pJIR3cGLcur4w_I,AÇAÍ OLIVEIRA (Águas lindas Olga Benário),-1.406602,-48.393061,5.0,11,Águas Lindas,DENTRO,-1,endereco,r1,1,True,False,False,False,False,False,Águas Lindas,False
ChIJe36F6OqLpJIRW1LYanwys48,Açaí do sabarito,-1.373309,-48.449536,0.0,0,Águas Lindas,DENTRO,542,centroide,r1|r3,2,True,False,False,False,False,True,Águas Lindas,False
ChIJox9QhCpnpJIROBvj8qyNb10,Açaí + Sabor,-1.305194,-48.461039,5.000000,2,Águas Negras,DENTRO,-1,endereco,r2|r3,2,False,True,False,False,False,True,Águas Negras,False
ChIJedZEIABnpJIRKQQL8gyWgLM,Açaí Vilhena,-1.305066,-48.461523,,0,Águas Negras,DENTRO,-1,endereco,r3,1,False,False,False,False,False,True,Águas Negras,False
ChIJZ_ti5zlnpJIRqFo5UZOzE9A,Império dos sucos,-1.305744,-48.458924,,0,Águas Negras,DENTRO,-1,endereco,r3,1,False,False,False,False,False,True,Águas Negras,False
ChIJ5T6KY31npJIRtCtXiglKl28,EBA AÇAÍ DO ALISSON,-1.311533,-48.447444,4.9,43,Águas Negras,DENTRO,-1,endereco,r1|r3,2,True,False,False,False,False,True,Águas Negras,False
ChIJNV2J-SdnpJIRLWoViR-3dVk,Açai & CIA,-1.307124,-48.458585,4.0,1,Águas Negras,DENTRO,-1,endereco,r1|r3,2,True,False,False,False,False,True,Águas Negras,False
ChIJScKYr6VmpJIR0TJKu6vT1E8,Açaí Da Rosa,-1.304477,-48.471722,5.000000,1,Agulha,DENTRO,-1,endereco,r2|r3,2,False,True,False,False,False,True,Agulha,False
ChIJW31UTmxnpJIRd0FmlWDxxbk,Moara sorveteria artesanal,-1.29965,-48.472274,4.900000,23,Agulha,DENTRO,-1,endereco,r2|r3,2,False,True,False,False,False,True,Agulha,False
ChIJiybEdahmpJIRCRF5ffyg4SQ,Açai Norte,-1.306083,-48.477222,0.000000,0,Agulha,DENTRO,-1,endereco,r2|r3,2,False,True,False,False,False,True,Agulha,False
ChIJq3D8Pb5mpJIRXbZ4tap-UoM,Açai Raízes do Pedrinho,-1.299123,-48.462493,4.500000,14,Agulha,DENTRO,-1,endereco,r2|r3,2,False,True,False,False,False,True,Agulha,False
ChIJ57k_EKRnpJIRmxBKuPTBsoU,Açaí Bom Sabor,-1.30057,-48.462333,0.000000,0,Agulha,DENTRO,-1,endereco,r2|r3,2,False,True,False,False,False,True,Agulha,False
ChIJO3BxHNNnpJIRgtCdPtMjAtw,Açaí mania Icoaraci,-1.298712,-48.473889,0.000000,0,Agulha,DENTRO,-1,endereco,r2|r3,2,False,True,False,False,False,True,Agulha,False
ChIJhauXIKxmpJIRBscyBLzYhRo,Açai das Meninas,-1.309457,-48.472231,,0,Agulha,DENTRO,-1,endereco,r3,1,False,False,False,False,False,True,Agulha,False
ChIJoRmKoMlnpJIRFEwi-NaHKVc,Açaí da Lene,-1.308529,-48.474351,,0,Agulha,DENTRO,-1,endereco,r3,1,False,False,False,False,False,True,Agulha,False
ChIJ7U3UuSFnpJIRhaCeXRHLFiM,Açaí Deus é fiel,-1.306854,-48.468978,4.7,49,Agulha,DENTRO,-1,endereco,r1|r3,2,True,False,False,False,False,True,Agulha,False
ChIJn3jOY6dnpJIRn1PiIkaKpPY,Açaí Deus é fiel(Delivery),-1.305433,-48.46432,5.0,3,Agulha,DENTRO,-1,endereco,r1|r3,2,True,False,False,False,False,True,Agulha,False
ChIJ2SOP0CBnpJIRHxKM1LDzU18,Açaí do Baixinho Icoaraci,-1.307036,-48.476637,4.9,21,Agulha,DENTRO,-1,endereco,r1|r3,2,True,False,False,False,False,True,Agulha,False
ChIJL6pDmV1npJIRon0p1XIg_BY,AÇAÍ DO REI,-1.307847,-48.467107,0.0,0,Agulha,DENTRO,-1,endereco,r1|r3,2,True,False,False,False,False,True,Agulha,False
ChIJOcAAaNhlpJIRpEpw8452NFg,Açaí do Adão,-1.308901,-48.484446,4.4,33,Agulha,DENTRO,-1,endereco,r1|r3,2,True,False,False,False,False,True,Agulha,False
ChIJabeFmzVhpJIRdvQhVfU_GGY,Atacadão - Belém Icoaraci,-1.314776,-48.456865,,4934,Agulha,DENTRO,-1,endereco,r3,1,False,False,False,False,False,True,Agulha,False
ChIJx-W9WwBhpJIRpelgZ-6Hb5g,Açaí do Rogério,-1.332419,-48.443548,0.0,0,Ariramba,DENTRO,-1,endereco,r1|r3,2,True,False,False,False,False,True,Ariramba,False
ChIJxbKDbvSLpJIRSXP_QJtaw4g,Açaí no Grau Belém Pará,-1.403022,-48.430459,4.5,6,Aurá,DENTRO,443,centroide,r1|r3,2,True,False,False,False,False,True,Aurá,False
ChIJlbHhGwA9pJIRq4KJ60atzL8,Praia Grande da Baia do Sol,-1.062283,-48.345122,,20,Baía do Sol,DENTRO,-1,endereco,r3,1,False,False,False,False,False,True,Baía do Sol,False
ChIJS48IGQA9pJIRJXFcAqBP7RI,Açaí do manoel,-1.071961,-48.353222,,0,Baía do Sol,DENTRO,-1,endereco,r3,1,False,False,False,False,False,True,Baía do Sol,False
ChIJM6VbawA9pJIREbxMV8jDIxY,Açaí do Nezinho,-1.063424,-48.33392,,1,Baía do Sol,DENTRO,-1,endereco,r3,1,False,False,False,False,False,True,Baía do Sol,False
ChIJ_SN-USyJpJIROLAPRMNJwPU,AÇAI DO NANDO,-1.41018,-48.478837,5.000000,3,Barreiro,DENTRO,-1,endereco,r2,1,False,True,False,False,False,False,Barreiro,False
ChIJzal_5NqLpJIRVBGmME59YtM,Bombons Regionais Paraense,-1.402462,-48.46008,4.500000,6,Barreiro,DENTRO,186,centroide,r2,1,False,True,False,False,False,False,Barreiro,False
ChIJ68EhHXuPpJIRVieH1xwFkWg,Assaí Atacadista - Batista Campos,-1.463819,-48.495134,4.400000,1006,Batista Campos,DENTRO,-1,endereco,r2|r3,2,False,True,False,False,False,True,Batista Campos,False
ChIJA9RCucSPpJIRfDqDg7gIKhY,Açaí Tropical Belém,-1.465487,-48.488176,0.000000,0,Batista Campos,DENTRO,-1,endereco,r2,1,False,True,False,False,False,False,Batista Campos,False
ChIJRWG2YiiPpJIRnTXUZ426muY,GRÃO-PARÁ AÇAITERIA E SABORES,-1.463297,-48.493771,5.0,8,Batista Campos,DENTRO,-1,endereco,r1,1,True,False,False,False,False,False,Batista Campos,False
ChIJndL5fVOPpJIRwUqbHGyUeAI,Açaík Belém,-1.456223,-48.490988,,10,Batista Campos,DENTRO,-1,endereco,r3,1,False,False,False,False,False,True,Batista Campos,False
ChIJGST-TUGPpJIRrQ4WS9x3nBY,Barão do Açaí Belém,-1.456952,-48.493039,,13,Batista Campos,DENTRO,-1,endereco,r3,1,False,False,False,False,False,True,Batista Campos,False
ChIJ54gVgomOpJIRfMqzaR6c0NE,Açai São Lourenço,-1.458027,-48.493383,,2,Batista Campos,DENTRO,-1,endereco,r3,1,False,False,False,False,False,True,Batista Campos,False
ChIJVUT5mKuPpJIRAfX_qSECYIw,LOJA DO AÇAÍ,-1.459272,-48.491315,,7,Batista Campos,DENTRO,-1,endereco,r3,1,False,False,False,False,False,True,Batista Campos,False
ChIJ6xjjho6PpJIRXcQDkzRPT0g,"Belém, Pará, Açaí",-1.463639,-48.491671,,0,Batista Campos,DENTRO,-1,endereco,r3,1,False,False,False,False,False,True,Batista Campos,False
ChIJg7OkAV2LpJIRkGQYfMvQ-pU,Sabor Açaí,-1.377978,-48.455517,2.7,7,Benguí,DENTRO,-1,endereco,r1,1,True,False,False,False,False,False,Benguí,False
ChIJYznOEzeLpJIRpU2T8HeXdLc,Sorveteria Casa da Vovó,-1.374095,-48.456141,5.0,24,Benguí,DENTRO,705,centroide,r1,1,True,False,False,False,False,False,Benguí,False
ChIJ2YXIpkaLpJIR_Akq0Nxrkk4,AÇAÍ SAÚDE - O melhor açaí do Bengui,-1.378151,-48.449815,5.0,2,Benguí,DENTRO,-1,endereco,r1|r3,2,True,False,False,False,False,True,Benguí,False
ChIJk47-kV5hpJIRfxMGQdecn5g,Deguce Açaí Bengui,-1.371032,-48.448611,3.6,7,Benguí,DENTRO,-1,endereco,r1|r3,2,True,False,False,False,False,True,Benguí,False
ChIJgWslOzaLpJIRdxqJOw4jHRM,Açai do bilu,-1.377969,-48.464172,4.3,4,Benguí,DENTRO,-1,endereco,r1,1,True,False,False,False,False,False,Benguí,False
ChIJ8znmluKLpJIR-JU_n19tVBI,Açaí da Antônia,-1.369346,-48.451771,3.0,1,Benguí,DENTRO,-1,endereco,r1|r3,2,True,False,False,False,False,True,Benguí,False
ChIJswwgtWSLpJIRB6khUCh5jXE,Açaí do rafa,-1.374838,-48.450384,5.0,3,Benguí,DENTRO,-1,endereco,r1,1,True,False,False,False,False,False,Benguí,False
ChIJl6qTqpmLpJIRgdgUhgiJJqA,Hamburgueria Artesanal Fanáticos,-1.376372,-48.456562,4.600000,125,Benguí,DENTRO,-1,endereco,r2,1,False,True,False,False,False,False,Benguí,False
ChIJuXczMQCLpJIRYRjcHjnoZ-o,Sagrado açaí do parente,-1.373882,-48.455295,0.000000,0,Benguí,DENTRO,-1,endereco,r2,1,False,True,False,False,False,False,Benguí,False
ChIJ5Xk7vk1hpJIRWXl5WWHEqUQ,FOX HAMBURGUERIA,-1.369021,-48.458267,4.900000,30,Benguí,DENTRO,-1,endereco,r2,1,False,True,False,False,False,False,Benguí,False
ChIJIwKLquphpJIRYwK9uufolGA,Acai Premium,-1.356737,-48.458809,1.000000,2,Benguí,DENTRO,-1,endereco,r2|r3,2,False,True,False,False,False,True,Benguí,False
ChIJM5YnaneKpJIR8HQ6zMC2o68,Açai Nando,-1.373763,-48.449689,2.000000,1,Benguí,DENTRO,-1,endereco,r2,1,False,True,False,False,False,False,Benguí,False
ChIJNzjB-keLpJIRkJdAvAP_Zlo,TEXAS HAMBÚRGUERIA ARTESANAL,-1.376355,-48.456435,5.000000,3,Benguí,DENTRO,-1,endereco,r2,1,False,True,False,False,False,False,Benguí,False
ChIJL6fqFk1hpJIRpQMSa-9QmoI,Açaí do enzo Belém,-1.350473,-48.460326,5.0,4,Benguí,DENTRO,-1,endereco,r1,1,True,False,False,False,False,False,Benguí,False
ChIJjQHsGwuLpJIRx8WqpHdPMCM,Açai Do Careca.,-1.376433,-48.467403,5.0,5,Benguí,DENTRO,-1,endereco,r1,1,True,False,False,False,False,False,Benguí,False
ChIJH8dS98iLpJIRU-RZYsegoIw,NOSSO AÇAÍ,-1.376783,-48.449875,4.9,14,Benguí,DENTRO,-1,endereco,r1|r3,2,True,False,False,False,False,True,Benguí,False
ChIJU8yJluKLpJIR8tGSELux0LA,Casa Do Açai,-1.37343,-48.456795,5.0,2,Benguí,DENTRO,-1,endereco,r1,1,True,False,False,False,False,False,Benguí,False
ChIJ198v3CaLpJIRPQl2NLW5P6Y,Açaí Do Rodival,-1.372906,-48.457032,4.8,19,Benguí,DENTRO,-1,endereco,r1|r3,2,True,False,False,False,False,True,Benguí,False
ChIJzzKTIKphpJIRC1IisdFiZuA,Villa Açaí Frozen,-1.368902,-48.458288,5.0,3,Benguí,DENTRO,-1,endereco,r1,1,True,False,False,False,False,False,Benguí,False
ChIJGREIK5aLpJIRahx4MPuoOpM,Açaí Sabor Da Ilha,-1.375294,-48.450555,5.0,8,Benguí,DENTRO,-1,endereco,r1|r3,2,True,False,False,False,False,True,Benguí,False
ChIJeygJb3KKpJIRq6acHSx3peo,Bengui Açai,-1.377945,-48.455509,4.7,36,Benguí,DENTRO,-1,endereco,r1|r3,2,True,False,False,False,False,True,Benguí,False
ChIJ30NcF3uKpJIRIBCJj_FKkPI,Açaí Do Letti,-1.377213,-48.445547,5.0,1,Benguí,DENTRO,-1,endereco,r1,1,True,False,False,False,False,False,Benguí,False
ChIJ3fmuQKyLpJIR7FqAe9AuiAo,Garagem do açaí gourmet,-1.374438,-48.45299,4.5,11,Benguí,DENTRO,-1,endereco,r1|r3,2,True,False,False,False,False,True,Benguí,False
ChIJ8d0K0KyLpJIR40Gssuo2NhU,Açaí Sabor da Ilha,-1.374757,-48.455216,5.0,1,Benguí,DENTRO,-1,endereco,r1|r3,2,True,False,False,False,False,True,Benguí,False
ChIJW_zpq_FhpJIR5Kjzwk859Ak,Açaí Sousa,-1.362237,-48.470995,0.0,0,Benguí,DENTRO,-1,endereco,r1,1,True,False,False,False,False,False,Benguí,False
ChIJE0sNCg6KpJIRv-fnH3n7L7Y,Açaí Do Pinto,-1.378038,-48.463832,5.0,2,Benguí,DENTRO,-1,endereco,r1,1,True,False,False,False,False,False,Benguí,False
ChIJN2h54YCLpJIRjjJPrdPOqlw,Rota do Açaí,-1.376523,-48.457499,5.0,1,Benguí,DENTRO,-1,endereco,r1,1,True,False,False,False,False,False,Benguí,False
ChIJ9SwursCLpJIRK_-9VmsK15Y,Açaí da salmo 23,-1.376371,-48.451642,5.0,1,Benguí,DENTRO,-1,endereco,r1,1,True,False,False,False,False,False,Benguí,False
ChIJORXT0XCKpJIR6npxw4k8NEY,+ Açaí Bengui,-1.375111,-48.450645,,1,Benguí,DENTRO,-1,endereco,r3,1,False,False,False,False,False,True,Benguí,False
ChIJF-AmsckUpJIR_PUNeHCr1xY,Sorvetes Laiun,-1.133575,-48.457297,,121,Bonfim,DENTRO,546,centroide,r3,1,False,False,False,False,False,True,Bonfim,False
ChIJ-X1WRgBlpJIRxo2QA97PMOs,Açai da Pérola,-1.286696,-48.47888,0.000000,0,Brasília,DENTRO,-1,endereco,r2|r3,2,False,True,False,False,False,True,Brasília,False
ChIJ5-UzwoNnpJIR2mPJNlhCISY,Sorveteria Pai D'égua,-1.279754,-48.470851,5.000000,9,Brasília,DENTRO,-1,endereco,r2,1,False,True,False,False,False,False,Brasília,False
ChIJP8Un7oOKpJIRFunmqlYYGuM,ACAI Marcio,-1.373935,-48.432942,0.0,0,Cabanagem,DENTRO,-1,endereco,r1,1,True,False,False,False,False,False,Cabanagem,False
ChIJrfE0SgBhpJIRfY603WVF2Qc,Açaí vip,-1.370278,-48.427518,0.0,0,Cabanagem,DENTRO,-1,endereco,r1,1,True,False,False,False,False,False,Cabanagem,False
ChIJKRzc8YaKpJIROXEsdEh8EUk,Açaí Do Edvaldo,-1.375833,-48.435418,0.0,0,Cabanagem,DENTRO,-1,endereco,r1,1,True,False,False,False,False,False,Cabanagem,False
ChIJb50QaSpgpJIRgv8mf3b2WoY,ACAI DUELVIS,-1.370038,-48.435441,0.0,0,Cabanagem,DENTRO,-1,endereco,r1,1,True,False,False,False,False,False,Cabanagem,False
ChIJN9aTgoKKpJIRleInWqo-p1g,ACAI GLEIC,-1.370689,-48.430684,0.0,0,Cabanagem,DENTRO,-1,endereco,r1,1,True,False,False,False,False,False,Cabanagem,False
ChIJHfxw6CJhpJIRpLJ9eIfnvz4,Portal do Açaí,-1.370492,-48.428928,5.0,1,Cabanagem,DENTRO,-1,endereco,r1,1,True,False,False,False,False,False,Cabanagem,False
ChIJ93N-filgpJIRUhr8WGbwMRQ,Acai Paraense,-1.368694,-48.433622,0.0,0,Cabanagem,DENTRO,-1,endereco,r1,1,True,False,False,False,False,False,Cabanagem,False
ChIJR1RItvFhpJIRRlvlmwzd1eQ,Açaí do Boquita,-1.368689,-48.431589,5.0,2,Cabanagem,DENTRO,-1,endereco,r1,1,True,False,False,False,False,False,Cabanagem,False
ChIJB2pTUYCKpJIR7Zv9frD7kTM,Açaí Da Lika,-1.372417,-48.436596,0.0,0,Cabanagem,DENTRO,-1,endereco,r1,1,True,False,False,False,False,False,Cabanagem,False
ChIJ-x9qNipgpJIRPyQWwUnXxVY,AÇAI DO RUI,-1.369245,-48.434915,0.0,0,Cabanagem,DENTRO,-1,endereco,r1,1,True,False,False,False,False,False,Cabanagem,False
ChIJx8pDy4phpJIRLkunmLQ8LP0,Açaí do Edinaldo,-1.365906,-48.437815,3.0,1,Cabanagem,DENTRO,-1,endereco,r1,1,True,False,False,False,False,False,Cabanagem,False
ChIJYauvOACLpJIRYqzRnsUsbtw,Açaí N e D,-1.374401,-48.42635,0.0,0,Cabanagem,DENTRO,-1,endereco,r1|r3,2,True,False,False,False,False,True,Cabanagem,False
ChIJw4FIZClgpJIR-MmYUOQM_Uc,Top Açai,-1.368313,-48.433336,0.0,0,Cabanagem,DENTRO,-1,endereco,r1,1,True,False,False,False,False,False,Cabanagem,False
ChIJFU-ZaipgpJIRzy237xf4wNI,Açai PURO SABOR,-1.369895,-48.435106,0.0,0,Cabanagem,DENTRO,-1,endereco,r1,1,True,False,False,False,False,False,Cabanagem,False
ChIJjRwQv8FhpJIRHNmfrhBiVyE,Açaí do vandeco,-1.36678,-48.438894,0.0,0,Cabanagem,DENTRO,-1,endereco,r1,1,True,False,False,False,False,False,Cabanagem,False
ChIJ70SeGABhpJIRPzf7nbhBl0M,Predileto açaí,-1.358826,-48.441789,0.0,0,Cabanagem,DENTRO,-1,endereco,r1,1,True,False,False,False,False,False,Cabanagem,False
ChIJvfQBwIeKpJIRG_ocJfTmi24,Bora Brocar Restaurante,-1.377517,-48.437982,3.9,100,Cabanagem,DENTRO,-1,endereco,r1,1,True,False,False,False,False,False,Cabanagem,False
ChIJoynSG7uLpJIR2J3j6SmRXec,AÇAÍ DEUS É MINHA LUZ,-1.374788,-48.441744,5.0,1,Cabanagem,DENTRO,-1,endereco,r1,1,True,False,False,False,False,False,Cabanagem,False
ChIJDTO-OACLpJIRV_k1WjRs8j4,Esquina das frutas,-1.368399,-48.436071,0.000000,0,Cabanagem,DENTRO,-1,endereco,r2,1,False,True,False,False,False,False,Cabanagem,False
ChIJ_xW1pe9hpJIRXwXDXeKN82s,SL-Açaí,-1.362552,-48.43318,4.9,8,Cabanagem,DENTRO,-1,endereco,r1,1,True,False,False,False,False,False,Cabanagem,False
ChIJSwYGfzJgpJIR8bj-D9zR3pk,Açaí do Cocota (Cabanagem),-1.363437,-48.436081,4.5,56,Cabanagem,DENTRO,-1,endereco,r1,1,True,False,False,False,False,False,Cabanagem,False
ChIJoz6HeF1hpJIRuBWmqwSlNA4,Cantinho do Açaí,-1.361552,-48.439484,4.8,6,Cabanagem,DENTRO,-1,endereco,r1,1,True,False,False,False,False,False,Cabanagem,False
ChIJeXrbO8JhpJIRx18KCd63lwE,SABOR AÇAÍ CONVENIÊNCIA,-1.370635,-48.43311,5.0,1,Cabanagem,DENTRO,-1,endereco,r1|r3,2,True,False,False,False,False,True,Cabanagem,False
ChIJL8gbFclhpJIRYuyJP-fddY0,Açaí RR,-1.359451,-48.437416,0.0,0,Cabanagem,DENTRO,-1,endereco,r1,1,True,False,False,False,False,False,Cabanagem,False
ChIJTeDFLwBhpJIR0IVikN_x7I0,Super Açaí,-1.3682,-48.436326,0.0,0,Cabanagem,DENTRO,-1,endereco,r1,1,True,False,False,False,False,False,Cabanagem,False
ChIJUZhJCgCLpJIR1HjIBWqVqDc,Açaí Nação 318,-1.368925,-48.433331,5.0,1,Cabanagem,DENTRO,-1,endereco,r1|r3,2,True,False,False,False,False,True,Cabanagem,False
ChIJBXgsOD-LpJIRpctnfFNZtmU,Ponto do Açai,-1.37294,-48.431197,5.0,2,Cabanagem,DENTRO,-1,endereco,r1,1,True,False,False,False,False,False,Cabanagem,False
ChIJ31sKGo-KpJIRB5pvNAVXKuM,Ponto Do Açaí,-1.379332,-48.43197,5.0,3,Cabanagem,DENTRO,-1,endereco,r1,1,True,False,False,False,False,False,Cabanagem,False
ChIJVwRUVs1hpJIRXT94FUYAqhs,Açaí BOM D+,-1.365214,-48.43662,4.8,10,Cabanagem,DENTRO,-1,endereco,r1,1,True,False,False,False,False,False,Cabanagem,False
ChIJ1anJ7aFhpJIR8eVd_f90FTU,Açaí DuElvis,-1.36776,-48.435827,4.4,35,Cabanagem,DENTRO,-1,endereco,r1|r3,2,True,False,False,False,False,True,Cabanagem,False
ChIJdbdJcJphpJIR0LO-IZe6Oms,Açaí ki delícia,-1.359128,-48.439603,5.0,3,Cabanagem,DENTRO,-1,endereco,r1,1,True,False,False,False,False,False,Cabanagem,False
ChIJX1D3AgBhpJIRISz7K1_9PW0,Açaí Ágape,-1.358827,-48.441871,0.0,0,Cabanagem,DENTRO,-1,endereco,r1,1,True,False,False,False,False,False,Cabanagem,False
ChIJ87mz3jJgpJIR2ug0hM475_g,Acai Salmo 128,-1.361915,-48.437808,0.0,0,Cabanagem,DENTRO,-1,endereco,r1,1,True,False,False,False,False,False,Cabanagem,False
ChIJATHliGBhpJIRJo0QgZeYiZY,Açaí da Saty,-1.359314,-48.43988,5.0,2,Cabanagem,DENTRO,-1,endereco,r1,1,True,False,False,False,False,False,Cabanagem,False
ChIJpyV5-HNhpJIRELiOCqO6FgY,PUROO AÇAI,-1.363406,-48.437032,5.0,5,Cabanagem,DENTRO,-1,endereco,r1,1,True,False,False,False,False,False,Cabanagem,False
ChIJtcXvUWBhpJIRLFoV-Mzxo_w,Açaí VIP Independência,-1.366017,-48.435292,4.8,5,Cabanagem,DENTRO,-1,endereco,r1|r3,2,True,False,False,False,False,True,Cabanagem,False
ChIJN1YVJzVhpJIRCK9vVPxDbI0,Açaí Prime,-1.359293,-48.43989,0.0,0,Cabanagem,DENTRO,-1,endereco,r1,1,True,False,False,False,False,False,Cabanagem,False
ChIJ5UnOJt2LpJIRbvZqgbgPewM,Açaí do rony,-1.371823,-48.43219,5.0,1,Cabanagem,DENTRO,-1,endereco,r1,1,True,False,False,False,False,False,Cabanagem,False
ChIJH18nbiBhpJIR7keysuTzgrE,Açaí Regional,-1.365382,-48.43093,0.0,0,Cabanagem,DENTRO,-1,endereco,r1,1,True,False,False,False,False,False,Cabanagem,False
ChIJ4bDguoeKpJIRE6xfUkP9EZ0,Acai da Eliete,-1.376824,-48.437023,5.0,1,Cabanagem,DENTRO,-1,endereco,r1,1,True,False,False,False,False,False,Cabanagem,False
ChIJi3bZ-FBhpJIRSCP2FeEe3GE,JB açaí gourmet,-1.369519,-48.442462,5.0,1,Cabanagem,DENTRO,-1,endereco,r1,1,True,False,False,False,False,False,Cabanagem,False
ChIJ_V46FgCLpJIRFOIi8kP5jos,ON Açaí,-1.371894,-48.430126,0.0,0,Cabanagem,DENTRO,-1,endereco,r1|r3,2,True,False,False,False,False,True,Cabanagem,False
ChIJwTbtQClgpJIRL5O_14wgaqQ,Açai Do Jhony,-1.36787,-48.432577,5.0,3,Cabanagem,DENTRO,-1,endereco,r1,1,True,False,False,False,False,False,Cabanagem,False
ChIJb5UZnKNnpJIRaXmFmPVUO5U,Vício do Açaí,-1.301824,-48.466587,4.700000,7,Campina de Icoaraci,CORRIGIDO,-1,auditoria_geo_2026,r2|r3,2,False,True,False,False,False,True,Campina,False
ChIJdzPsoPOOpJIRpbNHPUMnYJQ,Restaurante Sinhá - Buffet livre (Comida por quilo),-1.453791,-48.500245,4.500000,1089,Campina,DENTRO,-1,endereco,r2,1,False,True,False,False,False,False,Campina,False
ChIJey840HaPpJIRPMAeqsglK_I,Terrace Açai Gourmet,-1.448649,-48.500101,3.900000,82,Campina,DENTRO,-1,endereco,r2|r3,2,False,True,False,False,False,True,Campina,False
ChIJr5NrtF6PpJIRTYlcLlXbyLc,Point do Açaí Belle Époque Bar,-1.448743,-48.498461,4.600000,147,Campina,DENTRO,-1,endereco,r2|r3,2,False,True,False,False,False,True,Campina,False
ChIJD1G3ViuPpJIRlmMD1B1Q_Wo,Açaí Grill,-1.456027,-48.496618,4.000000,1,Campina,DENTRO,-1,endereco,r2,1,False,True,False,False,False,False,Campina,False
ChIJFQ0EWpWPpJIRdNjtxx65QQE,Live Açaí - Av. Presidente Vargas,-1.453129,-48.495147,4.400000,16,Campina,DENTRO,-1,endereco,r2,1,False,True,False,False,False,False,Campina,False
ChIJRbfPlPGOpJIRdhRB9bgHLEw,Feira do Açaí - Ver-o-Peso,-1.453664,-48.504418,4.500000,58,Campina,DENTRO,-1,endereco,r2,1,False,True,False,False,False,False,Campina,False
ChIJrT-SwF-OpJIRt3yG5jvJjoU,Restaurante Point do Açaí - Casarão,-1.448743,-48.498461,4.7,8001,Campina,DENTRO,-1,endereco,r1|r3,2,True,False,False,False,False,True,Campina,False
ChIJNyXMeCKLpJIRrRo5aSRu-7Y,Açaiteria Terra Açaí Soft,-1.450359,-48.501639,4.9,55,Campina,DENTRO,-1,endereco,r1|r3,2,True,False,False,False,False,True,Campina,False
ChIJNfWTbxGPpJIRtQWX3j6pEaA,Açaí Vip,-1.451769,-48.497226,,3,Campina,DENTRO,-1,endereco,r3,1,False,False,False,False,False,True,Campina,False
ChIJc8zFY-uOpJIRiQx3WQT5NYE,Cairu,-1.448864,-48.500364,,1051,Campina,DENTRO,-1,endereco,r3,1,False,False,False,False,False,True,Campina,False
ChIJS_VxNQBnpJIRxtUbvdQqKjc,Açaí mana,-1.294057,-48.467265,0.000000,0,Campina de Icoaraci,DENTRO,-1,endereco,r2|r3,2,False,True,False,False,False,True,Campina de Icoaraci,False
ChIJSxDY--RnpJIR0m39w7NYE3s,Sorveteria e Distribuidora Carneiro,-1.294902,-48.472191,0.000000,0,Campina de Icoaraci,DENTRO,-1,endereco,r2,1,False,True,False,False,False,False,Campina de Icoaraci,False
ChIJYZxdWFRnpJIRCz7AHms6xFY,Mercadinho e Açaí da Kátia,-1.291658,-48.47005,4.700000,3,Campina de Icoaraci,DENTRO,-1,endereco,r2|r3,2,False,True,False,False,False,True,Campina de Icoaraci,False
ChIJZ9gjWr1mpJIRIgxn4X8D4N4,Açai Da Jane,-1.298775,-48.468005,5.000000,2,Campina de Icoaraci,DENTRO,-1,endereco,r2|r3,2,False,True,False,False,False,True,Campina de Icoaraci,False
ChIJ_z9XmiJkpJIRaDWl0FlMkho,Mr. Mix Milk Shake - Belém (Icoaraci),-1.298491,-48.485774,4.800000,226,Campina de Icoaraci,DENTRO,-1,endereco,r2|r3,2,False,True,False,False,False,True,Campina de Icoaraci,False
ChIJmV81oOFnpJIRFlcZrL4_rU0,Restaurante Do Rivelino,-1.300141,-48.471145,4.000000,53,Campina de Icoaraci,DENTRO,-1,endereco,r2,1,False,True,False,False,False,False,Campina de Icoaraci,False
ChIJnxie5LBnpJIR1kHczI2NoXE,Açaí cristal o sabor da Amazônia,-1.301407,-48.46241,5.000000,1,Campina de Icoaraci,DENTRO,-1,endereco,r2,1,False,True,False,False,False,False,Campina de Icoaraci,False
ChIJr7caxKRmpJIRX-2eIzx6MX0,Império do Açai,-1.303373,-48.469627,5.000000,1,Campina de Icoaraci,DENTRO,-1,endereco,r2|r3,2,False,True,False,False,False,True,Campina de Icoaraci,False
ChIJs1ANX0plpJIRj6lqJlSEIa4,Orla de Icoaraci,-1.294902,-48.489964,4.700000,7103,Campina de Icoaraci,DENTRO,-1,endereco,r2,1,False,True,False,False,False,False,Campina de Icoaraci,False
ChIJtcJhfABnpJIRGvJagwhjVBY,Açaí Maracacuera,-1.301795,-48.464112,3.000000,2,Campina de Icoaraci,DENTRO,-1,endereco,r2|r3,2,False,True,False,False,False,True,Campina de Icoaraci,False
ChIJuzHZhQRnpJIRNGcJUO64QR4,Açaí DuNosso,-1.295954,-48.471509,4.200000,10,Campina de Icoaraci,DENTRO,-1,endereco,r2|r3,2,False,True,False,False,False,True,Campina de Icoaraci,False
ChIJyybxlZ1mpJIR1bL2Dr_7r-c,Ki-Açai,-1.293905,-48.477303,5.000000,6,Campina de Icoaraci,DENTRO,-1,endereco,r2|r3,2,False,True,False,False,False,True,Campina de Icoaraci,False
ChIJ48jU6JlmpJIRi6XM0fAu_CA,Açaí Abençoado OFICIAL,-1.295624,-48.469437,4.000000,75,Campina de Icoaraci,DENTRO,-1,endereco,r2|r3,2,False,True,False,False,False,True,Campina de Icoaraci,False
ChIJ4V6AU71mpJIR7i7k8xGN6X8,Açaí Ouro Preto,-1.298799,-48.468598,5.000000,1,Campina de Icoaraci,DENTRO,-1,endereco,r2|r3,2,False,True,False,False,False,True,Campina de Icoaraci,False
ChIJ7Wc9ep1mpJIR_4HvXbSKpoU,EGUA DO AÇAI,-1.293019,-48.478148,0.000000,0,Campina de Icoaraci,DENTRO,-1,endereco,r2,1,False,True,False,False,False,False,Campina de Icoaraci,False
ChIJ8Vi-mQ9npJIR9j85n9Uw_Mg,Box Grill,-1.299772,-48.474993,4.400000,178,Campina de Icoaraci,DENTRO,-1,endereco,r2,1,False,True,False,False,False,False,Campina de Icoaraci,False
ChIJ8yU9KbNnpJIRQo66NXPp3og,Tutti-Fruit Icoaraci,-1.299945,-48.472251,5.000000,10,Campina de Icoaraci,DENTRO,-1,endereco,r2,1,False,True,False,False,False,False,Campina de Icoaraci,False
ChIJAUREgdhnpJIRsf0nNdTMiso,Cria açaí,-1.289843,-48.472325,0.000000,0,Campina de Icoaraci,DENTRO,-1,endereco,r2|r3,2,False,True,False,False,False,True,Campina de Icoaraci,False
ChIJAwU5LuYKWA8R_nmdU0PMtvw,Açaí e Depósito de Água M.S,-1.298844,-48.468995,0.000000,0,Campina de Icoaraci,DENTRO,-1,endereco,r2|r3,2,False,True,False,False,False,True,Campina de Icoaraci,False
ChIJAxC9YChlpJIR0gwFEsohUzI,Açaí da vila,-1.300187,-48.471183,5.000000,2,Campina de Icoaraci,DENTRO,-1,endereco,r2|r3,2,False,True,False,False,False,True,Campina de Icoaraci,False
ChIJCTGQQABnpJIRHyfLf_BkowA,Ki-Cre me Açaí,-1.29823,-48.474795,0.000000,0,Campina de Icoaraci,DENTRO,-1,endereco,r2|r3,2,False,True,False,False,False,True,Campina de Icoaraci,False
ChIJD8fYj6lnpJIRO33fcbAHD-8,Açaí Show,-1.293997,-48.468045,5.000000,1,Campina de Icoaraci,DENTRO,-1,endereco,r2|r3,2,False,True,False,False,False,True,Campina de Icoaraci,False
ChIJF5JsESpnpJIRNW4ukts99YI,Sorveteria e Lanchonete Sabores no Ponto,-1.295965,-48.471971,0.000000,0,Campina de Icoaraci,DENTRO,-1,endereco,r2,1,False,True,False,False,False,False,Campina de Icoaraci,False
ChIJHf9_fZFnpJIRxH1nb_JM4PI,Esquina do açaí,-1.299107,-48.46239,5.000000,2,Campina de Icoaraci,DENTRO,-1,endereco,r2|r3,2,False,True,False,False,False,True,Campina de Icoaraci,False
ChIJHwkcC7hnpJIRQntEWomsT3g,Sorveteria A Era do Gelo,-1.294778,-48.472064,4.600000,10,Campina de Icoaraci,DENTRO,-1,endereco,r2,1,False,True,False,False,False,False,Campina de Icoaraci,False
ChIJJ2DNnOlnpJIRDe6ET44WR_g,Açai Dona Joana,-1.295568,-48.476743,5.000000,1,Campina de Icoaraci,DENTRO,-1,endereco,r2,1,False,True,False,False,False,False,Campina de Icoaraci,False
ChIJJ4UuTNRnpJIRXQR5Wv1F-eI,Rei do Açaí (Açai do irmão),-1.313019,-48.470421,5.000000,3,Campina de Icoaraci,DENTRO,-1,endereco,r2|r3,2,False,True,False,False,False,True,Campina de Icoaraci,False
ChIJJVuj2NFnpJIRVAs7G7Od2Ms,Açaí do kevin,-1.297922,-48.474283,0.000000,0,Campina de Icoaraci,DENTRO,-1,endereco,r2|r3,2,False,True,False,False,False,True,Campina de Icoaraci,False
ChIJGVPaQp9mpJIRLPKqwPKFxEs,Kibom Açaí,-1.29818,-48.474869,,3,Campina de Icoaraci,DENTRO,-1,endereco,r3,1,False,False,False,False,False,True,Campina de Icoaraci,False
ChIJEy5oApdmpJIRJTQMPy5lIx4,Casa com Piscina - Conforto na COP30 - Icoaraci - Belém - PA - Four-Bedroom House,-1.29637,-48.466309,,0,Campina de Icoaraci,DENTRO,-1,endereco,r3,1,False,False,False,False,False,True,Campina de Icoaraci,False
ChIJiVasQZ9mpJIRwrG2Bdf2G2Q,Feira da Ração,-1.29788,-48.474937,,171,Campina de Icoaraci,DENTRO,-1,endereco,r3,1,False,False,False,False,False,True,Campina de Icoaraci,False
ChIJ0QOxVwBnpJIRbcYuRux8Hak,Casa icoaraci,-1.297446,-48.467575,,0,Campina de Icoaraci,DENTRO,-1,endereco,r3,1,False,False,False,False,False,True,Campina de Icoaraci,False
ChIJJeHzRINnpJIRv7xpH0jvt9k,Casa Das Camisetas,-1.297964,-48.477719,,18,Campina de Icoaraci,DENTRO,-1,endereco,r3,1,False,False,False,False,False,True,Campina de Icoaraci,False
ChIJ2ekt4vxnpJIRyR-HCuHCIEE,Açaí Do Ambé,-1.290849,-48.458609,0.0,0,Campina de Icoaraci,DENTRO,694,centroide,r1,1,True,False,False,False,False,False,Campina de Icoaraci,False
ChIJveTCJQBhpJIR3ysUpJx7WAI,Açaí da Mata - Açaí Artesanal,-1.298329,-48.482132,3.7,3,Campina de Icoaraci,DENTRO,-1,endereco,r1|r3,2,True,False,False,False,False,True,Campina de Icoaraci,False
ChIJ_UH-gfxnpJIRnk4B_JCQGpY,açai karibe,-1.298518,-48.473253,5.0,3,Campina de Icoaraci,DENTRO,-1,endereco,r1|r3,2,True,False,False,False,False,True,Campina de Icoaraci,False
ChIJZ04hVZ9mpJIRk_WRL83qVpc,Sorveteria Açaiteria Vila Sorriso,-1.298547,-48.473788,0.0,0,Campina de Icoaraci,DENTRO,-1,endereco,r1|r3,2,True,False,False,False,False,True,Campina de Icoaraci,False
ChIJu4TZ_09npJIRSmFbnT9_5kQ,Sorveteria Açaíteria Vila Sorriso,-1.298619,-48.474829,0.0,0,Campina de Icoaraci,DENTRO,-1,endereco,r1,1,True,False,False,False,False,False,Campina de Icoaraci,False
ChIJCUfVmBdhpJIRFVNn8rnD6gY,DISTRIBUIDORA DE AÇAÍ E FARINHA SOARES,-1.328923,-48.449893,3.8,13,Campina de Icoaraci,DENTRO,-1,endereco,r1|r3,2,True,False,False,False,False,True,Campina de Icoaraci,False
ChIJPUQldoJnpJIRW2S3Ppf6QAk,Império do açai gourmet,-1.312528,-48.478527,0.0,0,Campina de Icoaraci,DENTRO,-1,endereco,r1|r3,2,True,False,False,False,False,True,Campina de Icoaraci,False
ChIJyYO6imxnpJIRbuwsi19mzJc,Açaí Betel,-1.309543,-48.470882,3.7,3,Campina de Icoaraci,DENTRO,-1,endereco,r1|r3,2,True,False,False,False,False,True,Campina de Icoaraci,False
ChIJNcvIGbdnpJIREu36m2IHmz0,Açaí favorito,-1.294738,-48.471799,0.0,0,Campina de Icoaraci,DENTRO,-1,endereco,r1|r3,2,True,False,False,False,False,True,Campina de Icoaraci,False
ChIJ9T_eGGNhpJIRthh7Z-24njE,Açai da Drika,-1.317137,-48.461975,5.0,1,Campina de Icoaraci,DENTRO,-1,endereco,r1|r3,2,True,False,False,False,False,True,Campina de Icoaraci,False
ChIJL_ek3q9mpJIR5OOUDvsLImo,Tj 2000 Açaí,-1.306942,-48.469013,5.0,1,Campina de Icoaraci,DENTRO,-1,endereco,r1|r3,2,True,False,False,False,False,True,Campina de Icoaraci,False
ChIJYdP-MAhhpJIR3WLDyZz8hDM,Deposito de água e bebida da pérola ltda,-1.298252,-48.459983,,0,Campina de Icoaraci,DENTRO,-1,endereco,r3,1,False,False,False,False,False,True,Campina de Icoaraci,False
ChIJoxhaDUthpJIRgKN9rxBDado,AÇAI da Irmã,-1.31438,-48.462441,,0,Campina de Icoaraci,DENTRO,-1,endereco,r3,1,False,False,False,False,False,True,Campina de Icoaraci,False
ChIJXbUyZQBhpJIR5Ea8-tNZlo8,AÇAÍ DO IAGO,-1.313387,-48.45722,,0,Campina de Icoaraci,DENTRO,-1,endereco,r3,1,False,False,False,False,False,True,Campina de Icoaraci,False
ChIJXc720MJhpJIRCt8anfbqXSE,Açaí da Gloria,-1.31432,-48.462075,,1,Campina de Icoaraci,DENTRO,-1,endereco,r3,1,False,False,False,False,False,True,Campina de Icoaraci,False
ChIJ_469NwBhpJIRamdk5UYu7Sg,"Casa da,Suzy",-1.329412,-48.454184,,0,Campina de Icoaraci,DENTRO,-1,endereco,r3,1,False,False,False,False,False,True,Campina de Icoaraci,False
ChIJ8TQpGgBhpJIRG0j2v8_FSZA,Casa da sogra,-1.33507,-48.459396,,0,Campina de Icoaraci,DENTRO,-1,endereco,r3,1,False,False,False,False,False,True,Campina de Icoaraci,False
ChIJf6uMOBmNpJIRLgVtHgGevZc,EGUA DO AÇAI BELÉM,-1.451628,-48.461303,4.8,45,Canudos,DENTRO,-1,endereco,r1|r3,2,True,False,False,False,False,True,Canudos,False
ChIJh1bwHQAVpJIRb5k3Ke6-Cis,Açaiteria Ponto Frio,-1.103352,-48.401205,0.000000,0,Carananduba,DENTRO,-1,endereco,r2|r3,2,False,True,False,False,False,True,Carananduba,False
ChIJhxIl-fgVpJIRgCfmHnpIfbY,Açaí point dos amigos,-1.101434,-48.412982,5.000000,2,Carananduba,DENTRO,-1,endereco,r2|r3,2,False,True,False,False,False,True,Carananduba,False
ChIJf_Z1GQ0VpJIRCYhPzhMYnR4,Mais açaí,-1.100216,-48.400712,,3,Carananduba,DENTRO,-1,endereco,r3,1,False,False,False,False,False,True,Carananduba,False
ChIJne3tTIAVpJIRUD3JwPbFl-Q,Ilhaçaí Frozen Carananduba,-1.093876,-48.409807,,1,Carananduba,DENTRO,-1,endereco,r3,1,False,False,False,False,False,True,Carananduba,False
ChIJ5eKLuIQVpJIRQliyd08OGZQ,Açaí da Rosy,-1.09623,-48.408141,,2,Carananduba,DENTRO,-1,endereco,r3,1,False,False,False,False,False,True,Carananduba,False
ChIJMYsd8doVpJIR_jUHL6tJy-s,Sorveteria & Pizzaria KATI MOSQUEIRO,-1.096298,-48.411032,,39,Carananduba,DENTRO,-1,endereco,r3,1,False,False,False,False,False,True,Carananduba,False
ChIJDd-vbdoVpJIRIPljPrKbvY4,Açaí Point Dos Amigos,-1.094019,-48.402125,,2,Carananduba,DENTRO,-1,endereco,r3,1,False,False,False,False,False,True,Carananduba,False
ChIJE0-ctUYVpJIR3Fom5UfKFgo,Império do Açaí,-1.100836,-48.401063,,4,Carananduba,DENTRO,-1,endereco,r3,1,False,False,False,False,False,True,Carananduba,False
ChIJXxSZtgCLpJIR1W1BsO7_CCE,Açai da Larinha,-1.402408,-48.431516,5.000000,18,Castanheira,DENTRO,-1,endereco,r2|r3,2,False,True,False,False,False,True,Castanheira,False
ChIJeeFxtryLpJIRM-FQe-ucdBs,Assaí Atacadista,-1.4094,-48.437507,4.500000,928,Castanheira,DENTRO,-1,endereco,r2,1,False,True,False,False,False,False,Castanheira,False
ChIJpRNKywlhpJIR1xYLQAz9rdA,Açaí Do Rogério,-1.341166,-48.45125,0.000000,0,Castanheira,DENTRO,-1,endereco,r2,1,False,True,False,False,False,False,Castanheira,False
ChIJqU_0Av6KpJIR575v5PhVD4c,POLPAS BELEM,-1.399921,-48.434244,5.000000,8,Castanheira,DENTRO,-1,endereco,r2,1,False,True,False,False,False,False,Castanheira,False
ChIJffez-2GLpJIRZPM8P2nAP30,Açaítería Mister,-1.401915,-48.431998,4.2,19,Castanheira,DENTRO,-1,endereco,r1|r3,2,True,False,False,False,False,True,Castanheira,False
ChIJwcfwDP6KpJIRu0Gjw5PMJFE,Sabor do Açaí,-1.399162,-48.434182,,21,Castanheira,DENTRO,-1,endereco,r3,1,False,False,False,False,False,True,Castanheira,False
ChIJHzc80W2LpJIRSgof6YrafLU,Residencial Açaí,-1.403585,-48.425442,,2,Castanheira,DENTRO,-1,endereco,r3,1,False,False,False,False,False,True,Castanheira,False
ChIJ528_FgAVpJIRE7CRSMaffYs,Sol e Mar - Açaiteria,-1.130047,-48.452889,5.000000,2,Chapéu Virado,DENTRO,-1,endereco,r2|r3,2,False,True,False,False,False,True,Chapéu Virado,False
ChIJ_xfXB5UVpJIRKt2RYwILwqw,Açai do Moisés,-1.132202,-48.448739,,0,Chapéu Virado,DENTRO,-1,endereco,r3,1,False,False,False,False,False,True,Chapéu Virado,False
ChIJyw6RaMgUpJIRMziFeRWuYuQ,Praia do Chapéu Virado,-1.131926,-48.456917,,4855,Chapéu Virado,DENTRO,-1,endereco,r3,1,False,False,False,False,False,True,Chapéu Virado,False
ChIJ5WO4FdUVpJIRo0FBsHCZtZA,Açaí da Renatinha,-1.138489,-48.459555,,0,Chapéu Virado,DENTRO,-1,endereco,r3,1,False,False,False,False,False,True,Chapéu Virado,False
ChIJRXhJ5O9rpJIRh21LRqgi37Y,Restaurante da ilha,-1.136985,-48.45862,,73,Chapéu Virado,DENTRO,-1,endereco,r3,1,False,False,False,False,False,True,Chapéu Virado,False
ChIJv95KmsxhpJIRJO6xYsAJ-cw,Acai NORTE,-1.3603,-48.440405,0.0,0,Cidade Velha,DENTRO,-1,endereco,r1,1,True,False,False,False,False,False,Cidade Velha,False
ChIJBwuxluyOpJIRL26q03NpAtY,Restaurante Point do Açaí,-1.463961,-48.499313,4.6,2200,Cidade Velha,DENTRO,-1,endereco,r1|r3,2,True,False,False,False,False,True,Cidade Velha,False
ChIJxXdDNQCPpJIR6txUzAjMLpM,Casa do Açaí Belém - DEVISA/SESMA,-1.463537,-48.499795,4.0,5,Cidade Velha,DENTRO,-1,endereco,r1|r3,2,True,False,False,False,False,True,Cidade Velha,False
ChIJuQRq7l6OpJIREsc17eGIvgc,Point do Açaí Central de Processamento e Distribuição,-1.462607,-48.501841,,82,Cidade Velha,DENTRO,-1,endereco,r3,1,False,False,False,False,False,True,Cidade Velha,False
ChIJc4C3cgCPpJIRD7ZNVwEVadQ,Açaí Tuíra,-1.460178,-48.49858,,1,Cidade Velha,DENTRO,-1,endereco,r3,1,False,False,False,False,False,True,Cidade Velha,False
ChIJv6malD2PpJIRiYduxyQQBWI,Açaí do R9 e Assados.,-1.466972,-48.502334,,25,Cidade Velha,DENTRO,-1,endereco,r3,1,False,False,False,False,False,True,Cidade Velha,False
ChIJT7PxV0OOpJIR5OqVOvmWknM,Açaí do Biro,-1.467823,-48.503672,,9,Cidade Velha,DENTRO,-1,endereco,r3,1,False,False,False,False,False,True,Cidade Velha,False
ChIJTSIKQnaOpJIR5ZvI9w-EQi4,Açai Do Naldo,-1.469455,-48.480091,3.500000,10,Condor,DENTRO,-1,endereco,r2,1,False,True,False,False,False,False,Condor,False
ChIJh0XkK96NpJIRs6vRvie7WVw,Kiara Self-service Sorvetes Pizzaria e Açais (Em Breva Hamburgue artesanal),-1.475211,-48.475679,4.100000,138,Condor,DENTRO,-1,endereco,r2,1,False,True,False,False,False,False,Condor,False
ChIJvxHvrjKNpJIRLg5pt_4ttys,Açaí pai d'égua,-1.46768,-48.475387,4.900000,29,Condor,DENTRO,-1,endereco,r2|r3,2,False,True,False,False,False,True,Condor,False
ChIJ4SVspu-PpJIRp1DegHDiaTI,Açaiteria Ki-delicia,-1.47002,-48.478941,3.5,8,Condor,DENTRO,-1,endereco,r1|r3,2,True,False,False,False,False,True,Condor,False
ChIJ4Zz6kwZhpJIRRVL2wp2FILI,Açaí Mix Frozen,-1.353571,-48.437416,3.5,2,Coqueiro,DENTRO,-1,endereco,r1,1,True,False,False,False,False,False,Coqueiro,False
ChIJsRflTwBhpJIRF1LYLiaFrq8,Açaí DuElvis,-1.331087,-48.446869,1.0,4,Coqueiro,DENTRO,-1,endereco,r1|r3,2,True,False,False,False,False,True,Coqueiro,False
ChIJW2dBX3FhpJIRHMYBZuT0cGM,Muaná Açaí,-1.35266,-48.444857,0.000000,0,Coqueiro,DENTRO,-1,endereco,r2,1,False,True,False,False,False,False,Coqueiro,False
ChIJ_1TyQF5hpJIRzHbINeYLhnU,Artes Salmo 23 Bordado computadorizado e Confecção de blusa esportiva,-1.331485,-48.448527,0.000000,0,Coqueiro,DENTRO,-1,endereco,r2,1,False,True,False,False,False,False,Coqueiro,False
ChIJcW1MH7FhpJIRgm5uH2C8pF0,Açaí do Leandro,-1.355765,-48.4368,0.000000,0,Coqueiro,DENTRO,-1,endereco,r2,1,False,True,False,False,False,False,Coqueiro,False
ChIJhwp0HABhpJIR6C9c2X0XyC0,Açaí do Perema,-1.337806,-48.435744,0.000000,0,Coqueiro,DENTRO,-1,endereco,r2,1,False,True,False,False,False,False,Coqueiro,False
ChIJmw8kgeJhpJIRY6glfFSiX7s,égua D'usabor,-1.342539,-48.445029,3.900000,12,Coqueiro,DENTRO,-1,endereco,r2,1,False,True,False,False,False,False,Coqueiro,False
ChIJt7ERd99hpJIR509A8YuTXoE,Acaizeiro,-1.35687,-48.442581,0.000000,0,Coqueiro,DENTRO,-1,endereco,r2,1,False,True,False,False,False,False,Coqueiro,False
ChIJvdMkfgBhpJIRbVwt38xGmzg,PRISA AÇAÍ,-1.333145,-48.44243,0.000000,0,Coqueiro,DENTRO,-1,endereco,r2,1,False,True,False,False,False,False,Coqueiro,False
ChIJw3S992phpJIRsFH-sE7IDcc,Tacacá do Renato,-1.356616,-48.453871,4.100000,108,Coqueiro,DENTRO,-1,endereco,r2,1,False,True,False,False,False,False,Coqueiro,False
ChIJ56v-2RNhpJIR_qSjiX-IBYU,vit açaí,-1.344341,-48.447537,5.000000,1,Coqueiro,DENTRO,-1,endereco,r2,1,False,True,False,False,False,False,Coqueiro,False
ChIJH78HZK5hpJIReHo3ghEtEQE,Fabi - Hamburgueria Artesanal e Salgaderia II,-1.340853,-48.445545,4.300000,177,Coqueiro,DENTRO,903,centroide,r2,1,False,True,False,False,False,False,Coqueiro,False
ChIJJxQKvHNhpJIRawtyDwGgco4,Maioca - Sorveteria Artesanal,-1.346121,-48.451444,4.400000,119,Coqueiro,DENTRO,-1,endereco,r2,1,False,True,False,False,False,False,Coqueiro,False
ChIJKW_1kthhpJIRLxv9REcBwgQ,Tacacá&CIA,-1.350442,-48.445139,4.700000,23,Coqueiro,DENTRO,-1,endereco,r2,1,False,True,False,False,False,False,Coqueiro,False
ChIJNYmUA5JhpJIRS4JQmvneecY,Açaí do Silvio,-1.342687,-48.45076,5.000000,1,Coqueiro,DENTRO,-1,endereco,r2,1,False,True,False,False,False,False,Coqueiro,False
ChIJPzQsOLhhpJIRV_0oTjPXwAs,Sorveteria Albuquerque,-1.353983,-48.437695,4.600000,7,Coqueiro,DENTRO,-1,endereco,r2,1,False,True,False,False,False,False,Coqueiro,False
ChIJSWx8NgBhpJIRqGZiFdfgKWI,Sorveteria Fiorella,-1.330378,-48.437926,4.900000,12,Coqueiro,DENTRO,-1,endereco,r2,1,False,True,False,False,False,False,Coqueiro,False
ChIJZ7aHxoBgpJIRD8o1cMo8g_g,Assaí Atacadista,-1.358877,-48.429494,4.3,5313,Coqueiro,DENTRO,-1,endereco,r1|r3,2,True,False,False,False,False,True,Coqueiro,False
ChIJCQQFD3NhpJIR0SWb1IkpuHs,Companhia Paraense | Comidas | Bebidas | Lazer,-1.356439,-48.438524,4.4,20,Coqueiro,DENTRO,-1,endereco,r1,1,True,False,False,False,False,False,Coqueiro,False
ChIJXxN_wy1hpJIRsSpwOTRZZJM,Guaraná Amazon,-1.361543,-48.426738,5.0,2,Coqueiro,DENTRO,-1,endereco,r1,1,True,False,False,False,False,False,Coqueiro,False
ChIJgQujpU1gpJIRT1F9wsdN0wo,AÇAÍ DO TIO GRAÇA,-1.350316,-48.436211,4.4,138,Coqueiro,DENTRO,-1,endereco,r1,1,True,False,False,False,False,False,Coqueiro,False
ChIJgZ5LErVhpJIRPHimD_F_Wy0,Açaí Ki-Delícia,-1.346769,-48.449653,4.4,21,Coqueiro,DENTRO,-1,endereco,r1|r3,2,True,False,False,False,False,True,Coqueiro,False
ChIJydLewF9hpJIRQIonn0-q654,North Açai Belém,-1.332248,-48.443771,5.0,17,Coqueiro,DENTRO,-1,endereco,r1|r3,2,True,False,False,False,False,True,Coqueiro,False
ChIJK26t5IJhpJIReiHhtpvPrBQ,Açaí do Pateta,-1.331391,-48.441993,4.8,133,Coqueiro,DENTRO,-1,endereco,r1|r3,2,True,False,False,False,False,True,Coqueiro,False
ChIJdXM79gdhpJIRAv1iXWk8tYg,Açaí Mano A Mano,-1.34194,-48.447891,4.9,49,Coqueiro,DENTRO,1008,centroide,r1|r3,2,True,False,False,False,False,True,Coqueiro,False
ChIJkfAqoZdhpJIRIGf9vYZSLKE,Açaíteria Maguari,-1.331217,-48.442043,4.7,58,Coqueiro,DENTRO,-1,endereco,r1|r3,2,True,False,False,False,False,True,Coqueiro,False
ChIJ3a2vDhphpJIRMmdM1GKqT4k,Açaí Pirâmide,-1.331635,-48.448472,4.5,273,Coqueiro,DENTRO,-1,endereco,r1|r3,2,True,False,False,False,False,True,Coqueiro,False
ChIJzTgSuVxhpJIRQbpgu9NYcf0,Açaí da Neia,-1.351888,-48.436774,5.0,2,Coqueiro,DENTRO,-1,endereco,r1,1,True,False,False,False,False,False,Coqueiro,False
ChIJJT_v6_NhpJIRb8AKLkEn2XI,Açaí do Zé Maria,-1.362313,-48.426352,5.0,12,Coqueiro,DENTRO,-1,endereco,r1,1,True,False,False,False,False,False,Coqueiro,False
ChIJSx4Hj5JhpJIRUk6GZuJ-qAk,Açaí do Abraão,-1.340731,-48.443412,4.9,23,Coqueiro,DENTRO,-1,endereco,r1,1,True,False,False,False,False,False,Coqueiro,False
ChIJWYoIj-FgpJIRaxzC7NM_Xpw,Açaí do Juruba,-1.330379,-48.437043,5.0,1,Coqueiro,DENTRO,-1,endereco,r1,1,True,False,False,False,False,False,Coqueiro,False
ChIJOfOcYgBhpJIRMIzw0tYKj8M,Açaí Puro sabor,-1.329282,-48.432431,0.0,0,Coqueiro,DENTRO,-1,endereco,r1,1,True,False,False,False,False,False,Coqueiro,False
ChIJX6vKnk9hpJIRDnAdGhj4--c,açaí com tudo,-1.329097,-48.44983,0.0,0,Coqueiro,DENTRO,-1,endereco,r1,1,True,False,False,False,False,False,Coqueiro,False
ChIJxUUYFxphpJIRp88R7zHS3b0,AÇAI KIDELÍCIA,-1.331471,-48.447725,0.0,0,Coqueiro,DENTRO,-1,endereco,r1,1,True,False,False,False,False,False,Coqueiro,False
ChIJQRq7SwBhpJIRB3ah95Il-dQ,Açaí do jimy,-1.342108,-48.450549,0.0,0,Coqueiro,DENTRO,-1,endereco,r1,1,True,False,False,False,False,False,Coqueiro,False
ChIJeTCkFhxhpJIRE0FcnnSNfJg,AÇAÍ O PIAUÍ,-1.331599,-48.443136,4.0,8,Coqueiro,DENTRO,-1,endereco,r1,1,True,False,False,False,False,False,Coqueiro,False
ChIJ89v8Hhi9Q2cRdcLxBCrRlMU,Sabor Do Açaí,-1.331703,-48.448768,3.0,6,Coqueiro,DENTRO,-1,endereco,r1,1,True,False,False,False,False,False,Coqueiro,False
ChIJ36rhdl5hpJIR4KgY-LHuEUo,Açaí três irmãos Tapanã,-1.333674,-48.45648,0.0,0,Coqueiro,DENTRO,1035,centroide,r1,1,True,False,False,False,False,False,Coqueiro,False
ChIJ8fHnwz5hpJIRFRcYvBm-YrY,Delicias e Sabores,-1.331345,-48.448284,4.8,18,Coqueiro,DENTRO,-1,endereco,r1,1,True,False,False,False,False,False,Coqueiro,False
ChIJ-ddzVZVhpJIRK6pSZSxJU2Q,Açaí da samara,-1.329294,-48.451176,0.0,0,Coqueiro,DENTRO,596,centroide,r1|r3,2,True,False,False,False,False,True,Coqueiro,False
ChIJO6MCeABhpJIRuEjT8XZn19Q,PONTO DO AÇAÍ,-1.340736,-48.443607,0.0,0,Coqueiro,DENTRO,958,centroide,r1,1,True,False,False,False,False,False,Coqueiro,False
ChIJ9XyoECxhpJIRrdbm318oTMY,Açai da principal,-1.330975,-48.445266,1.0,1,Coqueiro,DENTRO,-1,endereco,r1,1,True,False,False,False,False,False,Coqueiro,False
ChIJ7_of4x1hpJIRL3YiqaU3c9Q,Açaí Real,-1.330915,-48.439456,3.5,6,Coqueiro,DENTRO,-1,endereco,r1,1,True,False,False,False,False,False,Coqueiro,False
ChIJG8S_3M5hpJIRN9YNtydslbU,Açaí e Assados Salmo 23,-1.341029,-48.443896,3.6,20,Coqueiro,DENTRO,-1,endereco,r1,1,True,False,False,False,False,False,Coqueiro,False
ChIJC7UJgRFhpJIRe6jltkVD4gs,Açaí Ouro Do Pará,-1.330265,-48.437276,4.3,6,Coqueiro,DENTRO,-1,endereco,r1,1,True,False,False,False,False,False,Coqueiro,False
ChIJ9b1jp11hpJIRkGPzo3_9aA8,Açaí do Ronaldo,-1.347332,-48.43915,4.9,35,Coqueiro,DENTRO,-1,endereco,r1|r3,2,True,False,False,False,False,True,Coqueiro,False
ChIJY629w85hpJIRe7yrji_Z6kg,Açaí do J'R,-1.356375,-48.439613,5.0,2,Coqueiro,DENTRO,-1,endereco,r1,1,True,False,False,False,False,False,Coqueiro,False
ChIJqWC0ncphpJIRONBu3ngiPoc,Esquina Do Açaí,-1.356412,-48.440411,4.4,61,Coqueiro,DENTRO,-1,endereco,r1,1,True,False,False,False,False,False,Coqueiro,False
ChIJDclwLQBhpJIR3zrczOM6r-0,Rua açaí,-1.35882,-48.435778,5.0,1,Coqueiro,DENTRO,-1,endereco,r1,1,True,False,False,False,False,False,Coqueiro,False
ChIJsdMOfACLpJIRnxXwwvbo5vg,Açaí da Lunna,-1.372748,-48.428278,0.0,0,Coqueiro,DENTRO,-1,endereco,r1|r3,2,True,False,False,False,False,True,Coqueiro,False
ChIJSTX_HztgpJIR00_ztg9UYTw,Sabor Açai,-1.362128,-48.426398,5.0,1,Coqueiro,DENTRO,-1,endereco,r1,1,True,False,False,False,False,False,Coqueiro,False
ChIJ5d5DKABhpJIRH-FGWWDAmLI,Açaí Marajoara,-1.360532,-48.4344,5.0,2,Coqueiro,DENTRO,-1,endereco,r1,1,True,False,False,False,False,False,Coqueiro,False
ChIJR65hpTJhpJIRg8pPJhZzckY,Point do Açaí,-1.352655,-48.437066,4.7,9,Coqueiro,DENTRO,-1,endereco,r1,1,True,False,False,False,False,False,Coqueiro,False
ChIJbb63fV1hpJIR9xPeFO1kp84,Açaí e Mercadinho da Mari,-1.333903,-48.449363,4.4,21,Coqueiro,DENTRO,-1,endereco,r1,1,True,False,False,False,False,False,Coqueiro,False
ChIJX-6EH0xhpJIRTTjpmTXaFEQ,Açaí d+,-1.330639,-48.438288,4.0,2,Coqueiro,DENTRO,-1,endereco,r1,1,True,False,False,False,False,False,Coqueiro,False
ChIJWwYNFRxhpJIRRiyxm0ADZ38,Sorveteria Real,-1.331685,-48.44251,4.8,58,Coqueiro,DENTRO,-1,endereco,r1,1,True,False,False,False,False,False,Coqueiro,False
ChIJx4iiLuCLpJIRnkXUGe0mT3U,Açaí,-1.373579,-48.422472,,0,Coqueiro,DENTRO,-1,endereco,r3,1,False,False,False,False,False,True,Coqueiro,False
ChIJC7LnNX5hpJIRQ4CSrFvo1hg,Casa da Luana,-1.329096,-48.453897,,1,Coqueiro,DENTRO,856,centroide,r3,1,False,False,False,False,False,True,Coqueiro,False
ChIJW1xA_SuMpJIR4PzPXVbOwqQ,Casa do Açaí,-1.456619,-48.474346,3.900000,48,Cremação,DENTRO,-1,endereco,r2|r3,2,False,True,False,False,False,True,Cremação,False
ChIJy0qNFQCNpJIRw6lAmROE7jU,Açaíze Gastronomia Paraense,-1.458001,-48.475343,4.400000,110,Cremação,DENTRO,-1,endereco,r2|r3,2,False,True,False,False,False,True,Cremação,False
ChIJ2X7kWfKPpJIRoWHdOm7uXjk,Açaí no Ponto,-1.467321,-48.487375,5.000000,1,Cremação,DENTRO,-1,endereco,r2,1,False,True,False,False,False,False,Cremação,False
ChIJS0rUzYGOpJIRWr88JSfFzFs,Açai Tropical,-1.458056,-48.4792,3.900000,25,Cremação,DENTRO,-1,endereco,r2,1,False,True,False,False,False,False,Cremação,False
ChIJ6XBWtWmNpJIRNAJPZhllCrU,Ki-Delicia de Açaí,-1.466243,-48.47663,5.0,4,Cremação,DENTRO,-1,endereco,r1,1,True,False,False,False,False,False,Cremação,False
ChIJbVl2L8-PpJIRzf-r29ne2bY,Delas Açaiteria,-1.45824,-48.481785,5.0,2,Cremação,DENTRO,-1,endereco,r1,1,True,False,False,False,False,False,Cremação,False
ChIJC99BQHyNpJIRwQRhe22UflE,Açaí do Seu Ronaldo-Açaí 3 M,-1.46141,-48.477847,,2,Cremação,DENTRO,-1,endereco,r3,1,False,False,False,False,False,True,Cremação,False
ChIJY-HECwBlpJIRjJez12XSoas,Açaí da Esquina,-1.296113,-48.483738,0.000000,0,Cruzeiro,DENTRO,-1,endereco,r2|r3,2,False,True,False,False,False,True,Cruzeiro,False
ChIJZ104_tplpJIR0lqv8MRFfGo,Açaí da Graça,-1.29539,-48.483722,4.800000,13,Cruzeiro,DENTRO,-1,endereco,r2|r3,2,False,True,False,False,False,True,Cruzeiro,False
ChIJlR6OCrJlpJIRSecEgwx2gjQ,Sorveteria Manáh!,-1.298867,-48.483751,4.900000,82,Cruzeiro,DENTRO,-1,endereco,r2|r3,2,False,True,False,False,False,True,Cruzeiro,False
ChIJm3RVcjZlpJIR5y042RJ73eg,Hassay da Amazônia,-1.297628,-48.485772,5.000000,1,Cruzeiro,DENTRO,-1,endereco,r2|r3,2,False,True,False,False,False,True,Cruzeiro,False
ChIJqZLpzBhkpJIRbmBzxR5C_Ts,Líder Icoaraci,-1.30003,-48.483814,4.000000,4935,Cruzeiro,DENTRO,-1,endereco,r2,1,False,True,False,False,False,False,Cruzeiro,False
ChIJseDzZSJkpJIRxlgLgPO_81c,Tapiocaria Regional (Icoaraci),-1.304648,-48.483476,4.800000,1147,Cruzeiro,DENTRO,-1,endereco,r2,1,False,True,False,False,False,False,Cruzeiro,False
ChIJu1UGoZ9mpJIRWWx1KMhDG4w,Mette ACAI,-1.297669,-48.476413,0.000000,0,Cruzeiro,DENTRO,-1,endereco,r2|r3,2,False,True,False,False,False,True,Cruzeiro,False
ChIJvwGxUx9kpJIRhQK5xeTy4aU,ACAI ESTRELA,-1.299165,-48.483518,4.800000,17,Cruzeiro,DENTRO,-1,endereco,r2|r3,2,False,True,False,False,False,True,Cruzeiro,False
ChIJ1Xwh7hJlpJIRYgwofWEKlQg,Restô da Villa Prime,-1.300036,-48.489425,4.800000,805,Cruzeiro,DENTRO,-1,endereco,r2,1,False,True,False,False,False,False,Cruzeiro,False
ChIJ5Xp0ebJnpJIRspwqLq87Ry0,Solar Açai Icoaraci,-1.295541,-48.478163,5.000000,1,Cruzeiro,DENTRO,-1,endereco,r2|r3,2,False,True,False,False,False,True,Cruzeiro,False
ChIJ7eV3KQBlpJIRv7-Bh2b1YjA,AÇAI SUPREMO,-1.291918,-48.481748,5.000000,1,Cruzeiro,DENTRO,-1,endereco,r2|r3,2,False,True,False,False,False,True,Cruzeiro,False
ChIJ9-swNgBlpJIRZk_QQkpLFVw,Feira do Açaí de Icoarací,-1.298547,-48.489726,5.000000,1,Cruzeiro,DENTRO,-1,endereco,r2|r3,2,False,True,False,False,False,True,Cruzeiro,False
ChIJB_Ga6J9mpJIRwH9KCshZvKY,DOM açai,-1.297972,-48.478069,5.000000,1,Cruzeiro,DENTRO,-1,endereco,r2|r3,2,False,True,False,False,False,True,Cruzeiro,False
ChIJEW5hvzxkpJIRyoAdDXSGSTA,Tony Lanches Complexo Gastronômico,-1.296275,-48.489719,4.400000,259,Cruzeiro,DENTRO,-1,endereco,r2,1,False,True,False,False,False,False,Cruzeiro,False
ChIJOVLpFCBkpJIRdZz8MPg8ngU,Delícias da Vila,-1.297807,-48.479896,4.300000,3100,Cruzeiro,DENTRO,-1,endereco,r2,1,False,True,False,False,False,False,Cruzeiro,False
ChIJ28ns_J1mpJIRXI8qYNplQVU,Acai Jesus,-1.294924,-48.478204,,0,Cruzeiro,DENTRO,-1,endereco,r3,1,False,False,False,False,False,True,Cruzeiro,False
ChIJo6bWtwxlpJIR_6GJbcEHkaI,Açaí Ki-Delícia,-1.294334,-48.482141,,7,Cruzeiro,DENTRO,-1,endereco,r3,1,False,False,False,False,False,True,Cruzeiro,False
ChIJqaTF6x9kpJIR6rKC6Zw2xiQ,ACAI ESTRELA,-1.299532,-48.479714,,0,Cruzeiro,DENTRO,-1,endereco,r3,1,False,False,False,False,False,True,Cruzeiro,False
ChIJjcLCyLVlpJIRRxCWXIoHqG4,Restaurante Cruzeiro,-1.295128,-48.489668,,46,Cruzeiro,DENTRO,-1,endereco,r3,1,False,False,False,False,False,True,Cruzeiro,False
ChIJTfZna6RlpJIR5V1VEBgbmpg,Açaí do seu Mario,-1.296636,-48.489748,,0,Cruzeiro,DENTRO,-1,endereco,r3,1,False,False,False,False,False,True,Cruzeiro,False
ChIJBf7ldoplpJIRxZnSY9bleX0,Açaí sabor paraense,-1.299537,-48.479732,,0,Cruzeiro,DENTRO,-1,endereco,r3,1,False,False,False,False,False,True,Cruzeiro,False
ChIJ4anBOABlpJIRopLeS86NFDs,Açaí Conveniência,-1.295614,-48.481691,,0,Cruzeiro,DENTRO,-1,endereco,r3,1,False,False,False,False,False,True,Cruzeiro,False
ChIJ6ZcWxRhkpJIRT6NJFwpkISQ,Cia do Açaí,-1.300176,-48.48443,4.9,16,Cruzeiro,DENTRO,-1,endereco,r1|r3,2,True,False,False,False,False,True,Cruzeiro,False
ChIJJ7A_XPFlpJIR6rEoPqf-0KI,Açaíteria & Sorveteria Da Villa,-1.297837,-48.485972,0.0,0,Cruzeiro,DENTRO,-1,endereco,r1|r3,2,True,False,False,False,False,True,Cruzeiro,False
ChIJjSHNPgBlpJIRGvcS5ulkTDM,Geladus açaiteria,-1.300139,-48.48158,5.0,1,Cruzeiro,DENTRO,-1,endereco,r1|r3,2,True,False,False,False,False,True,Cruzeiro,False
ChIJtd56IqZnpJIRYxVtMcRLucI,AÇAI DEUS É FIEL,-1.309121,-48.477187,5.0,9,Cruzeiro,DENTRO,-1,endereco,r1|r3,2,True,False,False,False,False,True,Cruzeiro,False
ChIJNWKaFBhlpJIRCBe7hdndsrU,Açaí parauara,-1.291999,-48.481532,5.0,3,Cruzeiro,DENTRO,-1,endereco,r1|r3,2,True,False,False,False,False,True,Cruzeiro,False
ChIJpyONjo9lpJIRymQQAKRhZJ4,Mr. Mix Milk Shake - Belém (Icoaraci Orla),-1.297932,-48.489617,4.8,176,Cruzeiro,DENTRO,-1,endereco,r1|r3,2,True,False,False,False,False,True,Cruzeiro,False
ChIJm1SU2IWLpJIRQbHlg9GcYPg,Açaí Do Davi,-1.426596,-48.446578,4.800000,12,Curió-Utinga,DENTRO,-1,endereco,r2,1,False,True,False,False,False,False,Curió-Utinga,False
ChIJD74MaxCNpJIRoHNlX70rawk,Balneário Restaurante Paraiso Verde,-1.458507,-48.418483,,446,Curió-Utinga,DENTRO,-1,endereco,r3,1,False,False,False,False,False,True,Curió-Utinga,False
ChIJqdgN6PePpJIRIweuJTyIS0s,Maná Pizza Burguer,-1.137947,-48.459302,,78,Farol,DENTRO,-1,endereco,r3,1,False,False,False,False,False,True,Farol,False
ChIJreYtf8oUpJIR6taK4St808I,Comercial Hemanoely,-1.136451,-48.458654,,213,Farol,DENTRO,-1,endereco,r3,1,False,False,False,False,False,True,Farol,False
ChIJr4yWZQCPpJIRQiiG80zsV-s,Açai DuElvis,-1.445013,-48.483912,4.800000,6,Fátima,DENTRO,-1,endereco,r2|r3,2,False,True,False,False,False,True,Fátima,False
ChIJdR4s0meNpJIRP5KmOqvDv5k,Açaí do Anderson,-1.448592,-48.470963,,10,Fátima,DENTRO,-1,endereco,r3,1,False,False,False,False,False,True,Fátima,False
ChIJxa-_NxyNpJIR5FqivmasvmQ,CASA AÇAI,-1.46622,-48.460816,4.800000,4,Guamá,DENTRO,-1,endereco,r2,1,False,True,False,False,False,False,Guamá,False
ChIJ3w4UaJGNpJIRgaktUT-vFKM,Supremo Açaí,-1.456531,-48.472108,4.100000,13,Guamá,DENTRO,-1,endereco,r2|r3,2,False,True,False,False,False,True,Guamá,False
ChIJCdj5HAeNpJIRWH-cJj0soiA,Açaí Belém,-1.468191,-48.455169,3.000000,1,Guamá,DENTRO,-1,endereco,r2|r3,2,False,True,False,False,False,True,Guamá,False
ChIJIYLbC32NpJIR_NbBryeWsqw,Tudo Bom Açai,-1.472203,-48.455442,0.000000,0,Guamá,DENTRO,-1,endereco,r2,1,False,True,False,False,False,False,Guamá,False
ChIJqQfO7QSNpJIReH4H4vONo3g,La casa do açaí,-1.467238,-48.4547,5.0,1,Guamá,DENTRO,-1,endereco,r1|r3,2,True,False,False,False,False,True,Guamá,False
ChIJ80YjX86NpJIRYhYlVlqxSeU,Açaíze 1 - São Bras,-1.456415,-48.470781,4.5,568,Guamá,DENTRO,-1,endereco,r1|r3,2,True,False,False,False,False,True,Guamá,False
ChIJW0RauCyNpJIRP-tVRtDxK8s,Açaí dos Primos,-1.458196,-48.456674,5.0,27,Guamá,DENTRO,-1,endereco,r1,1,True,False,False,False,False,False,Guamá,False
ChIJSW4aVsqNpJIRZv4Eb3ak880,Açaí Ferreira | Guamá,-1.456986,-48.463798,,25,Guamá,DENTRO,-1,endereco,r3,1,False,False,False,False,False,True,Guamá,False
ChIJFY68lxWLpJIRQxE7RlcJ1pU,Açaí duas irmãs Rayanne e aryella,-1.395609,-48.4076,5.000000,3,Guanabara,DENTRO,-1,endereco,r2|r3,2,False,True,False,False,False,True,Guanabara,False
ChIJw4EFRbmLpJIRny50LZTOVN8,Açaí paì D'egua,-1.394119,-48.418463,3.7,3,Guanabara,DENTRO,-1,endereco,r1|r3,2,True,False,False,False,False,True,Guanabara,False
ChIJEyH7HCyJpJIRzgYvaXuqh0E,Lá casa do açaí / Açaí do Barão,-1.401554,-48.483421,5.000000,1,Itaiteua,DENTRO,-1,endereco,r2|r3,2,False,True,False,False,False,True,Itaiteua,False
ChIJ1zDuRABnpJIRSk-gwUeTjGc,Açaí do Ricardo,-1.271931,-48.446042,,1,Itaiteua,DENTRO,-1,endereco,r3,1,False,False,False,False,False,True,Itaiteua,False
ChIJUVJzayWPpJIRwGAjKB7qsOA,Dr. Açaí Belém,-1.462178,-48.493397,5.000000,17,Jurunas,DENTRO,-1,endereco,r2|r3,2,False,True,False,False,False,True,Jurunas,False
ChIJZz6Ed0GOpJIR0yS7Ux98fZ8,Açaí da Orla,-1.471512,-48.501265,4.800000,22,Jurunas,DENTRO,-1,endereco,r2,1,False,True,False,False,False,False,Jurunas,False
ChIJ_foSdL2PpJIR9yvgfQiAmOQ,AÇAÍZÃO EXPRESSO,-1.464961,-48.493142,3.000000,2,Jurunas,DENTRO,-1,endereco,r2,1,False,True,False,False,False,False,Jurunas,False
ChIJ34KI_UyPpJIRFa8rLtMmw60,Açaí raiz,-1.46883,-48.487189,4.900000,8,Jurunas,DENTRO,-1,endereco,r2|r3,2,False,True,False,False,False,True,Jurunas,False
ChIJ4dAdYQePpJIRdBqnFAKy5VA,Love Açaí,-1.470393,-48.491639,4.400000,7,Jurunas,DENTRO,-1,endereco,r2,1,False,True,False,False,False,False,Jurunas,False
ChIJDV71eACPpJIRMxKQJhaSu4Q,La Fábrica de Açaí,-1.464521,-48.492684,4.200000,24,Jurunas,DENTRO,-1,endereco,r2|r3,2,False,True,False,False,False,True,Jurunas,False
ChIJC7P6XHePpJIRcpld6E5Vnjc,Ponto do Açaí,-1.471623,-48.490446,4.5,13,Jurunas,DENTRO,-1,endereco,r1|r3,2,True,False,False,False,False,True,Jurunas,False
ChIJbbqqHGiOpJIReBOulXYY2u8,Açaí do Brazil,-1.467738,-48.498233,,8,Jurunas,DENTRO,-1,endereco,r3,1,False,False,False,False,False,True,Jurunas,False
ChIJqVBVSiuMpJIRUo32YzWDHks,Açai do Céu,-1.459295,-48.474824,,1,Jurunas,DENTRO,-1,endereco,r3,1,False,False,False,False,False,True,Jurunas,False
ChIJ5StXgoqOpJIRN5uUsOve_PM,Martins,-1.45981,-48.496671,,3,Jurunas,DENTRO,396,centroide,r3,1,False,False,False,False,False,True,Jurunas,False
ChIJX7xCBX2KpJIRBCSMfFzbp0o,Mix Pará PIZZARIA,-1.376791,-48.440654,4.500000,983,Mangueirão,DENTRO,-1,endereco,r2,1,False,True,False,False,False,False,Mangueirão,False
ChIJc_SomGyKpJIRRY3N2CCIrXM,Sorveteria e Lanchonete Sr. Mix,-1.38197,-48.457487,4.600000,8,Mangueirão,DENTRO,-1,endereco,r2,1,False,True,False,False,False,False,Mangueirão,False
ChIJddfCKw6LpJIRaPYwOuLAUcc,Artesanal Burguer,-1.382378,-48.455294,4.700000,7,Mangueirão,DENTRO,-1,endereco,r2,1,False,True,False,False,False,False,Mangueirão,False
ChIJu9YNfgCLpJIRJjmvHWvy5cw,Polpas de frutas do loro,-1.38781,-48.432236,5.000000,1,Mangueirão,DENTRO,-1,endereco,r2,1,False,True,False,False,False,False,Mangueirão,False
ChIJx8gFKoWLpJIRRJ_CXbbnmXE,Coco Bambu Belém,-1.390955,-48.466718,4.900000,24607,Mangueirão,DENTRO,-1,endereco,r2,1,False,True,False,False,False,False,Mangueirão,False
ChIJAVxzlmyKpJIRMZ3SxrAqs6U,"Tacacá do Thiago ""O original""",-1.381758,-48.45728,4.400000,317,Mangueirão,DENTRO,-1,endereco,r2,1,False,True,False,False,False,False,Mangueirão,False
ChIJGXVQlk2LpJIREXCAWDfO2Ww,Rei da Coxinha Pará,-1.373571,-48.44287,4.100000,200,Mangueirão,DENTRO,-1,endereco,r2,1,False,True,False,False,False,False,Mangueirão,False
ChIJGe008gSLpJIRmeAA9syuBsE,Pai D'Égua Steak Beer,-1.373973,-48.443332,4.300000,521,Mangueirão,DENTRO,-1,endereco,r2,1,False,True,False,False,False,False,Mangueirão,False
ChIJKVNvE0GLpJIRzNoQMFOm5Xk,Point Guaraná Ferrari,-1.378196,-48.438554,5.000000,4,Mangueirão,DENTRO,-1,endereco,r2,1,False,True,False,False,False,False,Mangueirão,False
ChIJo15sbwCLpJIR4mwfhScKYSw,Açaiteria Lá creme,-1.378183,-48.438481,0.0,0,Mangueirão,DENTRO,-1,endereco,r1|r3,2,True,False,False,False,False,True,Mangueirão,False
ChIJTQA6GACLpJIR4JP9Q2NhO78,Açaiteria Pavulagem,-1.377945,-48.439957,5.0,3,Mangueirão,DENTRO,-1,endereco,r1,1,True,False,False,False,False,False,Mangueirão,False
ChIJhVAn-6OLpJIRMAnD45ku4pY,Açaí especial do Rodolfo,-1.371747,-48.428561,5.0,5,Mangueirão,DENTRO,-1,endereco,r1|r3,2,True,False,False,False,False,True,Mangueirão,False
ChIJBQ7gN-SLpJIRBTDvcjTZOCA,Açaí do Filé,-1.383607,-48.449981,5.0,8,Mangueirão,DENTRO,-1,endereco,r1,1,True,False,False,False,False,False,Mangueirão,False
ChIJVVEsUQCLpJIR_SpDJDUFMHA,Jaspion Fry Peixe Frito e Frango Croc Croc,-1.374551,-48.43972,4.8,23,Mangueirão,DENTRO,-1,endereco,r1,1,True,False,False,False,False,False,Mangueirão,False
ChIJNbcaNHeLpJIRHrMSbaVnEq0,Açaí Parazão,-1.382,-48.455458,5.0,1,Mangueirão,DENTRO,-1,endereco,r1,1,True,False,False,False,False,False,Mangueirão,False
ChIJvctQs2CLpJIRVg78FhtnzTY,Açaí Bem Estar7,-1.379847,-48.435023,4.9,28,Mangueirão,DENTRO,-1,endereco,r1|r3,2,True,False,False,False,False,True,Mangueirão,False
ChIJl-R-_iuLpJIRoulDItG0opM,Point do Açaí Gourmet,-1.38209,-48.457493,0.0,0,Mangueirão,DENTRO,-1,endereco,r1|r3,2,True,False,False,False,False,True,Mangueirão,False
ChIJAZJ8I-2LpJIRzt5H1xYKvYc,Açaí da Nath Mangueirão,-1.380459,-48.448533,5.0,1,Mangueirão,DENTRO,-1,endereco,r1|r3,2,True,False,False,False,False,True,Mangueirão,False
ChIJ2af6C5yLpJIRd3ySa-8uql0,AÇAÍ DO BAIRRO E BOX DO MANGUEIRÃO,-1.3821,-48.450979,5.0,1,Mangueirão,DENTRO,-1,endereco,r1,1,True,False,False,False,False,False,Mangueirão,False
ChIJY6JarISLpJIRFIadzxg_ibQ,SKINA DO AÇAI,-1.380671,-48.448534,4.7,3,Mangueirão,DENTRO,-1,endereco,r1|r3,2,True,False,False,False,False,True,Mangueirão,False
ChIJ02F-InGLpJIRIN71DNvVrtA,AÇAI MIX,-1.378734,-48.450767,5.0,2,Mangueirão,DENTRO,-1,endereco,r1|r3,2,True,False,False,False,False,True,Mangueirão,False
ChIJuQcznyiLpJIR9NgORiD_GKk,Açaí da Lene,-1.383104,-48.45205,5.0,2,Mangueirão,DENTRO,-1,endereco,r1|r3,2,True,False,False,False,False,True,Mangueirão,False
ChIJLTO85tmLpJIR1TrzrNtd9b0,Sr. Açaí,-1.378368,-48.438792,4.9,16,Mangueirão,DENTRO,-1,endereco,r1|r3,2,True,False,False,False,False,True,Mangueirão,False
ChIJld7_SlqLpJIRXsZNGPTJpeQ,Açaí do Rocha,-1.381952,-48.459611,4.7,14,Mangueirão,DENTRO,-1,endereco,r1,1,True,False,False,False,False,False,Mangueirão,False
ChIJM9qIx0CLpJIRLT9XlVL8c7k,Açaizeiros Pavulagem - Loja Cristal,-1.385934,-48.459728,4.0,4,Mangueirão,DENTRO,-1,endereco,r1,1,True,False,False,False,False,False,Mangueirão,False
ChIJPeXQdACLpJIRWfVeOZmYZmQ,Açaí do Bairro,-1.382104,-48.450978,5.0,1,Mangueirão,DENTRO,-1,endereco,r1,1,True,False,False,False,False,False,Mangueirão,False
ChIJM_Vq2kGLpJIRuBT8sTVvU8A,Açaí do Irmão (Carmelândia),-1.381003,-48.43629,4.8,8,Mangueirão,DENTRO,-1,endereco,r1,1,True,False,False,False,False,False,Mangueirão,False
ChIJp2R_BIqKpJIREnxx95qfs1Q,Açai & Restaurante do Gil,-1.382042,-48.438302,3.7,52,Mangueirão,DENTRO,-1,endereco,r1|r3,2,True,False,False,False,False,True,Mangueirão,False
ChIJNZJn2oiKpJIRhyhBV13DyYY,Bem Dito Açaí,-1.379635,-48.434487,5.0,2,Mangueirão,DENTRO,-1,endereco,r1,1,True,False,False,False,False,False,Mangueirão,False
ChIJ_7cILWSLpJIRoePmCVSPC_Y,Açaí do JOSÉ,-1.3796,-48.451344,5.0,2,Mangueirão,DENTRO,-1,endereco,r1,1,True,False,False,False,False,False,Mangueirão,False
ChIJB6StXLaLpJIRt_OqMoQNZh4,Açaí do Bene,-1.378822,-48.435651,0.0,0,Mangueirão,DENTRO,-1,endereco,r1,1,True,False,False,False,False,False,Mangueirão,False
ChIJg19BKHyLpJIRuptQPvzCqbw,Açaí Sabore Premium,-1.382842,-48.453762,5.0,5,Mangueirão,DENTRO,-1,endereco,r1,1,True,False,False,False,False,False,Mangueirão,False
ChIJfTxKZgCLpJIRGHmklT2xaTA,Açaí du Junior: O Melhor acai do Panorama XXI,-1.37787,-48.438037,5.0,4,Mangueirão,DENTRO,-1,endereco,r1,1,True,False,False,False,False,False,Mangueirão,False
ChIJH6bYy9GNpJIRd4wIpiri2ag,Açaiteria Pai D`égua,-1.144378,-48.462326,4.900000,7,Mangueiras,DENTRO,-1,endereco,r2|r3,2,False,True,False,False,False,True,Mangueiras,False
ChIJfWUD70FnpJIREk4FOkRmi5k,Açãi do negao,-1.298337,-48.462452,5.000000,1,Maracacuera,DENTRO,-1,endereco,r2|r3,2,False,True,False,False,False,True,Maracacuera,False
ChIJo3wWnF9npJIR4EgAqolxg7Y,Açaí paid'égua,-1.290653,-48.458296,5.000000,6,Maracacuera,DENTRO,-1,endereco,r2|r3,2,False,True,False,False,False,True,Maracacuera,False
ChIJv5UNuSxnpJIRj6Xuh4tNTiU,Armazém Auto Serviços - Icoaraci,-1.301749,-48.465705,4.400000,844,Maracacuera,DENTRO,-1,endereco,r2,1,False,True,False,False,False,False,Maracacuera,False
ChIJx7z0dO5npJIR8bH6pFTEN74,AÇAÍ ALTAS HORAS,-1.300183,-48.456552,5.000000,3,Maracacuera,DENTRO,-1,endereco,r2|r3,2,False,True,False,False,False,True,Maracacuera,False
ChIJ3YRBOwBnpJIRB8Hj15SXU2U,Açaí bom jesus,-1.297483,-48.462535,0.000000,0,Maracacuera,DENTRO,-1,endereco,r2|r3,2,False,True,False,False,False,True,Maracacuera,False
ChIJ3zxKwb5mpJIRvjhhbhHOnIY,Açai Puro do Pará,-1.301348,-48.462231,4.700000,3,Maracacuera,DENTRO,-1,endereco,r2|r3,2,False,True,False,False,False,True,Maracacuera,False
ChIJ7xYDIL5mpJIR-18XHdXmhaI,Açaí Puro e Natural do Carlinho,-1.298418,-48.462446,5.000000,1,Maracacuera,DENTRO,-1,endereco,r2,1,False,True,False,False,False,False,Maracacuera,False
ChIJO1CPQpRmpJIRhSuXTYXNZ-E,ACAI CARLINHOS,-1.295677,-48.461911,,0,Maracacuera,DENTRO,-1,endereco,r3,1,False,False,False,False,False,True,Maracacuera,False
ChIJf43qrfJmpJIRSSLF43zUUZY,Açaí Especial Da Lene,-1.290655,-48.458497,,27,Maracacuera,DENTRO,-1,endereco,r3,1,False,False,False,False,False,True,Maracacuera,False
ChIJObczrIxmpJIRPZNIDxetZsY,Açai Da 4,-1.287756,-48.459,,0,Maracacuera,DENTRO,-1,endereco,r3,1,False,False,False,False,False,True,Maracacuera,False
ChIJedoaAwBnpJIRzjnT_L0fa8A,Açaí da Vilma,-1.296716,-48.442174,,0,Maracacuera,DENTRO,-1,endereco,r3,1,False,False,False,False,False,True,Maracacuera,False
ChIJ599eTVdnpJIR2s4Qvut-1sM,Açaí Amazonex,-1.290634,-48.458493,,0,Maracacuera,DENTRO,-1,endereco,r3,1,False,False,False,False,False,True,Maracacuera,False
ChIJ6y-eLqVmpJIRtQ3tFnLrj14,Agulha,-1.305475,-48.469292,,0,Maracacuera,DENTRO,523,centroide,r3,1,False,False,False,False,False,True,Maracacuera,False
ChIJBVBQj5lmpJIRw2cHOYaqRUA,Sou D Mais Açaí,-1.309277,-48.470624,,0,Maracacuera,DENTRO,302,centroide,r3,1,False,False,False,False,False,True,Maracacuera,False
ChIJNzem-O1rpJIRxSF2sjaQIg0,Point do Açai,-1.165266,-48.462612,,5,Maracajá,DENTRO,-1,endereco,r3,1,False,False,False,False,False,True,Maracajá,False
ChIJwRfL9HRrpJIRn5CZf-tz9JI,Comercial Papão,-1.164814,-48.460967,,130,Maracajá,DENTRO,-1,endereco,r3,1,False,False,False,False,False,True,Maracajá,False
ChIJbeosQH6JpJIRl2O-G0Rmcw8,Point Açaí,-1.403702,-48.480125,4.000000,3,Maracangalha,DENTRO,-1,endereco,r2,1,False,True,False,False,False,False,Maracangalha,False
ChIJecG4j3-JpJIRGvfCncApB8s,Açaí Do Irmão Manoel,-1.40142,-48.480637,3.700000,9,Maracangalha,DENTRO,-1,endereco,r2,1,False,True,False,False,False,False,Maracangalha,False
ChIJhT0jkGaJpJIRWtHUjpVel8Y,açai da pp III,-1.399684,-48.485199,5.000000,3,Maracangalha,DENTRO,-1,endereco,r2|r3,2,False,True,False,False,False,True,Maracangalha,False
ChIJHaH34dWLpJIRdLi6UnJ-bIo,CASA DO AÇAI,-1.404554,-48.47778,0.000000,0,Maracangalha,DENTRO,-1,endereco,r2,1,False,True,False,False,False,False,Maracangalha,False
ChIJIYoW_n-JpJIR31bCmkOSMcg,AÇAÍ D'CASA,-1.401131,-48.478781,0.000000,0,Maracangalha,DENTRO,-1,endereco,r2,1,False,True,False,False,False,False,Maracangalha,False
ChIJ34jyAWKJpJIRANaJaSyneaQ,Açaí da PP,-1.397551,-48.480231,4.8,25,Maracangalha,DENTRO,-1,endereco,r1|r3,2,True,False,False,False,False,True,Maracangalha,False
ChIJMbaBWQCJpJIRz5QOTeXRgRs,Casa Dú Açaí,-1.398096,-48.483644,5.0,1,Maracangalha,DENTRO,-1,endereco,r1,1,True,False,False,False,False,False,Maracangalha,False
ChIJ86dai_aLpJIRCZOsgeHg1no,AÇAÍ DO PRIMO™ – Maracangalha,-1.401438,-48.473283,,49,Maracangalha,DENTRO,-1,endereco,r3,1,False,False,False,False,False,True,Maracangalha,False
ChIJtYXp7oGJpJIRDEoVLanH9kc,Açaí Do Cadu,-1.400427,-48.482873,,13,Maracangalha,DENTRO,-1,endereco,r3,1,False,False,False,False,False,True,Maracangalha,False
ChIJxXNsg-uJpJIRkOLjfdkJFaQ,Rei do Açaí,-1.398286,-48.479904,,14,Maracangalha,DENTRO,-1,endereco,r3,1,False,False,False,False,False,True,Maracangalha,False
ChIJ29We6ASJpJIRKDE7IkXDXKc,Paraíso do Acaí,-1.406428,-48.480187,,4,Maracangalha,DENTRO,-1,endereco,r3,1,False,False,False,False,False,True,Maracangalha,False
ChIJPx2zq-EXpJIRXDX9Gt13xkg,Jurubeba Marahu,-1.07314,-48.400722,,888,Marahú,DENTRO,-1,endereco,r3,1,False,False,False,False,False,True,Marahú,False
ChIJf4YfFw8XpJIRZw2ardKMylc,Pousada Marahú,-1.074078,-48.406917,,95,Marahú,DENTRO,-1,endereco,r3,1,False,False,False,False,False,True,Marahú,False
ChIJY5BxIa-LpJIRf4lGB-uRRpM,Ws açaí.,-1.401409,-48.44783,0.000000,0,Marambaia,DENTRO,-1,endereco,r2,1,False,True,False,False,False,False,Marambaia,False
ChIJb90yLgCLpJIRg3JZwTEes28,PARÁIAÇÁ,-1.401414,-48.453578,4.000000,89,Marambaia,DENTRO,-1,endereco,r2,1,False,True,False,False,False,False,Marambaia,False
ChIJcUQ4006KpJIRBuBooeokMaw,Açaí do Zeca 1,-1.395218,-48.453697,4.300000,36,Marambaia,DENTRO,-1,endereco,r2|r3,2,False,True,False,False,False,True,Marambaia,False
ChIJd2WzTGSLpJIRHgRzClXU-mY,SORVETINHO BELÉM,-1.401542,-48.460184,4.700000,95,Marambaia,DENTRO,-1,endereco,r2,1,False,True,False,False,False,False,Marambaia,False
ChIJdQdE6rSLpJIRfn2t549vsGU,AÇAI DUELVIS,-1.401427,-48.455204,4.200000,6,Marambaia,DENTRO,-1,endereco,r2,1,False,True,False,False,False,False,Marambaia,False
ChIJn0ct1KuLpJIRUEmSYzumc3Y,Açai Bis,-1.403895,-48.441728,4.000000,184,Marambaia,DENTRO,-1,endereco,r2|r3,2,False,True,False,False,False,True,Marambaia,False
ChIJvVIdrStgpJIR9tRTvcHoFlE,Cabanagem,-1.368,-48.432515,0.000000,0,Marambaia,DENTRO,287,centroide,r2,1,False,True,False,False,False,False,Marambaia,False
ChIJwTxTq_-KpJIRqh3ziKzkylE,Açaí do Cowboy,-1.399015,-48.437217,4.400000,41,Marambaia,DENTRO,-1,endereco,r2|r3,2,False,True,False,False,False,True,Marambaia,False
ChIJw_SzZgCLpJIRLUTTtdEKoaQ,casa do açaí,-1.398078,-48.45152,0.000000,0,Marambaia,DENTRO,-1,endereco,r2,1,False,True,False,False,False,False,Marambaia,False
ChIJyZ9wTmGLpJIROdqd2v-z-AQ,Açaí tatuoca,-1.414147,-48.473927,5.000000,2,Marambaia,DENTRO,-1,endereco,r2,1,False,True,False,False,False,False,Marambaia,False
ChIJz8EfEWiLpJIRMTM-cCn4Sf8,Delicias du Pará | Toc-Toc du Delicias,-1.403807,-48.442701,4.500000,1889,Marambaia,DENTRO,-1,endereco,r2,1,False,True,False,False,False,False,Marambaia,False
ChIJ21NDv--LpJIRd3sq5a1HrPQ,Sorveteria Nova Canaã,-1.397728,-48.452449,4.700000,25,Marambaia,DENTRO,-1,endereco,r2,1,False,True,False,False,False,False,Marambaia,False
ChIJKezBIwGLpJIRhePzZgP8BF0,Esquina do Açaí - Luiz Carlos,-1.402918,-48.435857,4.600000,24,Marambaia,DENTRO,-1,endereco,r2|r3,2,False,True,False,False,False,True,Marambaia,False
ChIJy00CKf-KpJIR5r6sAcD79XI,AÇAÍ D+,-1.396679,-48.436474,4.9,45,Marambaia,DENTRO,-1,endereco,r1|r3,2,True,False,False,False,False,True,Marambaia,False
ChIJoZw5yQWLpJIRKaRO9pBJcJ0,Açaí do JP,-1.402401,-48.440264,4.0,4,Marambaia,DENTRO,-1,endereco,r1,1,True,False,False,False,False,False,Marambaia,False
ChIJlyY3D7WLpJIRq1L7QmTq19o,AÇAITERIA ON7,-1.40182,-48.44612,5.0,1,Marambaia,DENTRO,-1,endereco,r1|r3,2,True,False,False,False,False,True,Marambaia,False
ChIJnzpsNq-LpJIRkClHr3225BA,Açai da Verena,-1.406527,-48.444116,4.8,17,Marambaia,DENTRO,-1,endereco,r1|r3,2,True,False,False,False,False,True,Marambaia,False
ChIJ5Vozs7uLpJIRvGXVlS9YgTs,Casa do açaí do seu simeão,-1.399985,-48.453398,5.0,2,Marambaia,DENTRO,-1,endereco,r1|r3,2,True,False,False,False,False,True,Marambaia,False
ChIJhRr1bWqLpJIROjS60aSxQC8,NOSSO AÇAI,-1.399154,-48.435763,4.5,10,Marambaia,DENTRO,-1,endereco,r1|r3,2,True,False,False,False,False,True,Marambaia,False
ChIJ0RnR4kmLpJIRceK-y9leDNI,Soul açaí,-1.405922,-48.453049,4.4,30,Marambaia,DENTRO,-1,endereco,r1,1,True,False,False,False,False,False,Marambaia,False
ChIJ04wUm_mLpJIR768CGAQzTIg,EGUA DO AÇAI MARAMBAIA,-1.401684,-48.460052,4.6,14,Marambaia,DENTRO,-1,endereco,r1|r3,2,True,False,False,False,False,True,Marambaia,False
ChIJX9a6UwBhpJIRSOeBrfuRa4E,Cabanagem,-1.369093,-48.434345,4.7,6,Marambaia,DENTRO,147,centroide,r1,1,True,False,False,False,False,False,Marambaia,False
ChIJuaCxCQCLpJIRU6Q1KJgbneo,Top Açaí Sorvetes,-1.401472,-48.46092,,5,Marambaia,DENTRO,-1,endereco,r3,1,False,False,False,False,False,True,Marambaia,False
ChIJj8DTUTqLpJIRyIm_fDiMv-E,Açai Marambaia,-1.404086,-48.444499,,3,Marambaia,DENTRO,-1,endereco,r3,1,False,False,False,False,False,True,Marambaia,False
ChIJG0Tm2ImLpJIR8kUL30o9B7Y,Açaí & Cia Caseira,-1.404969,-48.446658,,0,Marambaia,DENTRO,-1,endereco,r3,1,False,False,False,False,False,True,Marambaia,False
ChIJYRRBdbaLpJIRa5vn4Jmmzec,Amazônia na Cuia Marco,-1.425891,-48.458936,4.900000,6343,Marco,DENTRO,-1,endereco,r2,1,False,True,False,False,False,False,Marco,False
ChIJZ5cXPwCNpJIRH__wJrDEuiI,Umami Sorvete Artesanal,-1.436608,-48.459776,5.000000,7,Marco,DENTRO,-1,endereco,r2,1,False,True,False,False,False,False,Marco,False
ChIJ_V3jcwqMpJIRw6cLxpfATqs,Açai Duque,-1.430013,-48.462319,4.600000,23,Marco,DENTRO,-1,endereco,r2|r3,2,False,True,False,False,False,True,Marco,False
ChIJaZ58ucSNpJIRswiuWlClZqE,AÇAI ORIGINAL,-1.435245,-48.465182,4.000000,9,Marco,DENTRO,-1,endereco,r2|r3,2,False,True,False,False,False,True,Marco,False
ChIJgTqjW66NpJIRDQpqgeZgU60,AÇAÍ SUPREMO,-1.463636,-48.446698,0.000000,0,Montese,CORRIGIDO,-1,auditoria_geo_2026,r2,1,False,True,False,False,False,False,Marco,False
ChIJiQPkJXeMpJIRuKIQI_Sgaxk,Açaí Do Anderson,-1.432737,-48.450839,3.300000,66,Marco,DENTRO,-1,endereco,r2,1,False,True,False,False,False,False,Marco,False
ChIJieYQTYqNpJIRxtnqorTbvA8,Açaí das meninas,-1.4408,-48.451254,5.000000,2,Marco,DENTRO,-1,endereco,r2,1,False,True,False,False,False,False,Marco,False
ChIJsajgVviNpJIR9njBgkFy2Uo,Live Açaí - Av. João Paulo II,-1.441358,-48.457798,4.300000,20,Marco,DENTRO,-1,endereco,r2,1,False,True,False,False,False,False,Marco,False
ChIJ67sTWT2MpJIRpl0EfCRPWls,Açaí da 25,-1.444369,-48.467933,4.300000,53,Marco,DENTRO,-1,endereco,r2,1,False,True,False,False,False,False,Marco,False
ChIJIWwK-HaMpJIRETXK-bDJt4M,XINGU ICE - SORVETES REGIONAIS,-1.431462,-48.451808,4.500000,75,Marco,DENTRO,-1,endereco,r2,1,False,True,False,False,False,False,Marco,False
ChIJAejkYACNpJIR0iy7Jb-nuRE,Restaurante Ver O Açaí - Culinária Paraense - Marco,-1.433232,-48.460524,4.9,1265,Marco,DENTRO,-1,endereco,r1,1,True,False,False,False,False,False,Marco,False
ChIJRZLW9NiNpJIRl6tHeBu7cL0,Boutique açaí,-1.440775,-48.466627,5.0,22,Marco,DENTRO,-1,endereco,r1,1,True,False,False,False,False,False,Marco,False
ChIJ9Qa3MZ2NpJIRKVtoCJhCHlo,Açaí da Luh,-1.44319,-48.460453,5.0,61,Marco,DENTRO,-1,endereco,r1|r3,2,True,False,False,False,False,True,Marco,False
ChIJtfCvALiLpJIRAAmgTzgg9dg,Açaí da Íris,-1.427372,-48.464872,,1,Marco,DENTRO,-1,endereco,r3,1,False,False,False,False,False,True,Marco,False
ChIJiyU04o6NpJIRl9J5MBMnp_4,Rei do açai,-1.459034,-48.453137,,1,Montese,DENTRO,-1,endereco,r3,1,False,False,False,False,False,True,Montese,False
ChIJlziFvUyMpJIRBI4nAViEjII,Açai lider,-1.458244,-48.452894,,9,Montese,DENTRO,-1,endereco,r3,1,False,False,False,False,False,True,Montese,False
ChIJJx7MlkWNpJIRFIHmW0N9AKk,Açaí Sabor do Marajó,-1.458668,-48.448855,,2,Montese,DENTRO,-1,endereco,r3,1,False,False,False,False,False,True,Montese,False
ChIJH-QzbqUVpJIRO09omPBXp9g,Açai do martinho 2,-1.128038,-48.445234,5.000000,6,Murubira,DENTRO,-1,endereco,r2|r3,2,False,True,False,False,False,True,Murubira,False
ChIJVUR9tVYVpJIRmGvhLXMPVsU,Restaurante Clube da Ilha | Mosqueiro - Pará,-1.131072,-48.429454,,139,Murubira,DENTRO,-1,endereco,r3,1,False,False,False,False,False,True,Murubira,False
ChIJ9V2ZIzEVpJIR1UCywQyAr6E,Açaí Ouro Preto,-1.133359,-48.439088,,2,Murubira,DENTRO,-1,endereco,r3,1,False,False,False,False,False,True,Murubira,False
ChIJu_6uVnyPpJIRyadrA4VOSxg,Açaí da 14 de Março,-1.448134,-48.480855,3.900000,19,Nazaré,DENTRO,-1,endereco,r2|r3,2,False,True,False,False,False,True,Nazaré,False
ChIJw_vZZ5qOpJIR5l6idQucjTU,Açaí do Alonso,-1.450046,-48.487805,4.600000,276,Nazaré,DENTRO,-1,endereco,r2|r3,2,False,True,False,False,False,True,Nazaré,False
ChIJ_YBbBgCPpJIR0eaTNIN26N4,Açaí de Ponta,-1.448167,-48.486049,,0,Nazaré,DENTRO,-1,endereco,r3,1,False,False,False,False,False,True,Nazaré,False
ChIJC36ZY4SOpJIRh3oHmx24Jpc,Açaí da Braz,-1.453857,-48.484086,,24,Nazaré,DENTRO,-1,endereco,r3,1,False,False,False,False,False,True,Nazaré,False
ChIJq68j79OPpJIRXIuH7dz0OJ0,Açaí da serzedelo,-1.455117,-48.491944,,2,Nazaré,DENTRO,-1,endereco,r3,1,False,False,False,False,False,True,Nazaré,False
ChIJdSBUu4WOpJIRrvsPGL1B_34,Marahú Sorvetes Artesanais,-1.454582,-48.485731,,116,Nazaré,DENTRO,-1,endereco,r3,1,False,False,False,False,False,True,Nazaré,False
ChIJWfg0i05hpJIRV5l4KRc7kY4,Açaí do maik,-1.313296,-48.478681,0.000000,0,Paracuri,DENTRO,-1,endereco,r2|r3,2,False,True,False,False,False,True,Paracuri,False
ChIJXyuBh_1npJIRZhS1kj8o6XA,Açai top,-1.310622,-48.468834,0.000000,0,Paracuri,DENTRO,-1,endereco,r2|r3,2,False,True,False,False,False,True,Paracuri,False
ChIJi06Fq61npJIR4nPT9vJeWc0,Açaí Do Irmão,-1.312195,-48.470862,5.000000,1,Paracuri,DENTRO,-1,endereco,r2|r3,2,False,True,False,False,False,True,Paracuri,False
ChIJnfhsaRdnpJIRySmzydfhmEw,REI DO AÇAI o melhor de Icoaraci,-1.311077,-48.471996,0.000000,0,Paracuri,DENTRO,-1,endereco,r2,1,False,True,False,False,False,False,Paracuri,False
ChIJ_W2MewBkpJIRjK3qj6KD73I,Açai Cametaense,-1.313078,-48.48089,,1,Paracuri,DENTRO,-1,endereco,r3,1,False,False,False,False,False,True,Paracuri,False
ChIJUZ2BgSZjpJIRMux5Y-1gu80,Sagrado açaí,-1.316682,-48.48514,,0,Paracuri,DENTRO,-1,endereco,r3,1,False,False,False,False,False,True,Paracuri,False
ChIJ_-PakXNjpJIRUvy4g6_szdQ,Restaurante e açaí Da Tia,-1.317288,-48.485428,,8,Paracuri,DENTRO,-1,endereco,r3,1,False,False,False,False,False,True,Paracuri,False
ChIJo3OANQBnpJIRJ0KJbFK-8PM,Açai do Lucas,-1.312134,-48.471523,0.0,0,Paracuri,DENTRO,-1,endereco,r1|r3,2,True,False,False,False,False,True,Paracuri,False
ChIJP70hDQBnpJIR5CA6gFmGUhQ,Açaí jk,-1.310915,-48.474775,5.0,1,Paracuri,DENTRO,-1,endereco,r1|r3,2,True,False,False,False,False,True,Paracuri,False
ChIJfeeiAyljpJIRgRDmjmoIqOU,Açaí do gato,-1.314251,-48.484869,4.5,4,Paracuri,DENTRO,-1,endereco,r1|r3,2,True,False,False,False,False,True,Paracuri,False
ChIJQ4RtGlxhpJIRU8sHAdSoRPs,Açai do tonico,-1.318396,-48.459109,0.0,0,Parque Guajará,DENTRO,-1,endereco,r1,1,True,False,False,False,False,False,Parque Guajará,False
ChIJ_8R5vexhpJIRos9w44FOdLw,Açaí do Lica,-1.329773,-48.456491,,19,Parque Guajará,DENTRO,-1,endereco,r3,1,False,False,False,False,False,True,Parque Guajará,False
ChIJ8fbXfABhpJIRKoMlBSpGhE8,AÇAÍ DO ZE,-1.324866,-48.463452,,0,Parque Guajará,DENTRO,-1,endereco,r3,1,False,False,False,False,False,True,Parque Guajará,False
ChIJw_GkgSxhpJIRqhVmzZ5dnZw,Açaí salmo 91,-1.326117,-48.452795,,0,Parque Guajará,DENTRO,-1,endereco,r3,1,False,False,False,False,False,True,Parque Guajará,False
ChIJu7_X4u9hpJIRYejHzS0xwe0,Point da 17,-1.313959,-48.459503,,4,Parque Guajará,DENTRO,-1,endereco,r3,1,False,False,False,False,False,True,Parque Guajará,False
ChIJ9VkClUphpJIReiG1EK1i_40,Açaí & Cia,-1.313965,-48.459859,,4,Parque Guajará,DENTRO,-1,endereco,r3,1,False,False,False,False,False,True,Parque Guajará,False
ChIJgwk1iu1npJIRz9RBSbO9viM,BAR MARAJOARA,-1.307777,-48.463949,,12,Parque Guajará,DENTRO,-1,endereco,r3,1,False,False,False,False,False,True,Parque Guajará,False
ChIJtyKAHO9hpJIR0h6vhEyEA3Y,Fala Belo,-1.322564,-48.449543,,176,Parque Guajará,DENTRO,-1,endereco,r3,1,False,False,False,False,False,True,Parque Guajará,False
ChIJg6TgBABhpJIRlb1z1br7Yj4,Casa Saúde da Família Parque Guajara,-1.327393,-48.454125,,0,Parque Guajará,DENTRO,-1,endereco,r3,1,False,False,False,False,False,True,Parque Guajará,False
ChIJM2OgSQBhpJIRygsKEJvtyI4,Casa,-1.327482,-48.454774,,0,Parque Guajará,DENTRO,-1,endereco,r3,1,False,False,False,False,False,True,Parque Guajará,False
ChIJJ6lH2h9hpJIRYLHZO4FrnyM,AR CONVENIÊNCIA,-1.326553,-48.452291,,0,Parque Guajará,DENTRO,-1,endereco,r3,1,False,False,False,False,False,True,Parque Guajará,False
ChIJ_WS3OQBhpJIR472NcYnximE,Casa do jhon,-1.337575,-48.456426,,1,Parque Guajará,DENTRO,-1,endereco,r3,1,False,False,False,False,False,True,Parque Guajará,False
ChIJW_VIQKZhpJIRRrmK6-kK3nQ,CASSIO CONVENIÊNCIA,-1.314135,-48.461644,,0,Parque Guajará,DENTRO,-1,endereco,r3,1,False,False,False,False,False,True,Parque Guajará,False
ChIJ7T2j2b9npJIRE0nR62Klhvg,Casa da Rizey,-1.310658,-48.464105,,2,Parque Guajará,DENTRO,-1,endereco,r3,1,False,False,False,False,False,True,Parque Guajará,False
ChIJo62yz7RhpJIRHm4q2bWTMv4,DA HORA CONVENIÊNCIA,-1.316323,-48.454395,,1,Parque Guajará,DENTRO,-1,endereco,r3,1,False,False,False,False,False,True,Parque Guajará,False
ChIJZ4amYHxhpJIRl4aWnM5O18Q,Cafeteria Xicara Montenegro,-1.329102,-48.449837,,100,Parque Guajará,DENTRO,-1,endereco,r3,1,False,False,False,False,False,True,Parque Guajará,False
ChIJj4nFZMthpJIRdFD3lDS51pg,Nunes Açaí e Assados,-1.318704,-48.441246,0.0,0,Parque Guajará,DENTRO,835,centroide,r1,1,True,False,False,False,False,False,Parque Guajará,False
ChIJ1cji6oJhpJIRhSnR8TQzk-E,Açaí Roots Belem,-1.33132,-48.456849,0.0,0,Parque Guajará,DENTRO,-1,endereco,r1|r3,2,True,False,False,False,False,True,Parque Guajará,False
ChIJ-T6u6NZhpJIRzH3CsbMDc0Y,Maná Açaí Fruit,-1.327707,-48.449406,0.0,0,Parque Guajará,DENTRO,-1,endereco,r1|r3,2,True,False,False,False,False,True,Parque Guajará,False
ChIJfdwmLhRhpJIR9V5ki9tT4yY,Ponto Do açaí,-1.329546,-48.454566,3.8,5,Parque Guajará,DENTRO,-1,endereco,r1|r3,2,True,False,False,False,False,True,Parque Guajará,False
ChIJg3hDm0xhpJIRgebUUs9mp9g,Point Flour,-1.317117,-48.463756,4.4,79,Parque Guajará,DENTRO,-1,endereco,r1|r3,2,True,False,False,False,False,True,Parque Guajará,False
ChIJX-zhvIlnpJIRhyzuDNiCDms,Acaimaxx,-1.309238,-48.468442,0.0,0,Parque Guajará,DENTRO,-1,endereco,r1|r3,2,True,False,False,False,False,True,Parque Guajará,False
ChIJzaf2_sVhpJIREdkygswB6Zo,Açaí Amazônia,-1.329194,-48.464624,0.0,0,Parque Guajará,DENTRO,-1,endereco,r1|r3,2,True,False,False,False,False,True,Parque Guajará,False
ChIJ8xdHwZlhpJIR-teUYmTXZWs,AÇAÍ MOTÃO,-1.366121,-48.435273,5.0,2,Parque Guajará,DENTRO,-1,endereco,r1,1,True,False,False,False,False,False,Parque Guajará,False
ChIJcymp0WlhpJIR2we0yWKLld0,Açaíteria THG,-1.367556,-48.438696,0.0,0,Parque Verde,DENTRO,-1,endereco,r1,1,True,False,False,False,False,False,Parque Verde,False
ChIJ8zrh2n5hpJIRsOGKoucm9Xs,Açaiteria e Sorveteria Ula Ula Belém,-1.347333,-48.451268,4.8,130,Parque Verde,DENTRO,-1,endereco,r1|r3,2,True,False,False,False,False,True,Parque Verde,False
ChIJ5VmvBfhhpJIRv5WycZiqio8,ACAI DA HORA BELEM,-1.352739,-48.452889,4.4,349,Parque Verde,DENTRO,-1,endereco,r1|r3,2,True,False,False,False,False,True,Parque Verde,False
ChIJ7eiBH7hhpJIRKI5UCGh5mf8,Açaí & Açaí Frozen - Parque Shopping,-1.370621,-48.446794,3.8,15,Parque Verde,DENTRO,-1,endereco,r1|r3,2,True,False,False,False,False,True,Parque Verde,False
ChIJO4dDdIRhpJIRPfoDBtoq4fU,Sou + Açaí - Unidade Parque Verde,-1.360403,-48.450539,2.6,34,Parque Verde,DENTRO,-1,endereco,r1|r3,2,True,False,False,False,False,True,Parque Verde,False
ChIJmT-3j5RhpJIRleYsj0a6V68,Açaí do Baía,-1.369974,-48.438317,0.0,0,Parque Verde,DENTRO,-1,endereco,r1,1,True,False,False,False,False,False,Parque Verde,False
ChIJ3TEVUn-KpJIRn_snyoCQlCw,AÇAI DO JÚNIOR,-1.370244,-48.441844,4.9,10,Parque Verde,DENTRO,-1,endereco,r1|r3,2,True,False,False,False,False,True,Parque Verde,False
ChIJg-p-RGBhpJIRMc8KrgkP-JY,Empório Do Açaí,-1.356305,-48.454313,5.0,3,Parque Verde,DENTRO,-1,endereco,r1,1,True,False,False,False,False,False,Parque Verde,False
ChIJjStfWwBhpJIRHcx4r1Y7i5k,Açaí do Davi,-1.369035,-48.442014,5.0,1,Parque Verde,DENTRO,-1,endereco,r1|r3,2,True,False,False,False,False,True,Parque Verde,False
ChIJ7TZoJCtgpJIROgiOAcz8cdM,Açai Do Pedro,-1.368718,-48.437895,4.3,31,Parque Verde,DENTRO,-1,endereco,r1|r3,2,True,False,False,False,False,True,Parque Verde,False
ChIJtb7gREphpJIRy25St0qsXqs,AÇAÍ D'DHIA,-1.359848,-48.446166,1.0,1,Parque Verde,DENTRO,-1,endereco,r1,1,True,False,False,False,False,False,Parque Verde,False
ChIJafHggdVhpJIR3XJj9Iij7WY,Açai Sabor da Região,-1.370677,-48.441402,4.4,7,Parque Verde,DENTRO,-1,endereco,r1,1,True,False,False,False,False,False,Parque Verde,False
ChIJSziAJjhhpJIR9A4m6jScFMM,Açaí da lu,-1.369287,-48.45609,5.0,5,Parque Verde,DENTRO,-1,endereco,r1,1,True,False,False,False,False,False,Parque Verde,False
ChIJxVXNschhpJIR09b4iCp1lj4,Açaí Salmo 23,-1.359781,-48.44808,4.6,31,Parque Verde,DENTRO,-1,endereco,r1,1,True,False,False,False,False,False,Parque Verde,False
ChIJ7UcG9bZhpJIRypiyYbiYH8Q,Açaí MG,-1.369966,-48.439644,4.5,6,Parque Verde,DENTRO,-1,endereco,r1|r3,2,True,False,False,False,False,True,Parque Verde,False
ChIJSecl2m5hpJIRyr1niCAmEX0,UATA?! Parque Shopping - PARQUE VERDE,-1.3705,-48.446752,4.400000,494,Parque Verde,DENTRO,-1,endereco,r2,1,False,True,False,False,False,False,Parque Verde,False
ChIJV0nBIZNhpJIRZ6VcwzvcIJU,JUNIOR SALGADOS,-1.361555,-48.450692,4.400000,47,Parque Verde,DENTRO,-1,endereco,r2,1,False,True,False,False,False,False,Parque Verde,False
ChIJgcZCGjxhpJIRwqbap8laIMg,Bolo da Vovó - Bolos caseiros,-1.357614,-48.453634,4.500000,82,Parque Verde,DENTRO,-1,endereco,r2,1,False,True,False,False,False,False,Parque Verde,False
ChIJjeZ-ydRhpJIRlRZBV7LZiA0,Açaí Da France,-1.368164,-48.439113,1.000000,1,Parque Verde,DENTRO,-1,endereco,r2,1,False,True,False,False,False,False,Parque Verde,False
ChIJl6vmi_KLpJIRES-m5LUs2-A,Polpas Belém,-1.405672,-48.424217,5.000000,5,Parque Verde,DENTRO,489,centroide,r2,1,False,True,False,False,False,False,Parque Verde,False
ChIJl9lYq8JhpJIRt8CVpPhLjvY,D&D DIVERSE SERVICE / REI DO AÇAÍ,-1.366653,-48.454581,4.800000,6,Parque Verde,DENTRO,-1,endereco,r2,1,False,True,False,False,False,False,Parque Verde,False
ChIJm0fBs9dhpJIRTUANRNfFdHI,Parque Shopping Belém,-1.369913,-48.446381,4.600000,26987,Parque Verde,DENTRO,-1,endereco,r2,1,False,True,False,False,False,False,Parque Verde,False
ChIJvblDExhhpJIRb9hRwLa8aiE,Bruttus Açai,-1.361202,-48.447676,0.000000,0,Parque Verde,DENTRO,-1,endereco,r2,1,False,True,False,False,False,False,Parque Verde,False
ChIJz9rtgAxhpJIRZJNZTMiXWi4,Açaí do Louro,-1.358529,-48.452542,5.000000,3,Parque Verde,DENTRO,-1,endereco,r2,1,False,True,False,False,False,False,Parque Verde,False
ChIJ-fYCGyBhpJIRK9_VUoDxYmg,Sorveteria Só o Creme,-1.352852,-48.449638,4.800000,16,Parque Verde,DENTRO,-1,endereco,r2,1,False,True,False,False,False,False,Parque Verde,False
ChIJ13VoMLhhpJIRUFhcHcV8swU,"Benqui Burguer - Hamburguer, Batata frita, Pastel e Mais",-1.369105,-48.439341,4.100000,86,Parque Verde,DENTRO,-1,endereco,r2,1,False,True,False,False,False,False,Parque Verde,False
ChIJBSgIbQxhpJIRfCzPGVMPkXA,Sabor do Parque,-1.368032,-48.440751,4.300000,4,Parque Verde,DENTRO,-1,endereco,r2,1,False,True,False,False,False,False,Parque Verde,False
ChIJJ59P7xBhpJIRDp5zoMA7i-w,Império do Sabor Massas e Arrozteria,-1.366239,-48.448741,5.000000,3,Parque Verde,DENTRO,-1,endereco,r2,1,False,True,False,False,False,False,Parque Verde,False
ChIJN1BQ_weLpJIRZ4WG3oCQJkw,Hamburguer Insano,-1.375244,-48.441482,4.100000,27,Parque Verde,DENTRO,-1,endereco,r2,1,False,True,False,False,False,False,Parque Verde,False
ChIJy97lWplhpJIRif3WeYhTLNc,Hora do Açaí,-1.327082,-48.449708,0.0,0,Parque Verde,DENTRO,-1,endereco,r1|r3,2,True,False,False,False,False,True,Parque Verde,False
ChIJuzYiTl5hpJIRHVjtjpdgwdY,Mercadão do Açaí - Augusto Montenegro,-1.345417,-48.45241,5.0,3,Parque Verde,DENTRO,-1,endereco,r1,1,True,False,False,False,False,False,Parque Verde,False
ChIJWwDsA6JhpJIRNEoskplauno,Montenegro Açaí,-1.370637,-48.444064,0.0,0,Parque Verde,DENTRO,-1,endereco,r1,1,True,False,False,False,False,False,Parque Verde,False
ChIJeeNL78dhpJIRHk9WAEyoDmc,Açai do GuiH,-1.367208,-48.435821,0.0,0,Parque Verde,DENTRO,-1,endereco,r1,1,True,False,False,False,False,False,Parque Verde,False
ChIJzbQj2TNgpJIRXjofU-V24BI,Açai do Nelson,-1.36093,-48.43396,4.7,14,Parque Verde,DENTRO,-1,endereco,r1,1,True,False,False,False,False,False,Parque Verde,False
ChIJiyiPPABhpJIRCjKvCauFFPE,100% açaí,-1.357053,-48.438583,2.6,7,Parque Verde,DENTRO,-1,endereco,r1,1,True,False,False,False,False,False,Parque Verde,False
ChIJ32eOSQb5zJQRxtQcpvQZyRw,Cairu,-1.370929,-48.446853,4.6,675,Parque Verde,DENTRO,-1,endereco,r1,1,True,False,False,False,False,False,Parque Verde,False
ChIJD67MEABhpJIReFqxUvhFjzQ,Milky Moo | Parque Shopping Belém,-1.370454,-48.447098,4.8,62,Parque Verde,DENTRO,-1,endereco,r1,1,True,False,False,False,False,False,Parque Verde,False
ChIJXcvR-GOLpJIRSVA4y3XQz4g,GUARANÁ DO MARCINHO,-1.41741,-48.468912,4.400000,81,Pedreira,DENTRO,-1,endereco,r2,1,False,True,False,False,False,False,Pedreira,False
ChIJex0RXOSLpJIRfRUNGvbIPg8,CASA DO ACAI,-1.420657,-48.472218,0.000000,0,Pedreira,DENTRO,-1,endereco,r2,1,False,True,False,False,False,False,Pedreira,False
ChIJkxsSnV-NpJIRO99rerOtZOg,Maioca - Sorveteria Artesanal Duque,-1.440815,-48.468871,4.500000,546,Pedreira,DENTRO,-1,endereco,r2,1,False,True,False,False,False,False,Pedreira,False
ChIJl7F_CE-LpJIRfNxqFNtPRas,Açaí Do DH,-1.42776,-48.478188,5.000000,1,Pedreira,DENTRO,-1,endereco,r2,1,False,True,False,False,False,False,Pedreira,False
ChIJo_1aMPSLpJIRqWuFkpMPnDw,Empório Amazônico,-1.424918,-48.457808,4.700000,1627,Pedreira,DENTRO,-1,endereco,r2,1,False,True,False,False,False,False,Pedreira,False
ChIJtQ6UIciLpJIRTcFTgOpusO4,Super açaí da Cris,-1.427353,-48.478549,5.000000,30,Pedreira,DENTRO,-1,endereco,r2|r3,2,False,True,False,False,False,True,Pedreira,False
ChIJw6DWw-aLpJIRvUGrgC7gb_g,Açaí do Bi,-1.418005,-48.472697,4.500000,6,Pedreira,DENTRO,-1,endereco,r2,1,False,True,False,False,False,False,Pedreira,False
ChIJy9N9W_uLpJIRxEvHXbcUb-k,Açaí Da Hilma,-1.423488,-48.473283,4.800000,12,Pedreira,DENTRO,-1,endereco,r2,1,False,True,False,False,False,False,Pedreira,False
ChIJ78owNQCLpJIR3w85bWhTh6Y,Açaízes,-1.429321,-48.469425,5.000000,3,Pedreira,DENTRO,-1,endereco,r2|r3,2,False,True,False,False,False,True,Pedreira,False
ChIJFcnbIvyLpJIRswDLtafORcc,Açaí do Jorge,-1.426095,-48.475117,4.600000,25,Pedreira,DENTRO,-1,endereco,r2,1,False,True,False,False,False,False,Pedreira,False
ChIJJzKa2e2LpJIRQSRwMl320nE,Casa do Açaí,-1.421429,-48.463404,4.600000,18,Pedreira,DENTRO,-1,endereco,r2|r3,2,False,True,False,False,False,True,Pedreira,False
ChIJK9Yi8ceNpJIRiyoLuqxF2Yg,Point do Açaí Express - Marco,-1.430722,-48.462946,3.800000,26,Pedreira,DENTRO,-1,endereco,r2|r3,2,False,True,False,False,False,True,Pedreira,False
ChIJqfoHEQqMpJIRvsvPPNoPuc4,Fã de Açaí,-1.429094,-48.462122,4.7,62,Pedreira,DENTRO,-1,endereco,r1|r3,2,True,False,False,False,False,True,Pedreira,False
ChIJkzq5sxKLpJIRCr-yvL3oY30,Açaiteria Pavulagem - Sorvete e Açaí - Pedreira,-1.417304,-48.469946,5.0,10,Pedreira,DENTRO,-1,endereco,r1,1,True,False,False,False,False,False,Pedreira,False
ChIJfYleq4mNpJIRL6P7MUrx_QU,Nutelagem Açaiteria e Doceria,-1.430095,-48.469711,5.0,3,Pedreira,DENTRO,-1,endereco,r1,1,True,False,False,False,False,False,Pedreira,False
ChIJJVOgE1WJpJIRXh6NzxbZD38,Açai & Cia,-1.429034,-48.480137,4.7,3,Pedreira,DENTRO,-1,endereco,r1,1,True,False,False,False,False,False,Pedreira,False
ChIJCyfXffmLpJIRQN2RC-gUY5g,Açai Sabor Ponta Pedrense,-1.426479,-48.471553,,1,Pedreira,DENTRO,-1,endereco,r3,1,False,False,False,False,False,True,Pedreira,False
ChIJp9ctB3qNpJIRnjBXxnkiMSM,Açaí Go - Delivery de açaí em belém,-1.433267,-48.467277,,0,Pedreira,DENTRO,-1,endereco,r3,1,False,False,False,False,False,True,Pedreira,False
ChIJG4OsXMKLpJIRVllENiRmquY,Açaí do Léo,-1.426421,-48.464012,,3,Pedreira,DENTRO,-1,endereco,r3,1,False,False,False,False,False,True,Pedreira,False
ChIJmw2XaOaLpJIRlKVWiGjUv6o,Açaí da MAY,-1.418111,-48.470445,,78,Pedreira,DENTRO,-1,endereco,r3,1,False,False,False,False,False,True,Pedreira,False
ChIJcVRQvf6LpJIR2QXr_-3TMA8,Açaí da Criss,-1.427002,-48.475009,,46,Pedreira,DENTRO,-1,endereco,r3,1,False,False,False,False,False,True,Pedreira,False
ChIJe0ijmfiLpJIRbmUN-9CXod0,Açaí do Fábio,-1.429951,-48.471742,,116,Pedreira,DENTRO,-1,endereco,r3,1,False,False,False,False,False,True,Pedreira,False
ChIJJ2UfvvCLpJIRX8oQr2i-OwE,Loja do Açai,-1.425404,-48.467718,,32,Pedreira,DENTRO,-1,endereco,r3,1,False,False,False,False,False,True,Pedreira,False
ChIJbbLaTeWLpJIRBKYaq-N1XPw,Doce Açaí,-1.423364,-48.472721,,23,Pedreira,DENTRO,-1,endereco,r3,1,False,False,False,False,False,True,Pedreira,False
ChIJ0ZmZtuqNpJIRuZyoTwXYc50,Sorveteria Caribe Belém,-1.436019,-48.471072,,17,Pedreira,DENTRO,-1,endereco,r3,1,False,False,False,False,False,True,Pedreira,False
ChIJAXwfWaGJpJIR3G2sf2m_NAg,Açaí do Luiz,-1.429508,-48.480574,,4,Pedreira,DENTRO,-1,endereco,r3,1,False,False,False,False,False,True,Pedreira,False
ChIJB23qwu2LpJIRDGQOiX_01lE,Açaí do Neco,-1.419093,-48.462208,,53,Pedreira,DENTRO,-1,endereco,r3,1,False,False,False,False,False,True,Pedreira,False
ChIJ3zWRsPGLpJIROrxHw2UZcFI,Açaí do Rei,-1.423811,-48.465812,,29,Pedreira,DENTRO,-1,endereco,r3,1,False,False,False,False,False,True,Pedreira,False
ChIJUxchpARkpJIRj8tjXtCJZxE,Restaurante Companhia do Açaí,-1.306802,-48.484044,0.000000,0,Ponta Grossa,DENTRO,-1,endereco,r2|r3,2,False,True,False,False,False,True,Ponta Grossa,False
ChIJVyhf4CtlpJIReS76Ie-j9qI,Açaí gelomar,-1.30879,-48.481242,1.000000,3,Ponta Grossa,DENTRO,-1,endereco,r2|r3,2,False,True,False,False,False,True,Ponta Grossa,False
ChIJ_ZxQTgBnpJIRJXkIArlautY,Açai Kaa,-1.282849,-48.454242,4.800000,4,Maracacuera,CORRIGIDO,762,auditoria_geo_2026,r2|r3,2,False,True,False,False,False,True,Ponta Grossa,False
ChIJjy0ihIRnpJIRuao0UZK1IA8,Espaço Novo Sabor - Espetinhos & Comidas Típicas,-1.307624,-48.470796,4.800000,143,Ponta Grossa,DENTRO,-1,endereco,r2,1,False,True,False,False,False,False,Ponta Grossa,False
ChIJpWPvsqxlpJIRHhfaXRD1ARA,Açaí paiD'égua Restô,-1.306287,-48.480062,4.300000,6,Ponta Grossa,DENTRO,-1,endereco,r2|r3,2,False,True,False,False,False,True,Ponta Grossa,False
ChIJve7EJHxlpJIRENldxJUAZdQ,Sorveteria Poco Loco,-1.302366,-48.483521,4.800000,44,Ponta Grossa,DENTRO,-1,endereco,r2|r3,2,False,True,False,False,False,True,Ponta Grossa,False
ChIJ9SpPMShlpJIR3lw-izSow1Y,Açai da Vevé,-1.31043,-48.480268,5.000000,3,Ponta Grossa,DENTRO,-1,endereco,r2|r3,2,False,True,False,False,False,True,Ponta Grossa,False
ChIJJ8TLo5plpJIRJ3sMpz0BqhI,Açaí.com - Delivery em Icoaraci,-1.30637,-48.483517,4.5,8,Ponta Grossa,DENTRO,-1,endereco,r1|r3,2,True,False,False,False,False,True,Ponta Grossa,False
ChIJPwIqD6pmpJIR0fBxzhoYd0s,Casa Do Açai,-1.310244,-48.478394,3.0,2,Ponta Grossa,DENTRO,-1,endereco,r1|r3,2,True,False,False,False,False,True,Ponta Grossa,False
ChIJe4c13KtmpJIRXWsh3l07dXk,Açaí DO IRMÃO Raimundo,-1.309781,-48.475088,,6,Ponta Grossa,DENTRO,-1,endereco,r3,1,False,False,False,False,False,True,Ponta Grossa,False
ChIJ8YedUKVmpJIR916CCZub_Nw,A casa do Açaí,-1.30558,-48.469392,,9,Ponta Grossa,DENTRO,-1,endereco,r3,1,False,False,False,False,False,True,Ponta Grossa,False
ChIJAQWZcGcVpJIR3edNEe_Mg7w,Açaí do Dodó,-1.129553,-48.447557,4.800000,20,Porto Arthur,DENTRO,-1,endereco,r2|r3,2,False,True,False,False,False,True,Porto Arthur,False
ChIJb1O-ej0VpJIRzQrxXovEWP4,açai especial da sandra,-1.128669,-48.446714,4.800000,5,Porto Arthur,DENTRO,-1,endereco,r2|r3,2,False,True,False,False,False,True,Porto Arthur,False
ChIJa6d-Nt0UpJIR0Kfp5TcBwyY,Cairu,-1.124737,-48.448607,,1849,Porto Arthur,DENTRO,-1,endereco,r3,1,False,False,False,False,False,True,Porto Arthur,False
ChIJR0tOMqeNpJIRvo1ZQDinEaA,Açai da Deusa,-1.461992,-48.458669,,0,Praia Grande,DENTRO,-1,endereco,r3,1,False,False,False,False,False,True,Praia Grande,False
ChIJZfJ-foWLpJIRhThHPq5DpC8,Açaí da pratinha,-1.354367,-48.47756,0.0,0,Pratinha,DENTRO,-1,endereco,r1,1,True,False,False,False,False,False,Pratinha,False
ChIJt3VwftNhpJIRu2f3EFdbkAs,Açaí,-1.36052,-48.473605,5.0,1,Pratinha,DENTRO,-1,endereco,r1,1,True,False,False,False,False,False,Pratinha,False
ChIJWcDxaABhpJIRCzUgxcLh40A,Rua açaí,-1.358496,-48.472859,5.0,1,Pratinha,DENTRO,-1,endereco,r1,1,True,False,False,False,False,False,Pratinha,False
ChIJH9RbsjdhpJIRynIPdiriWWc,Açaí que eu gosto,-1.363887,-48.467769,4.6,10,Pratinha,DENTRO,-1,endereco,r1,1,True,False,False,False,False,False,Pratinha,False
ChIJfWMP3fFhpJIR31nVWqsYMiY,Açai & Cia,-1.361558,-48.469226,4.5,2,Pratinha,DENTRO,-1,endereco,r1,1,True,False,False,False,False,False,Pratinha,False
ChIJ1ZV_LIphpJIR4rGVH9NF0oQ,Açaí Da Lú,-1.353641,-48.47639,5.0,3,Pratinha,DENTRO,-1,endereco,r1,1,True,False,False,False,False,False,Pratinha,False
ChIJR4koWgBhpJIRqPI7r0rlZvY,Rua açaí N5,-1.35842,-48.472615,0.0,0,Pratinha,DENTRO,-1,endereco,r1,1,True,False,False,False,False,False,Pratinha,False
ChIJ03bXfQBhpJIRKtqanIohvmU,R. Açaí,-1.358428,-48.468638,3.0,1,Pratinha,DENTRO,-1,endereco,r1,1,True,False,False,False,False,False,Pratinha,False
ChIJk_ZPF-5hpJIRRc56odzzz_s,Acai do Paulo,-1.361224,-48.468066,0.0,0,Pratinha,DENTRO,-1,endereco,r1,1,True,False,False,False,False,False,Pratinha,False
ChIJ0T7zTwhhpJIRSyNhiODLW7Y,AÇAÍ DO TIAGO,-1.359733,-48.469929,0.0,0,Pratinha,DENTRO,-1,endereco,r1,1,True,False,False,False,False,False,Pratinha,False
ChIJ-TBFa_FhpJIRG9f80WZliSI,Açai Dolouro,-1.361503,-48.472207,0.0,0,Pratinha,DENTRO,-1,endereco,r1,1,True,False,False,False,False,False,Pratinha,False
ChIJV9yHLuaJpJIRSMAUbQd8tEM,Açaí Pai d'égua,-1.376901,-48.480925,5.0,1,Pratinha,DENTRO,-1,endereco,r1,1,True,False,False,False,False,False,Pratinha,False
ChIJObn0ZPZhpJIRRn0m6lXDRJY,North Açaí,-1.361148,-48.476719,4.8,12,Pratinha,DENTRO,-1,endereco,r1,1,True,False,False,False,False,False,Pratinha,False
ChIJ-2kxH-yJpJIRjtFr2MAlgLE,Açaí da vovó e marmitex,-1.378335,-48.481009,5.0,3,Pratinha,DENTRO,-1,endereco,r1,1,True,False,False,False,False,False,Pratinha,False
ChIJYfw_RMRhpJIRslHY3WsG-VY,Açaí do Gil,-1.361212,-48.466733,4.0,2,Pratinha,DENTRO,-1,endereco,r1,1,True,False,False,False,False,False,Pratinha,False
ChIJfV313SWJpJIRiFKKPL1TiTI,B&S ACAI LOJA 2,-1.375526,-48.480056,5.0,1,Pratinha,DENTRO,-1,endereco,r1,1,True,False,False,False,False,False,Pratinha,False
ChIJ1aM7dRBhpJIRG1_TkUUpj70,Açaí Do João,-1.362089,-48.471892,0.0,0,Pratinha,DENTRO,-1,endereco,r1,1,True,False,False,False,False,False,Pratinha,False
ChIJCSOb8_JhpJIR0iunPPos7C8,Passagem Açaí,-1.359582,-48.47004,3.5,8,Pratinha,DENTRO,-1,endereco,r1,1,True,False,False,False,False,False,Pratinha,False
ChIJ5zsutN2JpJIRXDTusYpRZBs,Açai da Hora,-1.378265,-48.481322,0.0,0,Pratinha,DENTRO,-1,endereco,r1,1,True,False,False,False,False,False,Pratinha,False
ChIJDS1gzCqJpJIRQW72FXjZ2Qw,Açaí do Nilson,-1.37708,-48.48296,5.0,1,Pratinha,DENTRO,-1,endereco,r1,1,True,False,False,False,False,False,Pratinha,False
ChIJlXmmVgCJpJIRoKP9W5UInFs,Império do açaí,-1.374814,-48.48267,0.0,0,Pratinha,DENTRO,-1,endereco,r1,1,True,False,False,False,False,False,Pratinha,False
ChIJ_figOABhpJIR-Q0HXopI_TE,Açaí do baixinho,-1.357563,-48.470634,0.0,0,Pratinha,DENTRO,-1,endereco,r1,1,True,False,False,False,False,False,Pratinha,False
ChIJHfGZWgCJpJIRWNLdVF9XEec,Açaí puro sabor 2 sacramenta,-1.362099,-48.472314,0.0,0,Pratinha,DENTRO,-1,endereco,r1,1,True,False,False,False,False,False,Pratinha,False
ChIJl6deeIthpJIRdexDrKxA2qc,PARÁÇAÍ COMERCIO DE FERRAGENS,-1.355293,-48.474243,4.4,5,Pratinha,DENTRO,-1,endereco,r1,1,True,False,False,False,False,False,Pratinha,False
ChIJSXLG5cthpJIRmfGEGovFJhs,Point do Açaí,-1.375767,-48.480135,5.0,3,Pratinha,DENTRO,-1,endereco,r1,1,True,False,False,False,False,False,Pratinha,False
ChIJzTpYVveJpJIRfZuwkYxxMqY,Pede Ai AçaíDelivery,-1.379174,-48.482752,4.4,9,Pratinha,DENTRO,-1,endereco,r1|r3,2,True,False,False,False,False,True,Pratinha,False
ChIJbzOyjsGJpJIRk8O88ykRV1o,AÇAÍ MANIA,-1.37687,-48.481188,0.0,0,Pratinha,DENTRO,-1,endereco,r1,1,True,False,False,False,False,False,Pratinha,False
ChIJ6SJhO21hpJIRcaO7lW0e3kI,Açaí da Margô,-1.353789,-48.477316,0.0,0,Pratinha,DENTRO,-1,endereco,r1,1,True,False,False,False,False,False,Pratinha,False
ChIJNe4kV9BhpJIRKyI1YSUgzkI,ES Fábricação e Manutenção de Máquinas de Açai,-1.355255,-48.477391,5.0,6,Pratinha,DENTRO,-1,endereco,r1,1,True,False,False,False,False,False,Pratinha,False
ChIJ25X81MhhpJIR6guMuGaYtWE,AÇAÍ DO JHON,-1.361439,-48.470045,0.0,0,Pratinha,DENTRO,-1,endereco,r1,1,True,False,False,False,False,False,Pratinha,False
ChIJxTxenO1hpJIR7UuTt-P0HNY,Açai 2 Irmãos,-1.358877,-48.467937,5.0,1,Pratinha,DENTRO,-1,endereco,r1,1,True,False,False,False,False,False,Pratinha,False
ChIJM_A2bwBhpJIRS0gkz7GAlgs,Pratinha 2,-1.361546,-48.476639,0.0,0,Pratinha,DENTRO,-1,endereco,r1,1,True,False,False,False,False,False,Pratinha,False
ChIJA6QSipJhpJIR1ElKvJJuj_s,Açai da neila,-1.344536,-48.47816,0.0,0,Pratinha,DENTRO,-1,endereco,r1,1,True,False,False,False,False,False,Pratinha,False
ChIJJzi8JgBhpJIR1GRYC2bwLzA,Assembleia de Deus Ministerio Casa do Oleiro,-1.358515,-48.472381,5.0,2,Pratinha,DENTRO,908,centroide,r1,1,True,False,False,False,False,False,Pratinha,False
ChIJTfMm81JhpJIR4sq57ka4LSc,Guaraná mexicano,-1.369843,-48.472115,5.000000,6,Pratinha,DENTRO,-1,endereco,r2,1,False,True,False,False,False,False,Pratinha,False
ChIJTzMgW4iJpJIRaAIG5f2aCkY,Delicias Da Nega,-1.378604,-48.483711,4.600000,15,Pratinha,DENTRO,-1,endereco,r2,1,False,True,False,False,False,False,Pratinha,False
ChIJXcSOE-VhpJIRp6V7sEWynC0,E.S.G Equipamentos,-1.359096,-48.468279,5.000000,2,Pratinha,DENTRO,583,centroide,r2,1,False,True,False,False,False,False,Pratinha,False
ChIJY2DZfoBhpJIR6FqVywluyZI,Bleester's Shawarma Acai,-1.363922,-48.472011,0.000000,0,Pratinha,DENTRO,-1,endereco,r2,1,False,True,False,False,False,False,Pratinha,False
ChIJ_eTr7tdhpJIRu5uPgq3l92g,MixturAMA Pizza's,-1.361279,-48.469224,4.200000,119,Pratinha,DENTRO,-1,endereco,r2,1,False,True,False,False,False,False,Pratinha,False
ChIJifGmaothpJIRzBtxAlOEp4o,Restô Pinheiros - Bar e restaurante,-1.366004,-48.47227,4.600000,75,Pratinha,DENTRO,-1,endereco,r2,1,False,True,False,False,False,False,Pratinha,False
ChIJjzhU2VVhpJIRsWXhyP4HxNE,TUDO ÁGUA DISTRIBUIDORA DE ÁGUA MINERAL NATURAL,-1.361481,-48.472687,5.000000,71,Pratinha,DENTRO,-1,endereco,r2,1,False,True,False,False,False,False,Pratinha,False
ChIJke__T2D1pJIRxLQzHdRluY4,Manos burguer e churrasco,-1.378441,-48.48088,4.700000,3,Pratinha,DENTRO,-1,endereco,r2,1,False,True,False,False,False,False,Pratinha,False
ChIJkwX2x_5hpJIRBC1_xgPWYLQ,L a conveniência,-1.356259,-48.468383,0.000000,0,Pratinha,DENTRO,-1,endereco,r2,1,False,True,False,False,False,False,Pratinha,False
ChIJoz5xMmdhpJIR6vYLlL1UIaM,Atacadão do ovo,-1.361343,-48.466869,4.200000,5,Pratinha,DENTRO,-1,endereco,r2,1,False,True,False,False,False,False,Pratinha,False
ChIJt4ALcVKJpJIRs5darLKZAXE,Amazônia Ferragens,-1.377716,-48.480709,4.800000,154,Pratinha,DENTRO,-1,endereco,r2,1,False,True,False,False,False,False,Pratinha,False
ChIJt_7PoN1hpJIRFyXvQxT3Q0o,Sabor Brasileiro,-1.366427,-48.476459,5.000000,4,Pratinha,DENTRO,-1,endereco,r2,1,False,True,False,False,False,False,Pratinha,False
ChIJuRpvbEVhpJIRToXrAJXLmlw,Brutu's Burguers,-1.361295,-48.468209,4.300000,39,Pratinha,DENTRO,-1,endereco,r2,1,False,True,False,False,False,False,Pratinha,False
ChIJ-_SK4_JhpJIRVYO06loDuqk,Passagem Cupuaçu,-1.358036,-48.470489,3.300000,29,Pratinha,DENTRO,-1,endereco,r2,1,False,True,False,False,False,False,Pratinha,False
ChIJ2-LkcQphpJIRfovjbbgo5mI,KI BOM,-1.359584,-48.470003,5.000000,2,Pratinha,DENTRO,-1,endereco,r2,1,False,True,False,False,False,False,Pratinha,False
ChIJ3Uyfaf9hpJIRT7f_iUF2CNI,Amazonas Indústrias Alimentícias S/A Amasa,-1.360505,-48.477421,4.600000,104,Pratinha,DENTRO,-1,endereco,r2,1,False,True,False,False,False,False,Pratinha,False
ChIJAd8v4EdhpJIRkZikgXDl4_M,Teka Comidas típicas,-1.360682,-48.47549,4.700000,50,Pratinha,DENTRO,-1,endereco,r2,1,False,True,False,False,False,False,Pratinha,False
ChIJJenNX_dhpJIRF5UgzLnGrcI,IMPÉRIO ACESSÓRIOS,-1.35848,-48.472363,0.000000,0,Pratinha,DENTRO,-1,endereco,r2,1,False,True,False,False,False,False,Pratinha,False
ChIJNbrgRR2JpJIRcimg2F1wDvk,Ultimate Burguer,-1.376193,-48.480301,4.600000,18,Pratinha,DENTRO,-1,endereco,r2,1,False,True,False,False,False,False,Pratinha,False
ChIJhwbiWI9hpJIR1IdC8n4vZpE,Açai bom gosto,-1.35712,-48.465719,0.0,0,Pratinha,DENTRO,248,centroide,r1,1,True,False,False,False,False,False,Pratinha,False
ChIJpSFtTZ1hpJIRtF4MKQgXwGY,AÇAÍ DE CASA,-1.363656,-48.467023,4.9,24,Pratinha,DENTRO,988,centroide,r1|r3,2,True,False,False,False,False,True,Pratinha,False
ChIJA1UDsw5hpJIRIpC_ktgVAVg,Acai do Cabra,-1.370138,-48.472125,5.0,1,Pratinha,DENTRO,-1,endereco,r1,1,True,False,False,False,False,False,Pratinha,False
ChIJNWx9WgBhpJIRRglDJqfMnk0,Açaíteria Quiosquinho Quero Mais,-1.361285,-48.46998,5.0,2,Pratinha,DENTRO,-1,endereco,r1,1,True,False,False,False,False,False,Pratinha,False
ChIJY9OKczlhpJIRHWa04yUMV8U,Gênesis açaí,-1.361327,-48.465424,0.0,0,Pratinha,DENTRO,-1,endereco,r1,1,True,False,False,False,False,False,Pratinha,False
ChIJgeBuYgxhpJIRerERIDgDiMg,S.L.C Açaí Berry,-1.369684,-48.472356,0.0,0,Pratinha,DENTRO,-1,endereco,r1,1,True,False,False,False,False,False,Pratinha,False
ChIJJ7uvAvxhpJIRiefjBrhBbXM,Ponto +Açaí,-1.361912,-48.469365,4.7,3,Pratinha,DENTRO,-1,endereco,r1,1,True,False,False,False,False,False,Pratinha,False
ChIJP0SLDQBhpJIR-cDpSd753k4,Açaí 3 irmãos,-1.358038,-48.465718,5.0,1,Pratinha,DENTRO,-1,endereco,r1,1,True,False,False,False,False,False,Pratinha,False
ChIJQQ__-_JhpJIRTXhLRmrMHwI,R. Açaí - Pratinha,-1.358505,-48.471539,0.0,0,Pratinha,DENTRO,824,centroide,r1,1,True,False,False,False,False,False,Pratinha,False
ChIJYefA8ZeOpJIR10irPNCLs1Y,Cairu,-1.445671,-48.489149,4.700000,2412,Reduto,DENTRO,-1,endereco,r2,1,False,True,False,False,False,False,Reduto,False
ChIJaz6WfZGOpJIRKTQ9EZ3pzNw,Seuaçaibel,-1.450251,-48.493645,5.000000,1,Reduto,DENTRO,-1,endereco,r2,1,False,True,False,False,False,False,Reduto,False
ChIJfws9DJSOpJIRrd4Som1XTfI,C.A.M.T.A - Cooperativa Agrícola Mista de Tomé-Açu,-1.447579,-48.493785,4.600000,67,Reduto,DENTRO,-1,endereco,r2,1,False,True,False,False,False,False,Reduto,False
ChIJE-74JC-PpJIRxIIQnfwRSYU,Açaí & Açaí Frozen - Unidade Doca,-1.447334,-48.487967,3.900000,14,Reduto,DENTRO,-1,endereco,r2,1,False,True,False,False,False,False,Reduto,False
ChIJm2G1obuOpJIRYhy7gLiakYg,Point do Açai Umarizal,-1.440489,-48.491465,4.5,898,Reduto,DENTRO,-1,endereco,r1|r3,2,True,False,False,False,False,True,Reduto,False
ChIJIQN0T8OLpJIRQkwFalD50l0,Açaí do Edir,-1.412354,-48.468099,4.400000,86,Sacramenta,DENTRO,-1,endereco,r2|r3,2,False,True,False,False,False,True,Sacramenta,False
ChIJa4AoRsOLpJIRIxuRLpm361g,Açai Na Tigela,-1.412496,-48.468121,3.8,10,Sacramenta,DENTRO,-1,endereco,r1|r3,2,True,False,False,False,False,True,Sacramenta,False
ChIJBUYbwKCLpJIR51v68VWc1BI,Açaiteria Pavulagem - Sorvete e Açaí - Unidade Sacramenta,-1.409222,-48.469196,5.0,1,Sacramenta,DENTRO,-1,endereco,r1,1,True,False,False,False,False,False,Sacramenta,False
ChIJ-1_vDQCLpJIRYcItCKQ4Xv8,Açaíteria Paranoá,-1.422788,-48.476026,5.0,7,Sacramenta,DENTRO,-1,endereco,r1,1,True,False,False,False,False,False,Sacramenta,False
ChIJiRAEadCLpJIRbNnne6I4gC0,Açaiman,-1.416519,-48.478213,4.0,4,Sacramenta,DENTRO,-1,endereco,r1,1,True,False,False,False,False,False,Sacramenta,False
ChIJX7GHH-KLpJIRvgSZ3dAsDhg,Açaí Da Mena,-1.419332,-48.477466,,21,Sacramenta,DENTRO,-1,endereco,r3,1,False,False,False,False,False,True,Sacramenta,False
ChIJ50-y8v-JpJIRLIfL4otRuwM,Açaí do Léo,-1.410242,-48.479023,,26,Sacramenta,DENTRO,-1,endereco,r3,1,False,False,False,False,False,True,Sacramenta,False
ChIJKbDA1KaLpJIRKn5V5wPsNvg,Top açai Belém,-1.424025,-48.476807,,4,Sacramenta,DENTRO,-1,endereco,r3,1,False,False,False,False,False,True,Sacramenta,False
ChIJG-q_mXWLpJIRyZ060yDLG8A,Açaí Marajoara,-1.416965,-48.474716,,2,Sacramenta,DENTRO,-1,endereco,r3,1,False,False,False,False,False,True,Sacramenta,False
ChIJ-TjRY7aLpJIR9cgdVG0VWEo,Açaí do Abraão Sacramenta,-1.41235,-48.46633,,1,Sacramenta,DENTRO,-1,endereco,r3,1,False,False,False,False,False,True,Sacramenta,False
ChIJe92VAseNpJIR7v4LHED5WGY,GINGA AÇAÍ,-1.452967,-48.472655,0.000000,0,São Brás,DENTRO,-1,endereco,r2,1,False,True,False,False,False,False,São Brás,False
ChIJwZGfvyWMpJIR3qXvHUF6cA4,Restaurante Caçarola,-1.451014,-48.472371,4.400000,723,São Brás,DENTRO,-1,endereco,r2,1,False,True,False,False,False,False,São Brás,False
ChIJy0zPUsWNpJIRtdKHG61NVzY,Açaí Belém,-1.456184,-48.467803,0.000000,0,São Brás,DENTRO,-1,endereco,r2|r3,2,False,True,False,False,False,True,São Brás,False
ChIJyf6z_yuMpJIR7iGmo_b8hEw,Divino Açaí do Diego,-1.455861,-48.473768,4.500000,10,São Brás,DENTRO,-1,endereco,r2|r3,2,False,True,False,False,False,True,São Brás,False
ChIJ1XXXAwCNpJIRoFufmH2bZIs,Açaí Riacho Doce,-1.433709,-48.460352,3.000000,2,Marco,CORRIGIDO,-1,auditoria_geo_2026,r2,1,False,True,False,False,False,False,São Brás,False
ChIJkQEjShmNpJIR5KiJA9KY9Cg,TÉDOIDÉ AÇAÍ,-1.447555,-48.473378,4.6,91,São Brás,DENTRO,-1,endereco,r1|r3,2,True,False,False,False,False,True,São Brás,False
ChIJHaPbrzCMpJIRafOZRGbgy0I,Açaí No Ponto,-1.452296,-48.464249,5.0,1,São Brás,DENTRO,-1,endereco,r1,1,True,False,False,False,False,False,São Brás,False
ChIJy4c9qTuMpJIRtFq6FM-O_cg,AçaíBonD+,-1.44947,-48.4647,4.4,386,São Brás,DENTRO,-1,endereco,r1|r3,2,True,False,False,False,False,True,São Brás,False
ChIJZaYKvKqNpJIRgtiu5bae6co,Açaí da Boa Ventura,-1.446063,-48.474502,4.5,10,São Brás,DENTRO,-1,endereco,r1|r3,2,True,False,False,False,False,True,São Brás,False
ChIJcW__CDKMpJIRZTV8ZAlpIJ0,Açaí da Conselheiro - Delivery,-1.456187,-48.468566,,5,São Brás,DENTRO,-1,endereco,r3,1,False,False,False,False,False,True,São Brás,False
ChIJK5wkTyeMpJIRBC5v_53r8fw,Açaí do Francisco,-1.44779,-48.478122,,141,São Brás,DENTRO,-1,endereco,r3,1,False,False,False,False,False,True,São Brás,False
ChIJ2ycRkG5hpJIRoRnikN2RTXI,Açaí da neth,-1.361164,-48.467745,4.7,7,São Clemente,DENTRO,-1,endereco,r1,1,True,False,False,False,False,False,São Clemente,False
ChIJu8VdBn5hpJIR9HuOMqferxs,Açai do Primo,-1.360508,-48.464598,4.9,8,São Clemente,DENTRO,-1,endereco,r1,1,True,False,False,False,False,False,São Clemente,False
ChIJFejiQO9hpJIRwma7TbP2034,Açaí Do Bijú,-1.363327,-48.464776,5.0,6,São Clemente,DENTRO,-1,endereco,r1,1,True,False,False,False,False,False,São Clemente,False
ChIJHf8FmJ9mpJIReZd_yqAngsg,Casa Pena,-1.298065,-48.476273,,102,São Clemente,DENTRO,-1,endereco,r3,1,False,False,False,False,False,True,São Clemente,False
ChIJA7YrBLMVpJIRnw0QGdHUIvI,Sorveteria Pai d'egua,-1.108182,-48.416537,,9,São Francisco,DENTRO,-1,endereco,r3,1,False,False,False,False,False,True,São Francisco,False
ChIJH34UPAAVpJIREnp2fCYyZBg,Açaí da Bia,-1.107857,-48.413318,,0,São Francisco,DENTRO,-1,endereco,r3,1,False,False,False,False,False,True,São Francisco,False
ChIJz5jH4EEVpJIRDQawosHKjJY,Keise sorveteria e Delícias da Walda,-1.109817,-48.414488,,2,São Francisco,DENTRO,-1,endereco,r3,1,False,False,False,False,False,True,São Francisco,False
ChIJ_ebgeO4VpJIRgwDMtcGCAaA,CLUBE CHURRASCO DA ILHA,-1.108561,-48.417399,,38,São Francisco,DENTRO,-1,endereco,r3,1,False,False,False,False,False,True,São Francisco,False
ChIJvT2Y5VxrpJIRtVDiQPYB_fM,Praia Grande,-1.150169,-48.469716,,135,São Francisco,DENTRO,387,centroide,r3,1,False,False,False,False,False,True,São Francisco,False
ChIJLwrW56MVpJIRYfhykTIwa1A,AÇAI DO MARTINHO,-1.133196,-48.435518,4.700000,7,São João do Outeiro,DENTRO,-1,endereco,r2|r3,2,False,True,False,False,False,True,São João do Outeiro,False
ChIJ10FNBHlnpJIRqGiR1DSsSkU,Ponto do Açaí,-1.26337,-48.464892,0.000000,0,São João do Outeiro,DENTRO,-1,endereco,r2|r3,2,False,True,False,False,False,True,São João do Outeiro,False
ChIJHTdlLlZnpJIRRREMM0ab0gk,Açai Das Meninas,-1.263789,-48.460754,4.500000,22,São João do Outeiro,DENTRO,-1,endereco,r2|r3,2,False,True,False,False,False,True,São João do Outeiro,False
ChIJLcwvl1BnpJIRqyOprSr-cfs,Sereias Gourmet,-1.260495,-48.466296,5.000000,4,São João do Outeiro,DENTRO,-1,endereco,r2|r3,2,False,True,False,False,False,True,São João do Outeiro,False
ChIJO9A66UtnpJIRiOQpPmpznMM,Açaí Paraense,-1.259636,-48.457273,,0,São João do Outeiro,DENTRO,-1,endereco,r3,1,False,False,False,False,False,True,São João do Outeiro,False
ChIJffqdLEprpJIR1RFg_qb0RLM,ACAITERIA JAPA POINT,-1.14189,-48.461136,,0,São João do Outeiro,DENTRO,-1,endereco,r3,1,False,False,False,False,False,True,São João do Outeiro,False
ChIJi3KJfogVpJIRQVGFJSlSYdk,Jl Açai Ponto Certo,-1.101054,-48.401146,,0,São João do Outeiro,DENTRO,-1,endereco,r3,1,False,False,False,False,False,True,São João do Outeiro,False
ChIJ28_8q99npJIRQ3-ORfs6d_w,La Casa De Açaí,-1.2654,-48.455662,,0,São João do Outeiro,DENTRO,-1,endereco,r3,1,False,False,False,False,False,True,São João do Outeiro,False
ChIJVxMVuN1npJIRwDQeYBTe9Hk,AÇAÍ da MORENA,-1.269605,-48.473025,,13,São João do Outeiro,DENTRO,-1,endereco,r3,1,False,False,False,False,False,True,São João do Outeiro,False
ChIJwfQ6OK5npJIR26NxeJ14gZU,Açaí da Curva,-1.269539,-48.47301,,1,São João do Outeiro,DENTRO,-1,endereco,r3,1,False,False,False,False,False,True,São João do Outeiro,False
ChIJv8j9u4lnpJIRfcvDc66TFx0,Açaí do Jamanta beira mar,-1.258013,-48.469509,,12,São João do Outeiro,DENTRO,-1,endereco,r3,1,False,False,False,False,False,True,São João do Outeiro,False
ChIJkxEfW35ppJIRP_R7M32x1mA,Sítio Açaí,-1.237074,-48.434568,,3,São João do Outeiro,DENTRO,-1,endereco,r3,1,False,False,False,False,False,True,São João do Outeiro,False
ChIJReKYjupppJIRsRgKxy2gDQE,Açaí 4 irmãos,-1.251991,-48.446646,,3,São João do Outeiro,DENTRO,-1,endereco,r3,1,False,False,False,False,False,True,São João do Outeiro,False
ChIJj41w8htmpJIRCxgYMghqsfA,Açai das Meninas ll,-1.258823,-48.464765,,26,São João do Outeiro,DENTRO,-1,endereco,r3,1,False,False,False,False,False,True,São João do Outeiro,False
ChIJn3P78RpmpJIRluElhfoQtTA,Açai Do Jamanta,-1.260934,-48.466833,,2,São João do Outeiro,DENTRO,-1,endereco,r3,1,False,False,False,False,False,True,São João do Outeiro,False
ChIJ3zZPFgBnpJIRWUE4Ttk0jmE,Sorveteria e açaiteria ohana / Outeiro,-1.255711,-48.46176,,2,São João do Outeiro,DENTRO,-1,endereco,r3,1,False,False,False,False,False,True,São João do Outeiro,False
ChIJszq0OI5npJIRH5e59JhzrNM,Açaí do Malato,-1.255999,-48.462322,,1,São João do Outeiro,DENTRO,-1,endereco,r3,1,False,False,False,False,False,True,São João do Outeiro,False
ChIJM2rZ9R5mpJIRkMdEONBKwM8,Casa de Praia com área de lazer - Three-Bedroom House,-1.25662,-48.462189,,0,São João do Outeiro,DENTRO,-1,endereco,r3,1,False,False,False,False,False,True,São João do Outeiro,False
ChIJJ9C6nwRmpJIRsUmf86D8OYE,Sorveteria e Pizzaria Beira-Mar,-1.258631,-48.470112,,21,São João do Outeiro,DENTRO,-1,endereco,r3,1,False,False,False,False,False,True,São João do Outeiro,False
ChIJDSXuNgBppJIRrHh_vVRrekU,Açaí da ilha,-1.253625,-48.460033,,0,São João do Outeiro,DENTRO,-1,endereco,r3,1,False,False,False,False,False,True,São João do Outeiro,False
ChIJQ1gkhBBmpJIRMR9rjFO010Q,Açai Nativos,-1.262379,-48.465891,,2,São João do Outeiro,DENTRO,-1,endereco,r3,1,False,False,False,False,False,True,São João do Outeiro,False
ChIJFwtdDqprpJIRqfiR6MNn1y4,Açai Da Ilha,-1.164904,-48.469586,,1,São João do Outeiro,DENTRO,-1,endereco,r3,1,False,False,False,False,False,True,São João do Outeiro,False
ChIJcSWUer2LpJIRRSfXgDe-SJY,Açai Natural,-1.414552,-48.450711,5.000000,1,Souza,DENTRO,-1,endereco,r2,1,False,True,False,False,False,False,Souza,False
ChIJy7x6wqCLpJIRuOZn9iHVzf0,Casa Do Açaí,-1.411988,-48.440449,5.000000,1,Souza,DENTRO,-1,endereco,r2,1,False,True,False,False,False,False,Souza,False
ChIJM2SI2DGLpJIR5oLi_G2-zVs,Maioca - Marambaia,-1.404895,-48.448806,3.800000,93,Souza,DENTRO,-1,endereco,r2,1,False,True,False,False,False,False,Souza,False
ChIJm76CAK6LpJIRuwB5TAg182g,Top Açaí Sorvetes,-1.416218,-48.449281,4.8,18,Souza,DENTRO,-1,endereco,r1|r3,2,True,False,False,False,False,True,Souza,False
ChIJXy5zIfWLpJIRR6HsUSHIl2M,"Açaí ta on, Fábrica de Açaí gourmet e Sorveteria",-1.408901,-48.445262,4.5,21,Souza,DENTRO,-1,endereco,r1|r3,2,True,False,False,False,False,True,Souza,False
ChIJFazU5pmLpJIR7drsaRQtB_A,Açaí e Restô Imperial,-1.417785,-48.448434,,190,Souza,DENTRO,-1,endereco,r3,1,False,False,False,False,False,True,Souza,False
ChIJifYLMwBhpJIRynUiYv2Ny5o,Sucurijuquara,-1.313558,-48.454638,,0,Sucurijuquara,DENTRO,-1,endereco,r3,1,False,False,False,False,False,True,Sucurijuquara,False
ChIJCdvlQ6BhpJIRyfTzIJAJ_qc,Açaí Tapajós,-1.34321,-48.457096,4.8,5,Tapanã,DENTRO,-1,endereco,r1|r3,2,True,False,False,False,False,True,Tapanã,False
ChIJyxthXABhpJIRdse0DVv1zxI,Doce Mania da Bia Açaiteria,-1.342599,-48.45697,5.0,2,Tapanã,DENTRO,-1,endereco,r1|r3,2,True,False,False,False,False,True,Tapanã,False
ChIJ5xoWF7NhpJIRxni_5MHViNw,Açaí do Ricardo,-1.349611,-48.468241,3.0,2,Tapanã,DENTRO,-1,endereco,r1,1,True,False,False,False,False,False,Tapanã,False
ChIJ9_ThcQBhpJIRtYAKGHKo7gU,Empório Roxinho,-1.346833,-48.457919,5.0,1,Tapanã,DENTRO,-1,endereco,r1,1,True,False,False,False,False,False,Tapanã,False
ChIJeVPBUNZhpJIRf1iXIY95VK8,Açai do Raelcio,-1.347992,-48.468529,4.800000,8,Tapanã,DENTRO,-1,endereco,r2|r3,2,False,True,False,False,False,True,Tapanã,False
ChIJh1CN9NRhpJIRh4jbUi2sMEc,Fabrica de polpa de açaí,-1.337132,-48.472472,4.000000,3,Tapanã,DENTRO,-1,endereco,r2,1,False,True,False,False,False,False,Tapanã,False
ChIJs5J2f0JhpJIRTXd6SlZfYRY,Cantinho do Sorvete,-1.341925,-48.462232,0.000000,0,Tapanã,DENTRO,-1,endereco,r2,1,False,True,False,False,False,False,Tapanã,False
ChIJtx70B-VhpJIR0dWlHjs7gFA,Açai Do Bosque,-1.323857,-48.477421,4.400000,16,Tapanã,DENTRO,-1,endereco,r2,1,False,True,False,False,False,False,Tapanã,False
ChIJvQsi2Y9hpJIRvNZS3CMy_M4,Distribuidora e sorveteria NATHAN,-1.355414,-48.465854,4.500000,8,Tapanã,DENTRO,-1,endereco,r2,1,False,True,False,False,False,False,Tapanã,False
ChIJ-4T4SwBhpJIRrFZuLK3VfpA,Açaí Cr,-1.341869,-48.464348,0.000000,0,Tapanã,DENTRO,-1,endereco,r2,1,False,True,False,False,False,False,Tapanã,False
ChIJ-y1vksdhpJIRi_peQ-gPEl0,Camisaria Arara-Açai,-1.345515,-48.460003,5.000000,23,Tapanã,DENTRO,-1,endereco,r2,1,False,True,False,False,False,False,Tapanã,False
ChIJ0cCAAvlhpJIRxKm8nJh0sjY,burguer house artesanal,-1.342342,-48.451883,4.200000,5,Tapanã,DENTRO,-1,endereco,r2,1,False,True,False,False,False,False,Tapanã,False
ChIJ4-TtQpZhpJIRZYUHd3bnnag,Restaurante e Açai do Sr° Heitor / Hamburgueria Artesanal e Espeto Rockdoido,-1.348934,-48.460362,5.000000,1,Tapanã,DENTRO,-1,endereco,r2,1,False,True,False,False,False,False,Tapanã,False
ChIJ8_3ibadhpJIRkvbgvcAUpmM,Casa Do Tijolo,-1.34276,-48.451933,4.800000,4,Tapanã,DENTRO,-1,endereco,r2,1,False,True,False,False,False,False,Tapanã,False
ChIJ9dtjD05hpJIR45ygdQSmyjY,Açai Massa,-1.335759,-48.474374,0.000000,0,Tapanã,DENTRO,-1,endereco,r2,1,False,True,False,False,False,False,Tapanã,False
ChIJAerTZYdhpJIRBN_Z895DAW8,Jp açaí,-1.331549,-48.468871,3.300000,6,Tapanã,DENTRO,-1,endereco,r2,1,False,True,False,False,False,False,Tapanã,False
ChIJBdBaBpBhpJIRPE2cskeSP2M,AÇAÍ DO IRMÃO LUIZ,-1.349738,-48.468226,0.000000,0,Tapanã,DENTRO,-1,endereco,r2,1,False,True,False,False,False,False,Tapanã,False
ChIJC3HBNABjpJIRVTDuXuQVkvg,Açaí do Bom,-1.329538,-48.479322,5.000000,1,Tapanã,DENTRO,-1,endereco,r2|r3,2,False,True,False,False,False,True,Tapanã,False
ChIJDRdwiCZhpJIRZZTdWCN5UQ8,Açaí Sabor Marajoara,-1.357535,-48.465771,4.800000,4,Tapanã,DENTRO,-1,endereco,r2|r3,2,False,True,False,False,False,True,Tapanã,False
ChIJG_pC52JhpJIRcMTRR9dP6Uc,Quero + Açaí,-1.349174,-48.467579,5.000000,4,Tapanã,DENTRO,-1,endereco,r2,1,False,True,False,False,False,False,Tapanã,False
ChIJGwDE2uxhpJIRM22oI8RB3HI,Companhia Do Açai,-1.357388,-48.465653,4.000000,5,Tapanã,DENTRO,-1,endereco,r2|r3,2,False,True,False,False,False,True,Tapanã,False
ChIJGwdeFmxhpJIRG0kfdKhJ7LY,Açaí da Ray,-1.349731,-48.466379,0.000000,0,Tapanã,DENTRO,-1,endereco,r2|r3,2,False,True,False,False,False,True,Tapanã,False
ChIJJVXhWABhpJIRWt-HFXetsqU,Loteamento Açaí,-1.32537,-48.464802,0.000000,0,Tapanã,DENTRO,-1,endereco,r2,1,False,True,False,False,False,False,Tapanã,False
ChIJJfEfsCFhpJIRszfmYax5Y0g,JS Açaí Natural,-1.354297,-48.466091,0.000000,0,Tapanã,DENTRO,-1,endereco,r2,1,False,True,False,False,False,False,Tapanã,False
ChIJLX2Iw-hhpJIRnvI_45RkDf0,Cumbuca Açaí,-1.352268,-48.459765,5.000000,2,Tapanã,DENTRO,-1,endereco,r2|r3,2,False,True,False,False,False,True,Tapanã,False
ChIJN91scoRhpJIRBm_irsmLN3Q,LOTEAMENTO AÇAÍ,-1.333772,-48.465126,3.000000,1,Tapanã,DENTRO,-1,endereco,r2,1,False,True,False,False,False,False,Tapanã,False
ChIJEYt2LgBhpJIRg1zJ4pK_mM4,Açaí da Perimetral,-1.351743,-48.469293,,1,Tapanã,DENTRO,-1,endereco,r3,1,False,False,False,False,False,True,Tapanã,False
ChIJ80D393thpJIRXf9SLuT0bUw,Original Açaí Belém,-1.346764,-48.461326,5.0,2,Tapanã,DENTRO,-1,endereco,r1|r3,2,True,False,False,False,False,True,Tapanã,False
ChIJT6YylFxhpJIReZrdfWYCqPc,Casa do Açaí,-1.349413,-48.463529,4.1,68,Tapanã,DENTRO,-1,endereco,r1|r3,2,True,False,False,False,False,True,Tapanã,False
ChIJ40Hf54NhpJIRYOaxe5pDdqg,Açaí Bom Todo,-1.352566,-48.466338,4.8,20,Tapanã,DENTRO,-1,endereco,r1|r3,2,True,False,False,False,False,True,Tapanã,False
ChIJ8dYqZBxhpJIRZoVKaZqlxlI,Açaí do Jorjão,-1.346478,-48.475764,5.0,1,Tapanã,DENTRO,-1,endereco,r1|r3,2,True,False,False,False,False,True,Tapanã,False
ChIJvfvweH9hpJIRtFQWFRZmU6I,PONTO DO AÇAÍ,-1.348401,-48.461619,1.7,19,Tapanã,DENTRO,380,centroide,r1|r3,2,True,False,False,False,False,True,Tapanã,False
ChIJccIiLZNhpJIRMWqBxYjAOkE,Ponto Do Açai,-1.356785,-48.46573,2.9,7,Tapanã,DENTRO,-1,endereco,r1|r3,2,True,False,False,False,False,True,Tapanã,False
ChIJO_FxbuRhpJIRlMZbf9mZzYo,Ki-creme Açai,-1.355972,-48.465927,4.6,10,Tapanã,DENTRO,-1,endereco,r1|r3,2,True,False,False,False,False,True,Tapanã,False
ChIJq1Pxu2RhpJIRcfFXfOz_EMo,Amazon Fruits,-1.334167,-48.472918,4.8,17,Tapanã,DENTRO,-1,endereco,r1|r3,2,True,False,False,False,False,True,Tapanã,False
ChIJISMpVVNhpJIRnIw9Sog1dK4,Açai do Fred,-1.357599,-48.46437,5.0,1,Tapanã,DENTRO,-1,endereco,r1|r3,2,True,False,False,False,False,True,Tapanã,False
ChIJ81pQ_J1hpJIRS6phPnLK-ns,Canto do açaí,-1.361237,-48.458437,4.9,12,Tapanã,DENTRO,-1,endereco,r1|r3,2,True,False,False,False,False,True,Tapanã,False
ChIJmxfE6A5hpJIRUJds-tVTkJA,Açaí Pai D'égua,-1.350036,-48.459915,4.2,5,Tapanã,DENTRO,-1,endereco,r1|r3,2,True,False,False,False,False,True,Tapanã,False
ChIJDWQrB09hpJIRcjIDnsxsBWI,Açaí Da Mile,-1.353912,-48.476389,0.0,0,Tapanã,DENTRO,-1,endereco,r1|r3,2,True,False,False,False,False,True,Tapanã,False
ChIJ00VeBl5hpJIRUHpEtwFWxG8,Açai da Val,-1.360927,-48.467874,4.6,5,Tapanã,DENTRO,-1,endereco,r1,1,True,False,False,False,False,False,Tapanã,False
ChIJi_ZEvS1hpJIR-MSia2NQdRk,Açai do branco,-1.3582,-48.463772,4.8,16,Tapanã,DENTRO,-1,endereco,r1|r3,2,True,False,False,False,False,True,Tapanã,False
ChIJ6W5FcgBhpJIRgmdl_tpiYPo,AÇAÍ DU BOM,-1.352741,-48.464998,5.0,4,Tapanã,DENTRO,-1,endereco,r1|r3,2,True,False,False,False,False,True,Tapanã,False
ChIJHeOXgjdhpJIR-wGiLlSjPTQ,Papa açai,-1.35723,-48.464764,4.3,10,Tapanã,DENTRO,-1,endereco,r1|r3,2,True,False,False,False,False,True,Tapanã,False
ChIJW0KUVo1hpJIRe--1rLtDfZI,Açaí Moriá,-1.343447,-48.457201,4.8,4,Tapanã,DENTRO,-1,endereco,r1|r3,2,True,False,False,False,False,True,Tapanã,False
ChIJvaZ9pWlhpJIRlI8EsqKNf9M,Açaí do A.LOPES,-1.331112,-48.469227,5.0,1,Tapanã,DENTRO,-1,endereco,r1|r3,2,True,False,False,False,False,True,Tapanã,False
ChIJA1EEphFhpJIRmsA1Z2tH8oc,Açaí 100% Natural Sabor da Amazônia,-1.340253,-48.477218,4.0,2,Tapanã,DENTRO,-1,endereco,r1,1,True,False,False,False,False,False,Tapanã,False
ChIJfXd6OR9hpJIRd_pMnj9bYCQ,Shopping do açaí,-1.335616,-48.474604,5.0,1,Tapanã,DENTRO,-1,endereco,r1,1,True,False,False,False,False,False,Tapanã,False
ChIJTVQnGiNhpJIRRxmdPHHtoKY,Açaí Deus Proverá Primavera,-1.325417,-48.464598,0.0,0,Tapanã,DENTRO,-1,endereco,r1,1,True,False,False,False,False,False,Tapanã,False
ChIJ-XhjkAphpJIRWfB5czh_CqE,Açaí Balão,-1.341565,-48.457016,5.0,3,Tapanã,DENTRO,-1,endereco,r1|r3,2,True,False,False,False,False,True,Tapanã,False
ChIJAZYb5mRhpJIRuKPkPPmnNGU,Barões do Açaí,-1.348375,-48.464571,4.6,5,Tapanã,DENTRO,-1,endereco,r1|r3,2,True,False,False,False,False,True,Tapanã,False
ChIJDwBBeKdhpJIR054CPWsu9EE,Açaí Nutri +,-1.348504,-48.463799,5.0,1,Tapanã,DENTRO,-1,endereco,r1,1,True,False,False,False,False,False,Tapanã,False
ChIJT1bgGABhpJIRATB8guNq0Cg,Açaí do mancha,-1.350842,-48.473597,5.0,1,Tapanã,DENTRO,-1,endereco,r1|r3,2,True,False,False,False,False,True,Tapanã,False
ChIJ5fSs399hpJIRiOSjfdcWtD8,Açaí Do Itamar | O MELHOR DA REGIÃO,-1.326534,-48.468397,4.2,6,Tapanã,DENTRO,-1,endereco,r1|r3,2,True,False,False,False,False,True,Tapanã,False
ChIJfR5RL2RhpJIRr4fLLSpMGb0,AÇAI DA ILHA,-1.332353,-48.46729,5.0,4,Tapanã,DENTRO,-1,endereco,r1|r3,2,True,False,False,False,False,True,Tapanã,False
ChIJrSrqqZ9npJIR64hYvY2ChpQ,Açaí do Irmão da Amoras,-1.34407,-48.476502,5.0,1,Tapanã,DENTRO,-1,endereco,r1,1,True,False,False,False,False,False,Tapanã,False
ChIJqfzHhR9hpJIRkVeGQ9MAikc,Açai Duas Irmãs,-1.320213,-48.468057,0.0,0,Tapanã,DENTRO,-1,endereco,r1|r3,2,True,False,False,False,False,True,Tapanã,False
ChIJm35xXdphpJIRKBkPr1tJWIM,Açaí Dos Irmãos,-1.329989,-48.467858,5.0,1,Tapanã,DENTRO,-1,endereco,r1,1,True,False,False,False,False,False,Tapanã,False
ChIJfdVEQr5hpJIRnFD6uhS4fOM,Açaí Salmo 23,-1.331429,-48.468873,5.0,3,Tapanã,DENTRO,-1,endereco,r1,1,True,False,False,False,False,False,Tapanã,False
ChIJmytWwLRhpJIRnlD8L2oyM28,Açaí do Lopes,-1.321564,-48.468299,,1,Tapanã,DENTRO,-1,endereco,r3,1,False,False,False,False,False,True,Tapanã,False
ChIJawBx9ephpJIRYt_TTfq0zNw,Comercial Fé em Deus,-1.31344,-48.461968,,13,Tapanã,DENTRO,-1,endereco,r3,1,False,False,False,False,False,True,Tapanã,False
ChIJjbaznGyPpJIROo0uFE8_-j0,Açai do arlen,-1.430943,-48.481001,4.300000,27,Telégrafo,DENTRO,-1,endereco,r2,1,False,True,False,False,False,False,Telégrafo,False
ChIJ6xC_5P-JpJIRyTB40s33o4g,Açaí do Bi,-1.424992,-48.4804,4.400000,5,Telégrafo,DENTRO,-1,endereco,r2,1,False,True,False,False,False,False,Telégrafo,False
ChIJJ-_44aCJpJIRkKDv9g-AXSs,Açai Du Pará Artesanal,-1.428719,-48.486278,5.000000,1,Telégrafo,DENTRO,-1,endereco,r2,1,False,True,False,False,False,False,Telégrafo,False
ChIJK0TWz8iPpJIRXrhGtT001Rc,Açai Real,-1.435567,-48.480762,5.000000,6,Telégrafo,DENTRO,-1,endereco,r2,1,False,True,False,False,False,False,Telégrafo,False
ChIJVei_HoOJpJIRpx-Nc4L-ins,O point do açaí,-1.424445,-48.484884,4.4,5,Telégrafo,DENTRO,-1,endereco,r1|r3,2,True,False,False,False,False,True,Telégrafo,False
ChIJhVy6pHFhpJIRO7bSuTOUW6w,Point do Açaí Tenoné,-1.322126,-48.435081,5.0,42,Tenoné,DENTRO,-1,endereco,r1,1,True,False,False,False,False,False,Tenoné,False
ChIJoaamO8hhpJIRso21ab0-FKc,King Açaí,-1.317737,-48.436318,5.0,7,Tenoné,DENTRO,-1,endereco,r1|r3,2,True,False,False,False,False,True,Tenoné,False
ChIJxbBTLCdhpJIR7Om7u5Gp7wI,AÇAI KARIBE,-1.323358,-48.4408,0.0,0,Tenoné,DENTRO,-1,endereco,r1|r3,2,True,False,False,False,False,True,Tenoné,False
ChIJdRzeHNlgpJIRURw5g0ST1m4,Ahmed Açaí,-1.322085,-48.436088,5.000000,1,Tenoné,DENTRO,-1,endereco,r2,1,False,True,False,False,False,False,Tenoné,False
ChIJt6gSO9lgpJIR94IPdQTixww,Larik's Sanduicheria Artesanal,-1.322511,-48.435617,4.800000,105,Tenoné,DENTRO,-1,endereco,r2,1,False,True,False,False,False,False,Tenoné,False
ChIJDYARphlhpJIRXcBkdDFA7BM,Açaí Ouro Preto,-1.313098,-48.431582,0.000000,0,Tenoné,DENTRO,-1,endereco,r2,1,False,True,False,False,False,False,Tenoné,False
ChIJEd3H4jNhpJIRs_S0nNBxfKQ,Mix Mateus Tenoné,-1.316084,-48.453904,4.200000,4155,Tenoné,DENTRO,-1,endereco,r2,1,False,True,False,False,False,False,Tenoné,False
ChIJ30DorVhhpJIR1bmz0pjpFyk,Açaíteria Premium,-1.330052,-48.439236,0.0,0,Tenoné,DENTRO,-1,endereco,r1,1,True,False,False,False,False,False,Tenoné,False
ChIJ1Yxt_oNhpJIR1VbMIieP2tE,Açaí Da Torre,-1.325869,-48.437503,5.0,1,Tenoné,DENTRO,-1,endereco,r1,1,True,False,False,False,False,False,Tenoné,False
ChIJy1Uh61NhpJIR9SOk-HXrD8w,Açaí CASA DO PÃO,-1.326179,-48.431419,4.7,3,Tenoné,DENTRO,-1,endereco,r1,1,True,False,False,False,False,False,Tenoné,False
ChIJCUbnFyRhpJIR7eKv9HhV46Q,Ponto de açaí,-1.32153,-48.441599,5.0,2,Tenoné,DENTRO,-1,endereco,r1,1,True,False,False,False,False,False,Tenoné,False
ChIJac1FZABhpJIRD390LvFrrPw,👑IMPÉRIO DO AÇAÍ,-1.31822,-48.435594,5.0,1,Tenoné,DENTRO,-1,endereco,r1,1,True,False,False,False,False,False,Tenoné,False
ChIJ5328OKphpJIRaPfMkDVnadk,Império Do Açaí,-1.322105,-48.434804,4.6,31,Tenoné,DENTRO,-1,endereco,r1,1,True,False,False,False,False,False,Tenoné,False
ChIJKXWcTB5hpJIRHXLPHLZmQ_c,Açai Altas Horas,-1.329078,-48.440361,5.0,3,Tenoné,DENTRO,-1,endereco,r1,1,True,False,False,False,False,False,Tenoné,False
ChIJuf9SDCRhpJIRjbhFU77dGg0,Açai da Drika,-1.321136,-48.444145,5.0,4,Tenoné,DENTRO,-1,endereco,r1,1,True,False,False,False,False,False,Tenoné,False
ChIJfYKqaSBhpJIRqfL4Zpyb6B8,Açaí Gildo,-1.32587,-48.43985,5.0,1,Tenoné,DENTRO,-1,endereco,r1,1,True,False,False,False,False,False,Tenoné,False
ChIJD5XbqMdhpJIRC6_JG_8slb8,Açaí do Fábio - Augusto Montenegro,-1.323395,-48.447186,0.0,0,Tenoné,DENTRO,-1,endereco,r1|r3,2,True,False,False,False,False,True,Tenoné,False
ChIJj6GncnJhpJIRQoIDhMNX1h4,Açaí do Porto,-1.318947,-48.441036,3.3,3,Tenoné,DENTRO,-1,endereco,r1,1,True,False,False,False,False,False,Tenoné,False
ChIJY88QsdVhpJIR6PFKNPjQquA,Açaí do Janni,-1.321589,-48.444115,0.0,0,Tenoné,DENTRO,-1,endereco,r1,1,True,False,False,False,False,False,Tenoné,False
ChIJN47LwGKLpJIRaZxHyxHQEGg,Ponto do Açaí,-1.326213,-48.446259,0.0,0,Tenoné,DENTRO,-1,endereco,r1,1,True,False,False,False,False,False,Tenoné,False
ChIJjUDmJCVhpJIR_R8bCANF0O0,Açai do Abraão,-1.322744,-48.440723,3.7,3,Tenoné,DENTRO,-1,endereco,r1,1,True,False,False,False,False,False,Tenoné,False
ChIJyWhhXWZhpJIRbvw9brwolFU,Assaí Augusto Montenegro,-1.327613,-48.449217,,125,Tenoné,DENTRO,-1,endereco,r3,1,False,False,False,False,False,True,Tenoné,False
ChIJZblcyKeOpJIRFJ3h_g2Fpao,Açaí tropical do Pará,-1.438349,-48.480725,5.000000,3,Umarizal,DENTRO,-1,endereco,r2,1,False,True,False,False,False,False,Umarizal,False
ChIJky4Hup2OpJIRDM2GPHbUjBc,Cairu,-1.449107,-48.480668,4.700000,2812,Umarizal,DENTRO,-1,endereco,r2,1,False,True,False,False,False,False,Umarizal,False
ChIJn2TOBYyPpJIRWffJNWJNYx4,Restaurante Amazônia na Cuia - Comidas Típicas Paraenses,-1.445001,-48.480011,4.900000,12313,Umarizal,DENTRO,-1,endereco,r2,1,False,True,False,False,False,False,Umarizal,False
ChIJq6ij16OOpJIRvzx_VvEQzr4,Cairu,-1.442062,-48.484044,4.700000,3988,Umarizal,DENTRO,-1,endereco,r2,1,False,True,False,False,False,False,Umarizal,False
ChIJw6DtK7COpJIRo-OdJxLg-J8,Açaí Umarizal,-1.436047,-48.489051,3.500000,6,Umarizal,DENTRO,-1,endereco,r2,1,False,True,False,False,False,False,Umarizal,False
ChIJxwecvXOPpJIRxqybGC_9fck,DuNorte Açaí,-1.440703,-48.486641,5.000000,1,Umarizal,DENTRO,-1,endereco,r2|r3,2,False,True,False,False,False,True,Umarizal,False
ChIJH5Dzb2eNpJIRFsFJbZoUcbw,Amazônia Açaí,-1.440071,-48.477276,4.800000,18,Umarizal,DENTRO,-1,endereco,r2,1,False,True,False,False,False,False,Umarizal,False
ChIJJRQ5ySGMpJIRQmR0B2OEzeU,Açaí & Cia Delivery!,-1.445454,-48.475622,5.000000,5,Umarizal,DENTRO,-1,endereco,r2|r3,2,False,True,False,False,False,True,Umarizal,False
ChIJKxJ0H72OpJIRJ4fM02BMxXA,Maioca - Sorveteria Artesanal,-1.443134,-48.487092,4.700000,1677,Umarizal,DENTRO,-1,endereco,r2|r3,2,False,True,False,False,False,True,Umarizal,False
ChIJAYGWXmWPpJIRQBwZrup9TPY,Açaí D'Amazônia,-1.438034,-48.489586,5.0,3,Umarizal,DENTRO,-1,endereco,r1|r3,2,True,False,False,False,False,True,Umarizal,False
ChIJN4fFVPWPpJIRNB3Iyb8rbBI,Restaurante Ver O Açaí - Culinária Paraense - Umarizal,-1.43717,-48.488199,4.8,3374,Umarizal,DENTRO,-1,endereco,r1|r3,2,True,False,False,False,False,True,Umarizal,False
ChIJNTU9S6COpJIRLPcl0h5vQn8,Açaí Iaçá Belém,-1.443847,-48.481152,4.1,218,Umarizal,DENTRO,-1,endereco,r1,1,True,False,False,False,False,False,Umarizal,False
ChIJC5MiWaiOpJIRPO2NznHioUQ,Açaí Umarizal Belém,-1.436385,-48.48107,4.7,16,Umarizal,DENTRO,-1,endereco,r1|r3,2,True,False,False,False,False,True,Umarizal,False
ChIJq_ElGkKPpJIRNNr9i8g711A,Ô Açaí Belém,-1.440297,-48.488947,4.7,13,Umarizal,DENTRO,-1,endereco,r1|r3,2,True,False,False,False,False,True,Umarizal,False
ChIJmc2aUTKNpJIRxAqaOB3DzBI,Açaiman,-1.437478,-48.486339,4.6,8,Umarizal,DENTRO,-1,endereco,r1|r3,2,True,False,False,False,False,True,Umarizal,False
ChIJv2FVnKWOpJIRW1YK1Wl9Pbs,Guaraná Amazônia,-1.438055,-48.485875,4.9,88,Umarizal,DENTRO,-1,endereco,r1,1,True,False,False,False,False,False,Umarizal,False
ChIJsbsZxXGPpJIR5e3PVG9FTRI,Açaí Praça Brasil,-1.437489,-48.486323,4.6,3883,Umarizal,DENTRO,-1,endereco,r1|r3,2,True,False,False,False,False,True,Umarizal,False
ChIJVxUJOACPpJIRG8uRk20eTIE,Cia do açaí,-1.442436,-48.480868,,3,Umarizal,DENTRO,-1,endereco,r3,1,False,False,False,False,False,True,Umarizal,False
ChIJcUxevcFhpJIRLW5_GxctBe0,Açaí Marajó,-1.367614,-48.428404,5.000000,8,Una,DENTRO,-1,endereco,r2|r3,2,False,True,False,False,False,True,Una,False
ChIJ5WuNADFhpJIRBgXMH2oNxFY,Engenheiros do Açaí 2,-1.376916,-48.428946,,0,Una,DENTRO,-1,endereco,r3,1,False,False,False,False,False,True,Una,False
ChIJo2HuM2GLpJIRhIVDzjPxwMk,CASA DO AÇAÍ JESUS,-1.378541,-48.428673,5.0,1,Una,DENTRO,-1,endereco,r1|r3,2,True,False,False,False,False,True,Una,False
ChIJh9Uqv-aLpJIR3FXk7R6EU6I,Ponto de Açaí,-1.376916,-48.428945,5.0,1,Una,DENTRO,-1,endereco,r1|r3,2,True,False,False,False,False,True,Una,False
ChIJm3wB7rqLpJIR8iiBc84ix78,DON RAMONN SORVETERIA E LANCHONETE,-1.398183,-48.474398,4.700000,7,Val-de-Cans,DENTRO,-1,endereco,r2,1,False,True,False,False,False,False,Val-de-Cans,False
ChIJsUSZweKLpJIRAr51BlL611Q,Guaraná Tropical,-1.398366,-48.474922,4.700000,13,Val-de-Cans,DENTRO,-1,endereco,r2,1,False,True,False,False,False,False,Val-de-Cans,False
ChIJtz4CJv2LpJIRScWxwfIuT_M,Açaí do Bacana,-1.398284,-48.470121,4.700000,14,Val-de-Cans,DENTRO,-1,endereco,r2|r3,2,False,True,False,False,False,True,Val-de-Cans,False
ChIJzf_PyA6LpJIRCfdTkVTldcQ,Cairu,-1.388998,-48.464671,4.300000,95,Val-de-Cans,DENTRO,-1,endereco,r2,1,False,True,False,False,False,False,Val-de-Cans,False
ChIJKwsqTgCLpJIR0cId6_29Ulc,Bacio di Latte - Shopping Bosque Grão-Pará,-1.39033,-48.465494,4.9,90,Val-de-Cans,DENTRO,-1,endereco,r1,1,True,False,False,False,False,False,Val-de-Cans,False
ChIJOdvAyLprpJIRoO9_E3vdMok,Açaíteria Mosqueiro Ilhaçaí,-1.164775,-48.472277,5.000000,1,Vila,DENTRO,-1,endereco,r2|r3,2,False,True,False,False,False,True,Vila,False
ChIJ__ZattZrpJIR8veRbiSSEq8,Vila açaí,-1.165,-48.47039,,0,Vila,DENTRO,-1,endereco,r3,1,False,False,False,False,False,True,Vila,False
ChIJFWQI3SRrpJIRNaWQhRt_iUg,Nat Açaí,-1.162148,-48.467397,,0,Vila,DENTRO,-1,endereco,r3,1,False,False,False,False,False,True,Vila,False
ChIJb-YBqSJrpJIR5XQJJ2hrj0g,Ponto Do Açaí,-1.163847,-48.471556,,9,Vila,DENTRO,-1,endereco,r3,1,False,False,False,False,False,True,Vila,False
ChIJMyC0TwBrpJIROxrDPLcv7Uc,Açaí do Jorge,-1.167296,-48.470483,,1,Vila,DENTRO,-1,endereco,r3,1,False,False,False,False,False,True,Vila,False
ChIJ1dpSXndrpJIRA9aH5R40SRI,Sorveteria Gela Guela,-1.164822,-48.473945,,31,Vila,DENTRO,-1,endereco,r3,1,False,False,False,False,False,True,Vila,False
ChIJwaMLCvlrpJIRl8p8v3MUCFM,Açaí do Vini,-1.167721,-48.470001,,1,Vila,DENTRO,-1,endereco,r3,1,False,False,False,False,False,True,Vila,False
ChIJj97p41NrpJIR7Gk48TKSE6A,Açaí da Jane,-1.16762,-48.46909,,1,Vila,DENTRO,-1,endereco,r3,1,False,False,False,False,False,True,Vila,False
ChIJvR1NbwBrpJIRC4Ag6X8I69U,Fonte do Açaí,-1.163719,-48.468745,,0,Vila,DENTRO,-1,endereco,r3,1,False,False,False,False,False,True,Vila,False
ChIJgzBxTmZrpJIR0KPlF-t-jbg,ESPETINHO MIX,-1.158827,-48.469492,,124,Vila,DENTRO,-1,endereco,r3,1,False,False,False,False,False,True,Vila,False
ChIJt5M_QHlrpJIRjNogjZ3SR_w,Mercado Municipal de Mosqueiro,-1.164965,-48.472555,,532,Vila,DENTRO,-1,endereco,r3,1,False,False,False,False,False,True,Vila,False
ChIJKQPagWVrpJIR_hWsZ3W6wMg,Acai do Zequinha,-1.158561,-48.468929,,2,Vila,DENTRO,-1,endereco,r3,1,False,False,False,False,False,True,Vila,False
ChIJs0I0aHlrpJIRGBvutyuuUbI,Tapiocaria de Mosqueiro,-1.164598,-48.472559,,3026,Vila,DENTRO,-1,endereco,r3,1,False,False,False,False,False,True,Vila,False
0x92a48df04738f40d:0xc8ac83d7705757db,Açaí Pai Degua de Canudos,-1.448536,-48.4528114,4.9,12,Canudos,DENTRO,632,centroide_idx,r4,1,False,False,False,False,False,False,r4_chrome,True
0x92a48dff8f038885:0x311e89f12b75b1b8,AÇAÍ PAI D ÉGUA CANUDOS,-1.4480844,-48.4605293,4.3,3,Canudos,DENTRO,509,centroide_idx,r4,1,False,False,False,False,False,False,r4_chrome,True
0x92a48c46c0d022ef:0x5e9ec7cfd9723e9b,Açai Bom Do Canudos,-1.4486928,-48.4551291,5.0,1,Canudos,DENTRO,424,centroide_idx,r4,1,False,False,False,False,False,False,r4_chrome,True
0x92a48db69ad5f793:0xd945fa937f67509f,Açaí duBom,-1.4552957,-48.4589415,5.0,1,Canudos,DENTRO,437,centroide_idx,r4,1,False,False,False,False,False,False,r4_chrome,True
0x92a48e5e2e756c57:0x1611a34b3997139f,Açaí Do Ângelo,-1.462025,-48.499261,"4,6",26,Cidade Velha,DENTRO,792,centroide_idx,r4,1,False,False,False,False,False,False,r4_chrome,True
0x92a48f4e62788a6b:0x1eaf49adad6541b6,AÇAÍ DO ANDRE,-1.4619074,-48.5013333,"5,0",3,Cidade Velha,DENTRO,646,centroide_idx,r4,1,False,False,False,False,False,False,r4_chrome,True
0x92a48f36c5c9acf7:0x57d06aa4c4a266ff,Sabor Açaí,-1.4586012,-48.5034204,"5,0",2,Cidade Velha,DENTRO,214,centroide_idx,r4,1,False,False,False,False,False,False,r4_chrome,True
0x92a48fb54c9e8e8d:0xe56a5336ee37a927,Porto açaizal,-1.4598483,-48.5060121,"4,9",16,Cidade Velha,DENTRO,400,centroide_idx,r4,1,False,False,False,False,False,False,r4_chrome,True
0x92a48e86bff02247:0x5777adeb72424560,Império Do Acaí Belém,-1.4628865,-48.5026058,"5,0",3,Cidade Velha,DENTRO,697,centroide_idx,r4,1,False,False,False,False,False,False,r4_chrome,True
0x92a48fa413e46049:0x3d39819324c8522,Tavares AÇAÍ,-1.4647857,-48.5005231,"5,0",1,Cidade Velha,DENTRO,973,centroide_idx,r4,1,False,False,False,False,False,False,r4_chrome,True
0x92a48f7b2087117d:0xa2048686095807c5,Açaí do neto,-1.4577215,-48.5046831,"4,8",25,Cidade Velha,DENTRO,121,centroide_idx,r4,1,False,False,False,False,False,False,r4_chrome,True
