place_id,cid,nome_estabelecimento,categoria_original,categoria_padronizada,regra_categoria,tipo_estabelecimento,regra_classificacao,motivo_classificacao,evidencias_classificacao,endereco,bairro_pesquisa,bairro_estabelecimento,cidade,estado,latitude,longitude,distancia_bairro_pesquisa_km,flag_distancia,telefone,website,review_rating,review_count,price_range,status_google,link,termos_encontrado,consultas_encontrado,bairros_encontrado,ocorrencias_total,data_coleta
ChIJ-7GNG9RhpJIR_yuMhkHcIlA,5774419846230715391,Alameda Açaí - Parque Verde,,Não informado,Categoria não retornada pelo scraper,Especializado em açaí,RA3_nome_acai_cat_compativel,Nome contém açaí + categoria compatível ou vazia,nome contém açaí ('Alameda Açaí - Parque Verde'),"Belém - PA, 66635-195",Parque Verde,Revisar,Belém,PA,-1.368506,-48.442979,0.9475,Normal,,,0.0,0,,,"https://www.google.com/maps/place/Alameda+A%C3%A7a%C3%AD+-+Parque+Verde,+Bel%C3%A9m+-+PA,+66635-195/@-1.3623088,-48.4488292,15z/data=!4m6!3m5!1s0x92a461d41b8db1fb:0x5022dc41868c2bff!8m2!3d-1.3685056!4d-48.4429787!16s%2Fg%2F11fghjzb6j?hl=en&entry=ttu&g_ep=EgoyMDI2MDkyMS4wIKXMDSoASAFQAw%3D%3D",açaí,"açaí no Parque Verde, Belém, PA",Parque Verde,1,2026-09-23
ChIJo15sbwCLpJIR4mwfhScKYSw,3197848375263194338,Açaiteria Lá creme,Ice cream shop,Açaíteria / Sorveteria,"Categoria de sorvete/gelado, frequentemente vende açaí",Especializado em açaí,RA2_cat_suporte_texto_acai,Categoria 'Ice cream shop' + evidência textual de açaí,nome contém açaí ('Açaiteria Lá creme'); ocorrências: 14; categoria: 'Ice cream shop',"Box 06 - Rod. Augusto Montenegro, S/N - Quadra 13 - Loja 1 - Mangueirão, Belém - PA, 66625-650",Parque Verde,Revisar,Belém,PA,-1.378183,-48.438481,2.1069,Normal,,,0.0,0,,,https://www.google.com/maps/place/A%C3%A7aiteria+L%C3%A1+creme/data=!4m7!3m6!1s0x92a48b006f6c5ea3:0x2c610a27851f6ce2!8m2!3d-1.3781832!4d-48.4384813!16s%2Fg%2F11ytkzv1xs!19sChIJo15sbwCLpJIR4mwfhScKYSw?authuser=0&hl=en&g_ep=EgoyMDI2MDkyMS4wIJJjKgBIAVAD&rclk=1,açaíteria | casa de açaí | ponto de açaí,"açaíteria no Parque Verde, Belém, PA | casa de açaí no Parque Verde, Belém, PA | ponto de açaí no Parque Verde, Belém, PA | açaíteria no Tapanã, Belém, PA | açaíteria no Tenoné, Belém, PA | açaíteria no Benguí, Belém, PA | casa de açaí no Benguí, Belém, PA | ponto de açaí no Benguí, Belém, PA | açaíteria no São Clemente, Belém, PA | casa de açaí no São Clemente, Belém, PA | açaíteria no Una, Belém, PA | casa de açaí no Una, Belém, PA | açaíteria na Cabanagem, Belém, PA | açaíteria no Parque Guajará, Belém, PA",Parque Verde | Tapanã | Tenoné | Benguí | São Clemente | Una | Cabanagem | Parque Guajará,14,2026-09-23
ChIJcymp0WlhpJIR2we0yWKLld0,15966821310319036379,Açaíteria THG,Ice cream shop,Açaíteria / Sorveteria,"Categoria de sorvete/gelado, frequentemente vende açaí",Especializado em açaí,RA2_cat_suporte_texto_acai,Categoria 'Ice cream shop' + evidência textual de açaí,nome contém açaí ('Açaíteria THG'); ocorrências: 8; categoria: 'Ice cream shop',"Açaíteria THG - R. Wj-10 - Parque Verde, Belém - PA, 66633-650",Parque Verde,Parque Verde,Belém,PA,-1.367556,-48.438696,1.2686,Normal,91985802466,https://www.instagram.com/acaiteriathg?igsh=MWZ4cXBqM29mNDQ2Mw==&utm_source=qr,0.0,0,,,https://www.google.com/maps/place/A%C3%A7a%C3%ADteria+THG/data=!4m7!3m6!1s0x92a46169d1a92973:0xdd958b62c9b407db!8m2!3d-1.3675559!4d-48.4386961!16s%2Fg%2F11zhdfn9fy!19sChIJcymp0WlhpJIR2we0yWKLld0?authuser=0&hl=en&g_ep=EgoyMDI2MDkyMS4wIJJjKgBIAVAD&rclk=1,açaíteria,"açaíteria no Parque Verde, Belém, PA | açaíteria no Tapanã, Belém, PA | açaíteria no Tenoné, Belém, PA | açaíteria no Benguí, Belém, PA | açaíteria no São Clemente, Belém, PA | açaíteria no Una, Belém, PA | açaíteria na Cabanagem, Belém, PA | açaíteria no Parque Guajará, Belém, PA",Parque Verde | Tapanã | Tenoné | Benguí | São Clemente | Una | Cabanagem | Parque Guajará,8,2026-09-23
ChIJ8zrh2n5hpJIRsOGKoucm9Xs,8932088212265558448,Açaiteria e Sorveteria Ula Ula Belém,Ice cream shop,Açaíteria / Sorveteria,"Categoria de sorvete/gelado, frequentemente vende açaí",Especializado em açaí,RA2_cat_suporte_texto_acai,Categoria 'Ice cream shop' + evidência textual de açaí,nome contém açaí ('Açaiteria e Sorveteria Ula Ula Belém'); ocorrências: 28; categoria: 'Ice cream shop',"Açaiteria e Sorveteria Ula Ula Belém - Rod. Mário Covas - Parque Verde, Belém - PA, 67110-000",Parque Verde,Parque Verde,Belém,PA,-1.347333,-48.451268,1.6872,Normal,91982615836,http://wa.me/5591982615836,4.8,130,,,https://www.google.com/maps/place/A%C3%A7aiteria+e+Sorveteria+Ula+Ula+Bel%C3%A9m/data=!4m7!3m6!1s0x92a4617edae13af3:0x7bf526e7a28ae1b0!8m2!3d-1.3473333!4d-48.4512676!16s%2Fg%2F11l34kbvtr!19sChIJ8zrh2n5hpJIRsOGKoucm9Xs?authuser=0&hl=en&g_ep=EgoyMDI2MDkyMS4wIJJjKgBIAVAD&rclk=1,açaíteria | açaí delivery | açaí | casa de açaí | ponto de açaí,"açaíteria no Parque Verde, Belém, PA | açaí delivery no Parque Verde, Belém, PA | açaí no Tapanã, Belém, PA | açaíteria no Tapanã, Belém, PA | açaí delivery no Tapanã, Belém, PA | açaíteria no Tenoné, Belém, PA | casa de açaí no Tenoné, Belém, PA | açaí delivery no Tenoné, Belém, PA | açaí no Coqueiro, Belém, PA | casa de açaí no Coqueiro, Belém, PA | ponto de açaí no Coqueiro, Belém, PA | açaí delivery no Coqueiro, Belém, PA | açaíteria no Benguí, Belém, PA | açaí delivery no Benguí, Belém, PA | açaíteria no São Clemente, Belém, PA | casa de açaí no São Clemente, Belém, PA | ponto de açaí no São Clemente, Belém, PA | açaí delivery no São Clemente, Belém, PA | açaí no Una, Belém, PA | açaíteria no Una, Belém, PA | casa de açaí no Una, Belém, PA | açaí delivery no Una, Belém, PA | açaíteria na Cabanagem, Belém, PA | açaí delivery na Cabanagem, Belém, PA | açaíteria no Parque Guajará, Belém, PA | casa de açaí no Parque Guajará, Belém, PA | ponto de açaí no Parque Guajará, Belém, PA | açaí delivery no Parque Guajará, Belém, PA",Parque Verde | Tapanã | Tenoné | Coqueiro | Benguí | São Clemente | Una | Cabanagem | Parque Guajará,28,2026-09-23
ChIJTQA6GACLpJIR4JP9Q2NhO78,13779714563840512992,Açaiteria Pavulagem,Ice cream shop,Açaíteria / Sorveteria,"Categoria de sorvete/gelado, frequentemente vende açaí",Especializado em açaí,RA2_cat_suporte_texto_acai,Categoria 'Ice cream shop' + evidência textual de açaí,nome contém açaí ('Açaiteria Pavulagem'); ocorrências: 8; categoria: 'Ice cream shop',"food truck - Q. Vinte e Dezenove - Mangueirão, Belém - PA, 66640-125",Parque Verde,Revisar,Belém,PA,-1.377945,-48.439957,1.9989,Normal,91981094300,,5.0,3,,,https://www.google.com/maps/place/A%C3%A7aiteria+Pavulagem/data=!4m7!3m6!1s0x92a48b00183a004d:0xbf3b616343fd93e0!8m2!3d-1.3779451!4d-48.4399572!16s%2Fg%2F11x6nw0nz7!19sChIJTQA6GACLpJIR4JP9Q2NhO78?authuser=0&hl=en&g_ep=EgoyMDI2MDkyMS4wIJJjKgBIAVAD&rclk=1,açaíteria,"açaíteria no Parque Verde, Belém, PA | açaíteria no Tapanã, Belém, PA | açaíteria no Tenoné, Belém, PA | açaíteria no Benguí, Belém, PA | açaíteria no São Clemente, Belém, PA | açaíteria no Una, Belém, PA | açaíteria na Cabanagem, Belém, PA | açaíteria no Parque Guajará, Belém, PA",Parque Verde | Tapanã | Tenoné | Benguí | São Clemente | Una | Cabanagem | Parque Guajará,8,2026-09-23
ChIJ5VmvBfhhpJIRv5WycZiqio8,10343267065929045439,ACAI DA HORA BELEM,Restaurant,Restaurante,Categoria genérica de restaurante,Açaí + outro segmento,RB2_nome_acai_cat_outro,Nome contém açaí + categoria 'Restaurant' indica outro segmento,nome contém açaí ('ACAI DA HORA BELEM'); ocorrências: 28; categoria: 'Restaurant',"ACAI DA HORA BELEM - Rod. Augusto Montenegro, 8499-8357 - Parque Verde, Belém - PA, 66823-060",Parque Verde,Parque Verde,Belém,PA,-1.352739,-48.452889,1.1559,Normal,91980176204,http://instagram.com/acaidahorabelem,4.4,349,,,https://www.google.com/maps/place/ACAI+DA+HORA+BELEM/data=!4m7!3m6!1s0x92a461f805af59e5:0x8f8aaa9871b295bf!8m2!3d-1.3527386!4d-48.452889!16s%2Fg%2F11h02jsfbg!19sChIJ5VmvBfhhpJIRv5WycZiqio8?authuser=0&hl=en&g_ep=EgoyMDI2MDkyMS4wIJJjKgBIAVAD&rclk=1,açaíteria | casa de açaí | ponto de açaí | açaí na tigela | açaí delivery | açaí,"açaíteria no Parque Verde, Belém, PA | casa de açaí no Parque Verde, Belém, PA | ponto de açaí no Parque Verde, Belém, PA | açaí na tigela no Parque Verde, Belém, PA | açaí delivery no Parque Verde, Belém, PA | açaí no Tapanã, Belém, PA | açaíteria no Tapanã, Belém, PA | açaí na tigela no Tapanã, Belém, PA | açaí delivery no Tapanã, Belém, PA | açaí na Pratinha, Belém, PA | açaí delivery na Pratinha, Belém, PA | casa de açaí no Tenoné, Belém, PA | açaí delivery no Tenoné, Belém, PA | açaí no Coqueiro, Belém, PA | casa de açaí no Coqueiro, Belém, PA | ponto de açaí no Coqueiro, Belém, PA | açaí delivery no Coqueiro, Belém, PA | casa de açaí no Benguí, Belém, PA | açaí delivery no Benguí, Belém, PA | casa de açaí no São Clemente, Belém, PA | ponto de açaí no São Clemente, Belém, PA | açaí delivery no São Clemente, Belém, PA | açaí delivery no Una, Belém, PA | açaí delivery na Cabanagem, Belém, PA | açaí no Parque Guajará, Belém, PA | ponto de açaí no Parque Guajará, Belém, PA | açaí na tigela no Parque Guajará, Belém, PA | açaí delivery no Parque Guajará, Belém, PA",Parque Verde | Tapanã | Pratinha | Tenoné | Coqueiro | Benguí | São Clemente | Una | Cabanagem | Parque Guajará,28,2026-09-23
ChIJ7eiBH7hhpJIRKI5UCGh5mf8,18417885638831672872,Açaí & Açaí Frozen - Parque Shopping,Ice cream shop,Açaíteria / Sorveteria,"Categoria de sorvete/gelado, frequentemente vende açaí",Especializado em açaí,RA2_cat_suporte_texto_acai,Categoria 'Ice cream shop' + evidência textual de açaí,nome contém açaí ('Açaí & Açaí Frozen - Parque Shopping'); ocorrências: 14; categoria: 'Ice cream shop',"Açaí & Açaí Frozen - Parque Shopping - Rod. Augusto Montenegro, 4300 - Parque Verde, Belém - PA, 66635-110",Parque Verde,Parque Verde,Belém,PA,-1.370621,-48.446794,0.9516,Normal,91986062348,,3.8,15,,,https://www.google.com/maps/place/A%C3%A7a%C3%AD+%26+A%C3%A7a%C3%AD+Frozen+-+Parque+Shopping/data=!4m7!3m6!1s0x92a461b81f81e8ed:0xff99796808548e28!8m2!3d-1.3706205!4d-48.4467944!16s%2Fg%2F11rgx33w8p!19sChIJ7eiBH7hhpJIRKI5UCGh5mf8?authuser=0&hl=en&g_ep=EgoyMDI2MDkyMS4wIJJjKgBIAVAD&rclk=1,açaíteria | casa de açaí | ponto de açaí | açaí na tigela | açaí delivery | açaí,"açaíteria no Parque Verde, Belém, PA | casa de açaí no Parque Verde, Belém, PA | ponto de açaí no Parque Verde, Belém, PA | açaí na tigela no Parque Verde, Belém, PA | açaí delivery no Parque Verde, Belém, PA | açaí no Benguí, Belém, PA | casa de açaí no Benguí, Belém, PA | ponto de açaí no Benguí, Belém, PA | açaí delivery no Benguí, Belém, PA | casa de açaí no São Clemente, Belém, PA | açaí delivery no São Clemente, Belém, PA | açaí no Una, Belém, PA | açaí delivery no Una, Belém, PA | açaí na tigela no Parque Guajará, Belém, PA",Parque Verde | Benguí | São Clemente | Una | Parque Guajará,14,2026-09-23
ChIJO4dDdIRhpJIRPfoDBtoq4fU,17717489524944403005,Sou + Açaí - Unidade Parque Verde,Organic food store,Loja de Produtos Naturais / Orgânicos,Loja de produtos naturais/orgânicos,Especializado em açaí,RA2_cat_suporte_texto_acai,Categoria 'Organic food store' + evidência textual de açaí,nome contém açaí ('Sou + Açaí - Unidade Parque Verde'); ocorrências: 11; categoria: 'Organic food store',"Supermercado Formosa - Rod. Augusto Montenegro, 9677 - Parque Verde, Belém - PA, 66635-110",Parque Verde,Parque Verde,Belém,PA,-1.360403,-48.450539,0.2847,Normal,91985890124,,2.6,34,,,https://www.google.com/maps/place/Sou+%2B+A%C3%A7a%C3%AD+-+Unidade+Parque+Verde/data=!4m7!3m6!1s0x92a461847443873b:0xf5e12ada0603fa3d!8m2!3d-1.3604032!4d-48.4505385!16s%2Fg%2F11ll6n1wx6!19sChIJO4dDdIRhpJIRPfoDBtoq4fU?authuser=0&hl=en&g_ep=EgoyMDI2MDkyMS4wIJJjKgBIAVAD&rclk=1,açaíteria | casa de açaí | ponto de açaí | açaí na tigela | açaí delivery | açaí,"açaíteria no Parque Verde, Belém, PA | casa de açaí no Parque Verde, Belém, PA | ponto de açaí no Parque Verde, Belém, PA | açaí na tigela no Parque Verde, Belém, PA | açaí delivery no Parque Verde, Belém, PA | açaí no Benguí, Belém, PA | casa de açaí no Benguí, Belém, PA | ponto de açaí no Benguí, Belém, PA | açaí delivery no Benguí, Belém, PA | ponto de açaí no São Clemente, Belém, PA | açaí delivery no São Clemente, Belém, PA",Parque Verde | Benguí | São Clemente,11,2026-09-23
ChIJmT-3j5RhpJIRleYsj0a6V68,12634772091823777429,Açaí do Baía,Açaí shop,Açaíteria / Loja de Açaí,Categoria original indica especialização em açaí,Especializado em açaí,RA_cat_acai_direto,Categoria 'Açaí shop' — evidência forte de especialização,nome contém açaí ('Açaí do Baía'); ocorrências: 5; categoria: 'Açaí shop',"Açaí do Baía - Tv. Wq-16, casa 32 - quadra 110 - Parque Verde, Belém - PA, 66633-001",Parque Verde,Parque Verde,Belém,PA,-1.369974,-48.438317,1.4464,Normal,,,0.0,0,,,https://www.google.com/maps/place/A%C3%A7a%C3%AD+do+Ba%C3%ADa/data=!4m7!3m6!1s0x92a461948fb73f99:0xaf57ba468f2ce695!8m2!3d-1.3699738!4d-48.4383174!16s%2Fg%2F11yy1dsnzm!19sChIJmT-3j5RhpJIRleYsj0a6V68?authuser=0&hl=en&g_ep=EgoyMDI2MDkyMS4wIJJjKgBIAVAD&rclk=1,casa de açaí | ponto de açaí,"casa de açaí no Parque Verde, Belém, PA | ponto de açaí no Parque Verde, Belém, PA | casa de açaí no Benguí, Belém, PA | ponto de açaí no Benguí, Belém, PA | casa de açaí no Una, Belém, PA",Parque Verde | Benguí | Una,5,2026-09-23
ChIJpSFtTZ1hpJIRtF4MKQgXwGY,7403943111212949172,AÇAÍ DE CASA,Açaí shop,Açaíteria / Loja de Açaí,Categoria original indica especialização em açaí,Especializado em açaí,RA_cat_acai_direto,Categoria 'Açaí shop' — evidência forte de especialização,nome contém açaí ('AÇAÍ DE CASA'); ocorrências: 19; categoria: 'Açaí shop',"AÇAÍ DE CASA - R.presidente lula quadra 25 número 44 Pratinha 2, Belém - PA, 66816-214",Parque Verde,Revisar,Belém,PA,-1.363656,-48.467023,2.0280,Normal,91980613621,,4.9,24,,,https://www.google.com/maps/place/A%C3%87A%C3%8D+DE+CASA/data=!4m7!3m6!1s0x92a4619d4d6d21a5:0x66c01708290c5eb4!8m2!3d-1.3636556!4d-48.4670233!16s%2Fg%2F11lgd3_5v7!19sChIJpSFtTZ1hpJIRtF4MKQgXwGY?authuser=0&hl=en&g_ep=EgoyMDI2MDkyMS4wIJJjKgBIAVAD&rclk=1,casa de açaí | ponto de açaí | açaí delivery | açaí | açaí na tigela,"casa de açaí no Parque Verde, Belém, PA | ponto de açaí no Parque Verde, Belém, PA | açaí delivery no Parque Verde, Belém, PA | açaí na Pratinha, Belém, PA | casa de açaí na Pratinha, Belém, PA | ponto de açaí na Pratinha, Belém, PA | açaí na tigela na Pratinha, Belém, PA | açaí delivery na Pratinha, Belém, PA | açaí delivery no Tenoné, Belém, PA | açaí no Coqueiro, Belém, PA | casa de açaí no Coqueiro, Belém, PA | ponto de açaí no Coqueiro, Belém, PA | açaí delivery no Coqueiro, Belém, PA | açaí no Benguí, Belém, PA | casa de açaí no Benguí, Belém, PA | ponto de açaí no Benguí, Belém, PA | açaí delivery no Benguí, Belém, PA | açaí delivery no São Clemente, Belém, PA | açaí delivery no Parque Guajará, Belém, PA",Parque Verde | Pratinha | Tenoné | Coqueiro | Benguí | São Clemente | Parque Guajará,19,2026-09-23
ChIJhVAn-6OLpJIRMAnD45ku4pY,10872303688911882544,Açaí especial do Rodolfo,Açaí shop,Açaíteria / Loja de Açaí,Categoria original indica especialização em açaí,Especializado em açaí,RA_cat_acai_direto,Categoria 'Açaí shop' — evidência forte de especialização,nome contém açaí ('Açaí especial do Rodolfo'); ocorrências: 5; categoria: 'Açaí shop',"Açaí especial do Rodolfo - Estr. do Benjamin - Mangueirão, Belém - PA, 66625-410",Parque Verde,Revisar,Belém,PA,-1.371747,-48.428561,2.4855,Normal,,,5.0,5,,,https://www.google.com/maps/place/A%C3%A7a%C3%AD+especial+do+Rodolfo/data=!4m7!3m6!1s0x92a48ba3fb275085:0x96e22e99e3c30930!8m2!3d-1.3717471!4d-48.4285606!16s%2Fg%2F11r3tzjffz!19sChIJhVAn-6OLpJIRMAnD45ku4pY?authuser=0&hl=en&g_ep=EgoyMDI2MDkyMS4wIJJjKgBIAVAD&rclk=1,casa de açaí | ponto de açaí | açaí delivery,"casa de açaí no Parque Verde, Belém, PA | ponto de açaí no Parque Verde, Belém, PA | casa de açaí na Cabanagem, Belém, PA | ponto de açaí na Cabanagem, Belém, PA | açaí delivery na Cabanagem, Belém, PA",Parque Verde | Cabanagem,5,2026-09-23
ChIJ80D393thpJIRXf9SLuT0bUw,5507327180210896733,Original Açaí Belém,Açaí shop,Açaíteria / Loja de Açaí,Categoria original indica especialização em açaí,Especializado em açaí,RA_cat_acai_direto,Categoria 'Açaí shop' — evidência forte de especialização,nome contém açaí ('Original Açaí Belém'); ocorrências: 11; categoria: 'Açaí shop',"Original Açaí Belém - R. Beta, 41 - Tapanã, Belém - PA, 66833-240",Parque Verde,Tapanã,Belém,PA,-1.346764,-48.461326,2.2176,Normal,,,5.0,2,,,https://www.google.com/maps/place/Original+A%C3%A7a%C3%AD+Bel%C3%A9m/data=!4m7!3m6!1s0x92a4617bf7f740f3:0x4c6df4e42e52ff5d!8m2!3d-1.3467636!4d-48.4613255!16s%2Fg%2F11xlsvd9nt!19sChIJ80D393thpJIRXf9SLuT0bUw?authuser=0&hl=en&g_ep=EgoyMDI2MDkyMS4wIJJjKgBIAVAD&rclk=1,casa de açaí | ponto de açaí | açaí,"casa de açaí no Parque Verde, Belém, PA | ponto de açaí no Parque Verde, Belém, PA | açaí no Tenoné, Belém, PA | casa de açaí no Tenoné, Belém, PA | açaí no Coqueiro, Belém, PA | casa de açaí no Coqueiro, Belém, PA | ponto de açaí no Coqueiro, Belém, PA | ponto de açaí no Benguí, Belém, PA | casa de açaí no São Clemente, Belém, PA | ponto de açaí no São Clemente, Belém, PA | casa de açaí no Parque Guajará, Belém, PA",Parque Verde | Tenoné | Coqueiro | Benguí | São Clemente | Parque Guajará,11,2026-09-23
ChIJT6YylFxhpJIReZrdfWYCqPc,17845516162677185145,Casa do Açaí,Delivery service,Entrega de Refeições / Delivery,Serviço de entrega,Açaí + outro segmento,RB2_nome_acai_cat_outro,Nome contém açaí + categoria 'Delivery service' indica outro segmento,nome contém açaí ('Casa do Açaí'); ocorrências: 17; categoria: 'Delivery service',"Cordeiro de Farias - Alameda Quatro, 65 - Tapanã, Belém - PA, 66833-040",Parque Verde,Tapanã,Belém,PA,-1.349413,-48.463529,2.1740,Normal,91982799994,https://instagram.com/casadoacai1996?igshid=6kybm4z63xiu,4.1,68,,,https://www.google.com/maps/place/Casa+do+A%C3%A7a%C3%AD/data=!4m7!3m6!1s0x92a4615c9432a64f:0xf7a802667ddd9a79!8m2!3d-1.3494127!4d-48.4635291!16s%2Fg%2F11f9xjjmfv!19sChIJT6YylFxhpJIReZrdfWYCqPc?authuser=0&hl=en&g_ep=EgoyMDI2MDkyMS4wIJJjKgBIAVAD&rclk=1,casa de açaí | açaí delivery | açaí | açaíteria | açaí na tigela,"casa de açaí no Parque Verde, Belém, PA | açaí delivery no Parque Verde, Belém, PA | açaí no Tapanã, Belém, PA | açaíteria no Tapanã, Belém, PA | casa de açaí no Tapanã, Belém, PA | açaí na tigela no Tapanã, Belém, PA | açaí delivery no Tapanã, Belém, PA | casa de açaí na Pratinha, Belém, PA | casa de açaí no Tenoné, Belém, PA | açaí delivery no Tenoné, Belém, PA | açaí no Coqueiro, Belém, PA | casa de açaí no Coqueiro, Belém, PA | açaí delivery no Coqueiro, Belém, PA | casa de açaí no São Clemente, Belém, PA | açaí delivery no São Clemente, Belém, PA | casa de açaí na Cabanagem, Belém, PA | casa de açaí no Parque Guajará, Belém, PA",Parque Verde | Tapanã | Pratinha | Tenoné | Coqueiro | São Clemente | Cabanagem | Parque Guajará,17,2026-09-23
ChIJo2HuM2GLpJIRhIVDzjPxwMk,14537884801958118788,CASA DO AÇAÍ JESUS,Açaí shop,Açaíteria / Loja de Açaí,Categoria original indica especialização em açaí,Especializado em açaí,RA_cat_acai_direto,Categoria 'Açaí shop' — evidência forte de especialização,nome contém açaí ('CASA DO AÇAÍ JESUS'); ocorrências: 4; categoria: 'Açaí shop',"CASA DO AÇAÍ JESUS - Passagem Jarbas Passarinho, 29 - Una, Belém - PA, 66652-030",Parque Verde,Una,Belém,PA,-1.378541,-48.428673,2.8772,Normal,91980287843,https://app.cardapioweb.com/casa_do_acai_jesus?s=cb,5.0,1,,,https://www.google.com/maps/place/CASA+DO+A%C3%87A%C3%8D+JESUS/data=!4m7!3m6!1s0x92a48b6133ee61a3:0xc9c0f133ce438584!8m2!3d-1.3785406!4d-48.4286727!16s%2Fg%2F11sx3_7hsl!19sChIJo2HuM2GLpJIRhIVDzjPxwMk?authuser=0&hl=en&g_ep=EgoyMDI2MDkyMS4wIJJjKgBIAVAD&rclk=1,casa de açaí | açaí delivery,"casa de açaí no Parque Verde, Belém, PA | casa de açaí no Benguí, Belém, PA | casa de açaí na Cabanagem, Belém, PA | açaí delivery na Cabanagem, Belém, PA",Parque Verde | Benguí | Cabanagem,4,2026-09-23
ChIJ_xW1pe9hpJIRXwXDXeKN82s,7778716984774165855,SL-Açaí,Açaí shop,Açaíteria / Loja de Açaí,Categoria original indica especialização em açaí,Especializado em açaí,RA_cat_acai_direto,Categoria 'Açaí shop' — evidência forte de especialização,nome contém açaí ('SL-Açaí'); ocorrências: 13; categoria: 'Açaí shop',"SL-Açaí - Estr. do Benjamin, s/n - Cabanagem, Belém - PA, 66625-410",Parque Verde,Cabanagem,Belém,PA,-1.362552,-48.43318,1.7398,Normal,91998281960,,4.9,8,R$20–40,,https://www.google.com/maps/place/SL-A%C3%A7a%C3%AD/data=!4m7!3m6!1s0x92a461efa5b515ff:0x6bf38de25dc3055f!8m2!3d-1.3625517!4d-48.4331804!16s%2Fg%2F11s2q8yql3!19sChIJ_xW1pe9hpJIRXwXDXeKN82s?authuser=0&hl=en&g_ep=EgoyMDI2MDkyMS4wIJJjKgBIAVAD&rclk=1,casa de açaí | ponto de açaí | açaí delivery | açaí,"casa de açaí no Parque Verde, Belém, PA | ponto de açaí no Parque Verde, Belém, PA | açaí delivery no Parque Verde, Belém, PA | casa de açaí no Benguí, Belém, PA | ponto de açaí no Benguí, Belém, PA | açaí no Una, Belém, PA | casa de açaí no Una, Belém, PA | ponto de açaí no Una, Belém, PA | açaí delivery no Una, Belém, PA | açaí na Cabanagem, Belém, PA | casa de açaí na Cabanagem, Belém, PA | ponto de açaí na Cabanagem, Belém, PA | açaí delivery na Cabanagem, Belém, PA",Parque Verde | Benguí | Una | Cabanagem,13,2026-09-23
ChIJBQ7gN-SLpJIRBTDvcjTZOCA,2321844427199295493,Açaí do Filé,Açaí shop,Açaíteria / Loja de Açaí,Categoria original indica especialização em açaí,Especializado em açaí,RA_cat_acai_direto,Categoria 'Açaí shop' — evidência forte de especialização,nome contém açaí ('Açaí do Filé'); ocorrências: 10; categoria: 'Açaí shop',"Açaí do Filé - R. das Jaqueiras, 144 - Mangueirão, Belém - PA, 66640-650",Parque Verde,Revisar,Belém,PA,-1.383607,-48.449981,2.3717,Normal,91983091562,,5.0,8,,,https://www.google.com/maps/place/A%C3%A7a%C3%AD+do+Fil%C3%A9/data=!4m7!3m6!1s0x92a48be437e00e05:0x2038d93472ef3005!8m2!3d-1.383607!4d-48.449981!16s%2Fg%2F11svk6nd1f!19sChIJBQ7gN-SLpJIRBTDvcjTZOCA?authuser=0&hl=en&g_ep=EgoyMDI2MDkyMS4wIJJjKgBIAVAD&rclk=1,casa de açaí | açaí delivery | açaí | ponto de açaí,"casa de açaí no Parque Verde, Belém, PA | açaí delivery no Parque Verde, Belém, PA | açaí no Benguí, Belém, PA | casa de açaí no Benguí, Belém, PA | ponto de açaí no Benguí, Belém, PA | açaí delivery no Benguí, Belém, PA | casa de açaí no São Clemente, Belém, PA | ponto de açaí no São Clemente, Belém, PA | açaí delivery no São Clemente, Belém, PA | casa de açaí na Cabanagem, Belém, PA",Parque Verde | Benguí | São Clemente | Cabanagem,10,2026-09-23
ChIJSwYGfzJgpJIR8bj-D9zR3pk,11087530075724101873,Açaí do Cocota (Cabanagem),Açaí shop,Açaíteria / Loja de Açaí,Categoria original indica especialização em açaí,Especializado em açaí,RA_cat_acai_direto,Categoria 'Açaí shop' — evidência forte de especialização,nome contém açaí ('Açaí do Cocota (Cabanagem)'); ocorrências: 22; categoria: 'Açaí shop',"Açaí do Cocota (Cabanagem) - R. Fé em Deus, 77b - Cabanagem, Belém - PA, 66650-111",Parque Verde,Cabanagem,Belém,PA,-1.363437,-48.436081,1.4227,Normal,91989914356,https://acaidococota.menudino.com/,4.5,56,R$1–20,,https://www.google.com/maps/place/A%C3%A7a%C3%AD+do+Cocota+%28Cabanagem%29/data=!4m7!3m6!1s0x92a460327f06064b:0x99ded1dc0ffeb8f1!8m2!3d-1.3634366!4d-48.4360807!16s%2Fg%2F11c5t2_pgy!19sChIJSwYGfzJgpJIR8bj-D9zR3pk?authuser=0&hl=en&g_ep=EgoyMDI2MDkyMS4wIJJjKgBIAVAD&rclk=1,casa de açaí | ponto de açaí | açaí delivery | açaí | açaíteria,"casa de açaí no Parque Verde, Belém, PA | ponto de açaí no Parque Verde, Belém, PA | açaí delivery no Parque Verde, Belém, PA | açaí no Coqueiro, Belém, PA | casa de açaí no Coqueiro, Belém, PA | ponto de açaí no Coqueiro, Belém, PA | açaí delivery no Coqueiro, Belém, PA | açaí no Benguí, Belém, PA | casa de açaí no Benguí, Belém, PA | ponto de açaí no Benguí, Belém, PA | açaí delivery no Benguí, Belém, PA | casa de açaí no São Clemente, Belém, PA | ponto de açaí no São Clemente, Belém, PA | açaí no Una, Belém, PA | casa de açaí no Una, Belém, PA | ponto de açaí no Una, Belém, PA | açaí delivery no Una, Belém, PA | açaí na Cabanagem, Belém, PA | açaíteria na Cabanagem, Belém, PA | casa de açaí na Cabanagem, Belém, PA | ponto de açaí na Cabanagem, Belém, PA | açaí delivery na Cabanagem, Belém, PA",Parque Verde | Coqueiro | Benguí | São Clemente | Una | Cabanagem,22,2026-09-23
ChIJVVEsUQCLpJIR_SpDJDUFMHA,8083967056929827581,Jaspion Fry Peixe Frito e Frango Croc Croc,Delivery service,Entrega de Refeições / Delivery,Serviço de entrega,Outro estabelecimento,RC3_cat_generico_sem_evidencia,Categoria 'Delivery service' alimentícia genérica; sem evidência textual de açaí,ocorrências: 2; categoria: 'Delivery service',"Condomínio Jardim Verde - Rod. Augusto Montenegro, 777 - casa 10 - Mangueirão, Belém - PA, 66640-000",Parque Verde,Revisar,Belém,PA,-1.374551,-48.43972,1.6966,Normal,91980840498,https://pedido.brendi.com.br/jaspion,4.8,23,,,https://www.google.com/maps/place/Jaspion+Fry+Peixe+Frito+e+Frango+Croc+Croc/data=!4m7!3m6!1s0x92a48b00512c5155:0x7030053524432afd!8m2!3d-1.3745508!4d-48.4397196!16s%2Fg%2F11xfr0hgwg!19sChIJVVEsUQCLpJIR_SpDJDUFMHA?authuser=0&hl=en&g_ep=EgoyMDI2MDkyMS4wIJJjKgBIAVAD&rclk=1,casa de açaí | ponto de açaí,"casa de açaí no Parque Verde, Belém, PA | ponto de açaí no Parque Verde, Belém, PA",Parque Verde,2,2026-09-23
ChIJL6fqFk1hpJIRpQMSa-9QmoI,9410923360567821221,Açaí do enzo Belém,Açaí shop,Açaíteria / Loja de Açaí,Categoria original indica especialização em açaí,Especializado em açaí,RA_cat_acai_direto,Categoria 'Açaí shop' — evidência forte de especialização,nome contém açaí ('Açaí do enzo Belém'); ocorrências: 8; categoria: 'Açaí shop',"Açaí do enzo Belém - Av. Padre Bruno Sechi, 158 - Benguí, Belém - PA, 66635-008",Parque Verde,Benguí,Belém,PA,-1.350473,-48.460326,1.8345,Normal,,,5.0,4,,,https://www.google.com/maps/place/A%C3%A7a%C3%AD+do+enzo+Bel%C3%A9m/data=!4m7!3m6!1s0x92a4614d16eaa72f:0x829a50ef6b1203a5!8m2!3d-1.3504729!4d-48.4603256!16s%2Fg%2F11l2k3gk9h!19sChIJL6fqFk1hpJIRpQMSa-9QmoI?authuser=0&hl=en&g_ep=EgoyMDI2MDkyMS4wIJJjKgBIAVAD&rclk=1,casa de açaí | ponto de açaí | açaí delivery,"casa de açaí no Parque Verde, Belém, PA | ponto de açaí no Parque Verde, Belém, PA | casa de açaí no Tenoné, Belém, PA | casa de açaí no Coqueiro, Belém, PA | ponto de açaí no Coqueiro, Belém, PA | açaí delivery no Coqueiro, Belém, PA | casa de açaí no São Clemente, Belém, PA | ponto de açaí no São Clemente, Belém, PA",Parque Verde | Tenoné | Coqueiro | São Clemente,8,2026-09-23
ChIJZ7aHxoBgpJIRD8o1cMo8g_g,17907223383518857743,Assaí Atacadista,Grocery store,Mercado / Mercearia,Mercadinho / mercearia,Outro estabelecimento,RC3_cat_generico_sem_evidencia,Categoria 'Grocery store' alimentícia genérica; sem evidência textual de açaí,ocorrências: 11; categoria: 'Grocery store',"Assaí Atacadista - Rod. Mário Covas, 69 - Coqueiro, Belém - PA, 67120-527",Parque Verde,Coqueiro,Belém,PA,-1.358877,-48.429494,2.1830,Normal,9132841550,https://www.assai.com.br/loja/assai-coronel-antonino,4.3,5313,,,https://www.google.com/maps/place/Assa%C3%AD+Atacadista/data=!4m7!3m6!1s0x92a46080c687b667:0xf8833cca7035ca0f!8m2!3d-1.3588765!4d-48.4294942!16s%2Fg%2F11c5fzr7qg!19sChIJZ7aHxoBgpJIRD8o1cMo8g_g?authuser=0&hl=en&g_ep=EgoyMDI2MDkyMS4wIJJjKgBIAVAD&rclk=1,casa de açaí | ponto de açaí | açaí | açaí delivery,"casa de açaí no Parque Verde, Belém, PA | ponto de açaí no Parque Verde, Belém, PA | açaí no Coqueiro, Belém, PA | casa de açaí no Coqueiro, Belém, PA | ponto de açaí no Coqueiro, Belém, PA | ponto de açaí no São Clemente, Belém, PA | açaí no Una, Belém, PA | casa de açaí no Una, Belém, PA | casa de açaí na Cabanagem, Belém, PA | ponto de açaí na Cabanagem, Belém, PA | açaí delivery na Cabanagem, Belém, PA",Parque Verde | Coqueiro | São Clemente | Una | Cabanagem,11,2026-09-23
ChIJ_4sOrSxhpJIR4el0FnhTLms,7723202186224921057,Esquina do açaí,Store,Loja / Comércio,Loja genérica,Açaí + outro segmento,RB2_nome_acai_cat_outro,Nome contém açaí + categoria 'Store' indica outro segmento,nome contém açaí ('Esquina do açaí'); ocorrências: 7; categoria: 'Store',"Esquina do açaí - Passagem Beija-Flor, 340 - Quarenta Horas, Belém - PA, 67120-270",Parque Verde,Revisar,Belém,PA,-1.345254,-48.425108,3.2480,Normal,91988666429,,4.0,2,,,https://www.google.com/maps/place/Esquina+do+a%C3%A7a%C3%AD/data=!4m7!3m6!1s0x92a4612cad0e8bff:0x6b2e53781674e9e1!8m2!3d-1.3452537!4d-48.4251082!16s%2Fg%2F11h3pkdjd5!19sChIJ_4sOrSxhpJIR4el0FnhTLms?authuser=0&hl=en&g_ep=EgoyMDI2MDkyMS4wIJJjKgBIAVAD&rclk=1,casa de açaí | ponto de açaí | açaí | açaí delivery,"casa de açaí no Parque Verde, Belém, PA | ponto de açaí no Parque Verde, Belém, PA | casa de açaí no Tenoné, Belém, PA | açaí no Coqueiro, Belém, PA | casa de açaí no Coqueiro, Belém, PA | ponto de açaí no Coqueiro, Belém, PA | açaí delivery no Coqueiro, Belém, PA",Parque Verde | Tenoné | Coqueiro,7,2026-09-23
ChIJNbcaNHeLpJIRHrMSbaVnEq0,12471144278339531550,Açaí Parazão,Açaí shop,Açaíteria / Loja de Açaí,Categoria original indica especialização em açaí,Especializado em açaí,RA_cat_acai_direto,Categoria 'Açaí shop' — evidência forte de especialização,nome contém açaí ('Açaí Parazão'); ocorrências: 9; categoria: 'Açaí shop',"Açaí Parazão - Av. Maj. Aviador Seda - Mangueirão, Belém - PA, 66640-210",Parque Verde,Revisar,Belém,PA,-1.382,-48.455458,2.3102,Normal,91982754510,,5.0,1,,,https://www.google.com/maps/place/A%C3%A7a%C3%AD+Paraz%C3%A3o/data=!4m7!3m6!1s0x92a48b77341ab735:0xad1267a56d12b31e!8m2!3d-1.3820004!4d-48.4554583!16s%2Fg%2F11w1dclnl_!19sChIJNbcaNHeLpJIRHrMSbaVnEq0?authuser=0&hl=en&g_ep=EgoyMDI2MDkyMS4wIJJjKgBIAVAD&rclk=1,casa de açaí | ponto de açaí | açaí | açaí delivery,"casa de açaí no Parque Verde, Belém, PA | ponto de açaí no Parque Verde, Belém, PA | açaí na Pratinha, Belém, PA | açaí delivery na Pratinha, Belém, PA | açaí no Benguí, Belém, PA | casa de açaí no Benguí, Belém, PA | ponto de açaí no Benguí, Belém, PA | açaí delivery no Benguí, Belém, PA | casa de açaí na Cabanagem, Belém, PA",Parque Verde | Pratinha | Benguí | Cabanagem,9,2026-09-23
ChIJoz6HeF1hpJIRuBWmqwSlNA4,1023624454798185912,Cantinho do Açaí,Açaí shop,Açaíteria / Loja de Açaí,Categoria original indica especialização em açaí,Especializado em açaí,RA_cat_acai_direto,Categoria 'Açaí shop' — evidência forte de especialização,nome contém açaí ('Cantinho do Açaí'); ocorrências: 16; categoria: 'Açaí shop',"Cantinho do Açaí - R. Bom Sucesso, 149 - Cabanagem, Belém - PA, 66625-787",Parque Verde,Cabanagem,Belém,PA,-1.361552,-48.439484,1.0422,Normal,,,4.8,6,,,https://www.google.com/maps/place/Cantinho+do+A%C3%A7a%C3%AD/data=!4m7!3m6!1s0x92a4615d78873ea3:0xe34a504aba615b8!8m2!3d-1.361552!4d-48.439484!16s%2Fg%2F11rrc1m9x7!19sChIJoz6HeF1hpJIRuBWmqwSlNA4?authuser=0&hl=en&g_ep=EgoyMDI2MDkyMS4wIJJjKgBIAVAD&rclk=1,casa de açaí | ponto de açaí | açaí,"casa de açaí no Parque Verde, Belém, PA | ponto de açaí no Parque Verde, Belém, PA | açaí no Coqueiro, Belém, PA | casa de açaí no Coqueiro, Belém, PA | ponto de açaí no Coqueiro, Belém, PA | açaí no Benguí, Belém, PA | casa de açaí no Benguí, Belém, PA | ponto de açaí no Benguí, Belém, PA | casa de açaí no São Clemente, Belém, PA | ponto de açaí no São Clemente, Belém, PA | açaí no Una, Belém, PA | casa de açaí no Una, Belém, PA | ponto de açaí no Una, Belém, PA | açaí na Cabanagem, Belém, PA | casa de açaí na Cabanagem, Belém, PA | ponto de açaí na Cabanagem, Belém, PA",Parque Verde | Coqueiro | Benguí | São Clemente | Una | Cabanagem,16,2026-09-23
ChIJjQHsGwuLpJIRx8WqpHdPMCM,2535613965491946951,Açai Do Careca.,Açaí shop,Açaíteria / Loja de Açaí,Categoria original indica especialização em açaí,Especializado em açaí,RA_cat_acai_direto,Categoria 'Açaí shop' — evidência forte de especialização,nome contém açaí ('Açai Do Careca.'); ocorrências: 5; categoria: 'Açaí shop',"Açai Do Careca. - Passagem José Ribamar, 92-240 - Benguí, Belém - PA, 66630-350",Parque Verde,Benguí,Belém,PA,-1.376433,-48.467403,2.5942,Normal,91993783476,,5.0,5,,,https://www.google.com/maps/place/A%C3%A7ai+Do+Careca./data=!4m7!3m6!1s0x92a48b0b1bec018d:0x23304f77a4aac5c7!8m2!3d-1.3764332!4d-48.4674027!16s%2Fg%2F11f9x_0mh2!19sChIJjQHsGwuLpJIRx8WqpHdPMCM?authuser=0&hl=en&g_ep=EgoyMDI2MDkyMS4wIJJjKgBIAVAD&rclk=1,casa de açaí | açaí | açaí delivery,"casa de açaí no Parque Verde, Belém, PA | açaí na Pratinha, Belém, PA | casa de açaí na Pratinha, Belém, PA | açaí delivery na Pratinha, Belém, PA | casa de açaí no São Clemente, Belém, PA",Parque Verde | Pratinha | São Clemente,5,2026-09-23
ChIJCQQFD3NhpJIR0SWb1IkpuHs,8914921134334092753,Companhia Paraense | Comidas | Bebidas | Lazer,Brazilian restaurant,Restaurante,Restaurante brasileiro,Outro estabelecimento,RC3_cat_generico_sem_evidencia,Categoria 'Brazilian restaurant' alimentícia genérica; sem evidência textual de açaí,ocorrências: 12; categoria: 'Brazilian restaurant',"Companhia Paraense | Comidas | Bebidas | Lazer - Avenida São Pedro, Conj. Ariri Bolonha, Q. Doze, 30 - Coqueiro, Belém - PA, 66650-020",Parque Verde,Coqueiro,Belém,PA,-1.356439,-48.438524,1.3185,Normal,91982379201,https://companhiaparaense.menudino.com/,4.4,20,R$20–40,,https://www.google.com/maps/place/Companhia+Paraense+%7C+Comidas+%7C+Bebidas+%7C+Lazer/data=!4m7!3m6!1s0x92a461730f050409:0x7bb82989d49b25d1!8m2!3d-1.3564386!4d-48.438524!16s%2Fg%2F11w36zlx3b!19sChIJCQQFD3NhpJIR0SWb1IkpuHs?authuser=0&hl=en&g_ep=EgoyMDI2MDkyMS4wIJJjKgBIAVAD&rclk=1,casa de açaí | ponto de açaí | açaí delivery,"casa de açaí no Parque Verde, Belém, PA | ponto de açaí no Parque Verde, Belém, PA | casa de açaí no Benguí, Belém, PA | ponto de açaí no Benguí, Belém, PA | casa de açaí no São Clemente, Belém, PA | ponto de açaí no São Clemente, Belém, PA | casa de açaí no Una, Belém, PA | ponto de açaí no Una, Belém, PA | açaí delivery no Una, Belém, PA | casa de açaí na Cabanagem, Belém, PA | ponto de açaí na Cabanagem, Belém, PA | açaí delivery na Cabanagem, Belém, PA",Parque Verde | Benguí | São Clemente | Una | Cabanagem,12,2026-09-23
ChIJA1UDsw5hpJIRIpC_ktgVAVg,6341373770233516066,Acai do Cabra,Dry fruit store,Loja de Produtos Naturais / Orgânicos,Loja de frutas secas,Açaí + outro segmento,RB2_nome_acai_cat_outro,Nome contém açaí + categoria 'Dry fruit store' indica outro segmento,nome contém açaí ('Acai do Cabra'); ocorrências: 10; categoria: 'Dry fruit store',"Acai do Cabra - Passagem samaritano, n 91 - Pratinha, Belém - PA, 66816-220",Parque Verde,Pratinha,Belém,PA,-1.370138,-48.472125,2.7321,Normal,,,5.0,1,,,https://www.google.com/maps/place/Acai+do+Cabra/data=!4m7!3m6!1s0x92a4610eb3035503:0x580115d892bf9022!8m2!3d-1.3701382!4d-48.4721252!16s%2Fg%2F11xw6x1dgn!19sChIJA1UDsw5hpJIRIpC_ktgVAVg?authuser=0&hl=en&g_ep=EgoyMDI2MDkyMS4wIJJjKgBIAVAD&rclk=1,casa de açaí | ponto de açaí | açaí | açaí delivery,"casa de açaí no Parque Verde, Belém, PA | ponto de açaí no Parque Verde, Belém, PA | açaí na Pratinha, Belém, PA | casa de açaí na Pratinha, Belém, PA | ponto de açaí na Pratinha, Belém, PA | açaí delivery na Pratinha, Belém, PA | casa de açaí no Benguí, Belém, PA | ponto de açaí no Benguí, Belém, PA | casa de açaí no São Clemente, Belém, PA | ponto de açaí no São Clemente, Belém, PA",Parque Verde | Pratinha | Benguí | São Clemente,10,2026-09-23
ChIJ40Hf54NhpJIRYOaxe5pDdqg,12138964176403031648,Açaí Bom Todo,Açaí shop,Açaíteria / Loja de Açaí,Categoria original indica especialização em açaí,Especializado em açaí,RA_cat_acai_direto,Categoria 'Açaí shop' — evidência forte de especialização,nome contém açaí ('Açaí Bom Todo'); ocorrências: 19; categoria: 'Açaí shop',"Açaí Bom Todo - R. São Clemente, 807b - Tapanã, Belém - PA, 66830-720",Parque Verde,Revisar,Belém,PA,-1.352566,-48.466338,2.2275,Normal,91989303903,https://instagram.com/acaibomtodo?igshid=MzRlODBiNWFlZA==,4.8,20,,,https://www.google.com/maps/place/A%C3%A7a%C3%AD+Bom+Todo/data=!4m7!3m6!1s0x92a46183e7df41e3:0xa876439a7bb1e660!8m2!3d-1.3525664!4d-48.4663385!16s%2Fg%2F11r4bv753t!19sChIJ40Hf54NhpJIRYOaxe5pDdqg?authuser=0&hl=en&g_ep=EgoyMDI2MDkyMS4wIJJjKgBIAVAD&rclk=1,casa de açaí | ponto de açaí | açaí delivery | açaí | açaíteria,"casa de açaí no Parque Verde, Belém, PA | ponto de açaí no Parque Verde, Belém, PA | açaí delivery no Parque Verde, Belém, PA | açaí no Tapanã, Belém, PA | açaíteria no Tapanã, Belém, PA | casa de açaí no Tapanã, Belém, PA | açaí delivery no Tapanã, Belém, PA | açaí na Pratinha, Belém, PA | ponto de açaí na Pratinha, Belém, PA | açaí delivery na Pratinha, Belém, PA | casa de açaí no Tenoné, Belém, PA | açaí no Coqueiro, Belém, PA | casa de açaí no Coqueiro, Belém, PA | ponto de açaí no Coqueiro, Belém, PA | açaí delivery no Coqueiro, Belém, PA | açaíteria no São Clemente, Belém, PA | casa de açaí no São Clemente, Belém, PA | ponto de açaí no São Clemente, Belém, PA | açaí delivery no São Clemente, Belém, PA",Parque Verde | Tapanã | Pratinha | Tenoné | Coqueiro | São Clemente,19,2026-09-23
ChIJ8dYqZBxhpJIRZoVKaZqlxlI,5964636839108838758,Açaí do Jorjão,Açaí shop,Açaíteria / Loja de Açaí,Categoria original indica especialização em açaí,Especializado em açaí,RA_cat_acai_direto,Categoria 'Açaí shop' — evidência forte de especialização,nome contém açaí ('Açaí do Jorjão'); ocorrências: 7; categoria: 'Açaí shop',"Açaí do Jorjão - Trav. MARCOS PINHEIRO - Tapanã, Belém - PA, 66830-250",Parque Verde,Tapanã,Belém,PA,-1.346478,-48.475764,3.4733,Normal,,,5.0,1,,,https://www.google.com/maps/place/A%C3%A7a%C3%AD+do+Jorj%C3%A3o/data=!4m7!3m6!1s0x92a4611c642ad6f1:0x52c6a59a694a8566!8m2!3d-1.3464776!4d-48.4757644!16s%2Fg%2F11zh3yxfx0!19sChIJ8dYqZBxhpJIRZoVKaZqlxlI?authuser=0&hl=en&g_ep=EgoyMDI2MDkyMS4wIJJjKgBIAVAD&rclk=1,casa de açaí | ponto de açaí,"casa de açaí no Parque Verde, Belém, PA | ponto de açaí no Parque Verde, Belém, PA | ponto de açaí no Coqueiro, Belém, PA | casa de açaí no São Clemente, Belém, PA | ponto de açaí no São Clemente, Belém, PA | casa de açaí no Parque Guajará, Belém, PA | ponto de açaí no Parque Guajará, Belém, PA",Parque Verde | Coqueiro | São Clemente | Parque Guajará,7,2026-09-23
ChIJ90W0WwCLpJIRLfllvf61nDk,4151393062232652077,Açaí do pastor,Açaí shop,Açaíteria / Loja de Açaí,Categoria original indica especialização em açaí,Outro estabelecimento,R0_nome_nao_acai,Nome indica atividade não relacionada a açaí,nome contém açaí ('Açaí do pastor'); ocorrências: 10; categoria: 'Açaí shop',"Açaí do pastor - Estr. do Benjamin - Cabanagem, Ananindeua - PA, 66625-410",Parque Verde,Cabanagem,Belém,PA,-1.367401,-48.429514,2.2205,Normal,91991775624,https://www.instagram.com/acaidopastor_?igsh=MW82Y3E0NndqbTVkNg==,5.0,2,,,https://www.google.com/maps/place/A%C3%A7a%C3%AD+do+pastor/data=!4m7!3m6!1s0x92a48b005bb445f7:0x399cb5febd65f92d!8m2!3d-1.3674011!4d-48.4295143!16s%2Fg%2F11yl66kkt9!19sChIJ90W0WwCLpJIRLfllvf61nDk?authuser=0&hl=en&g_ep=EgoyMDI2MDkyMS4wIJJjKgBIAVAD&rclk=1,casa de açaí | ponto de açaí | açaí | açaíteria | açaí na tigela | açaí delivery,"casa de açaí no Parque Verde, Belém, PA | ponto de açaí no Parque Verde, Belém, PA | casa de açaí no Coqueiro, Belém, PA | ponto de açaí no Coqueiro, Belém, PA | açaí na Cabanagem, Belém, PA | açaíteria na Cabanagem, Belém, PA | casa de açaí na Cabanagem, Belém, PA | ponto de açaí na Cabanagem, Belém, PA | açaí na tigela na Cabanagem, Belém, PA | açaí delivery na Cabanagem, Belém, PA",Parque Verde | Coqueiro | Cabanagem,10,2026-09-23
ChIJXxN_wy1hpJIRsSpwOTRZZJM,10620711902083295921,Guaraná Amazon,Ice cream shop,Açaíteria / Sorveteria,"Categoria de sorvete/gelado, frequentemente vende açaí",Açaí + outro segmento,RB1_cat_suporte_sem_confirmacao,Categoria 'Ice cream shop' sugere açaí/sorvete mas sem confirmação textual,ocorrências: 2; categoria: 'Ice cream shop',"Guaraná Amazon - R. Suíça Cj Jd Europa - Coqueiro, Belém - PA, 66650-290",Parque Verde,Coqueiro,Belém,PA,-1.361543,-48.426738,2.4572,Normal,,https://www.facebook.com/profile.php?id=100081199055141,5.0,2,,,https://www.google.com/maps/place/Guaran%C3%A1+Amazon/data=!4m7!3m6!1s0x92a4612dc37f135f:0x9364593439702ab1!8m2!3d-1.3615428!4d-48.4267383!16s%2Fg%2F11rzcvf3tv!19sChIJXxN_wy1hpJIRsSpwOTRZZJM?authuser=0&hl=en&g_ep=EgoyMDI2MDkyMS4wIJJjKgBIAVAD&rclk=1,casa de açaí,"casa de açaí no Parque Verde, Belém, PA | casa de açaí no Una, Belém, PA",Parque Verde | Una,2,2026-09-23
ChIJeXrbO8JhpJIRx18KCd63lwE,114762479783534535,SABOR AÇAÍ CONVENIÊNCIA,Chocolate cafe,Café / Confeitaria,Café com chocolate,Açaí + outro segmento,RB2_nome_acai_cat_outro,Nome contém açaí + categoria 'Chocolate cafe' indica outro segmento,nome contém açaí ('SABOR AÇAÍ CONVENIÊNCIA'); ocorrências: 5; categoria: 'Chocolate cafe',"SABOR AÇAÍ CONVENIÊNCIA - Passagem Val-de-Cães - Cabanagem, Belém - PA, 66625-130",Parque Verde,Cabanagem,Belém,PA,-1.370635,-48.43311,1.9775,Normal,91993241852,,5.0,1,,,https://www.google.com/maps/place/SABOR+A%C3%87A%C3%8D+CONVENI%C3%8ANCIA/data=!4m7!3m6!1s0x92a461c23bdb7a79:0x197b7de090a5fc7!8m2!3d-1.3706346!4d-48.4331101!16s%2Fg%2F11n0kzrnx5!19sChIJeXrbO8JhpJIRx18KCd63lwE?authuser=0&hl=en&g_ep=EgoyMDI2MDkyMS4wIJJjKgBIAVAD&rclk=1,casa de açaí | açaí | ponto de açaí | açaí delivery,"casa de açaí no Parque Verde, Belém, PA | açaí na Cabanagem, Belém, PA | casa de açaí na Cabanagem, Belém, PA | ponto de açaí na Cabanagem, Belém, PA | açaí delivery na Cabanagem, Belém, PA",Parque Verde | Cabanagem,5,2026-09-23
ChIJNWx9WgBhpJIRRglDJqfMnk0,5593132805514266950,Açaíteria Quiosquinho Quero Mais,Açaí shop,Açaíteria / Loja de Açaí,Categoria original indica especialização em açaí,Especializado em açaí,RA_cat_acai_direto,Categoria 'Açaí shop' — evidência forte de especialização,nome contém açaí ('Açaíteria Quiosquinho Quero Mais'); ocorrências: 20; categoria: 'Açaí shop',"Açaíteria Quiosquinho Quero Mais - Passagem John Engelhard, 401 - Pratinha, Belém - PA, 66816-730",Parque Verde,Pratinha,Belém,PA,-1.361285,-48.46998,2.3540,Normal,,,5.0,2,,,https://www.google.com/maps/place/A%C3%A7a%C3%ADteria+Quiosquinho+Quero+Mais/data=!4m7!3m6!1s0x92a461005a7d6c35:0x4d9ecca726430946!8m2!3d-1.3612851!4d-48.4699801!16s%2Fg%2F11vxkbkbh4!19sChIJNWx9WgBhpJIRRglDJqfMnk0?authuser=0&hl=en&g_ep=EgoyMDI2MDkyMS4wIJJjKgBIAVAD&rclk=1,casa de açaí | ponto de açaí | açaíteria | açaí | açaí delivery,"casa de açaí no Parque Verde, Belém, PA | ponto de açaí no Parque Verde, Belém, PA | açaíteria no Tapanã, Belém, PA | açaí na Pratinha, Belém, PA | açaíteria na Pratinha, Belém, PA | casa de açaí na Pratinha, Belém, PA | ponto de açaí na Pratinha, Belém, PA | açaí delivery na Pratinha, Belém, PA | açaíteria no Tenoné, Belém, PA | casa de açaí no Coqueiro, Belém, PA | ponto de açaí no Coqueiro, Belém, PA | açaíteria no Benguí, Belém, PA | casa de açaí no Benguí, Belém, PA | ponto de açaí no Benguí, Belém, PA | açaíteria no São Clemente, Belém, PA | casa de açaí no São Clemente, Belém, PA | ponto de açaí no São Clemente, Belém, PA | açaíteria no Una, Belém, PA | açaíteria na Cabanagem, Belém, PA | açaíteria no Parque Guajará, Belém, PA",Parque Verde | Tapanã | Pratinha | Tenoné | Coqueiro | Benguí | São Clemente | Una | Cabanagem | Parque Guajará,20,2026-09-23
ChIJgQujpU1gpJIRT1F9wsdN0wo,780052680822051151,AÇAÍ DO TIO GRAÇA,Juice shop,Lanchonete / Sucos e Vitaminas,Loja de sucos,Especializado em açaí,RA2_cat_suporte_texto_acai,Categoria 'Juice shop' + evidência textual de açaí,nome contém açaí ('AÇAÍ DO TIO GRAÇA'); ocorrências: 4; categoria: 'Juice shop',"AÇAÍ DO TIO GRAÇA - Conjunto Ariri Bolonha, Passagem São Pedro, 36 - Quadra 54 - Coqueiro, Belém - PA, 66650-008",Parque Verde,Coqueiro,Belém,PA,-1.350316,-48.436211,1.9354,Normal,91981784885,,4.4,138,R$1–40,,https://www.google.com/maps/place/A%C3%87A%C3%8D+DO+TIO+GRA%C3%87A/data=!4m7!3m6!1s0x92a4604da5a30b81:0xad34dc7c27d514f!8m2!3d-1.3503163!4d-48.4362106!16s%2Fg%2F11bxc7fgwj!19sChIJgQujpU1gpJIRT1F9wsdN0wo?authuser=0&hl=en&g_ep=EgoyMDI2MDkyMS4wIJJjKgBIAVAD&rclk=1,casa de açaí | ponto de açaí | açaí delivery,"casa de açaí no Parque Verde, Belém, PA | ponto de açaí no Parque Verde, Belém, PA | ponto de açaí no São Clemente, Belém, PA | açaí delivery no Una, Belém, PA",Parque Verde | São Clemente | Una,4,2026-09-23
ChIJL8gbFclhpJIRYuyJP-fddY0,10193297316896173154,Açaí RR,Wholesale food store,Atacado de Alimentos,Atacado alimentício,Açaí + outro segmento,RB2_nome_acai_cat_outro,Nome contém açaí + categoria 'Wholesale food store' indica outro segmento,nome contém açaí ('Açaí RR'); ocorrências: 5; categoria: 'Wholesale food store',"Açaí RR - Av. Brasil, 295 - Q199 - Cabanagem, Belém - PA, 66625-670",Parque Verde,Cabanagem,Belém,PA,-1.359451,-48.437416,1.3079,Normal,91981341556,https://instagram.com/acai4r,0.0,0,,,https://www.google.com/maps/place/A%C3%A7a%C3%AD+RR/data=!4m7!3m6!1s0x92a461c9151bc82f:0x8d75dde73f89ec62!8m2!3d-1.3594513!4d-48.4374156!16s%2Fg%2F11vbwqtjjn!19sChIJL8gbFclhpJIRYuyJP-fddY0?authuser=0&hl=en&g_ep=EgoyMDI2MDkyMS4wIJJjKgBIAVAD&rclk=1,casa de açaí | açaí | ponto de açaí,"casa de açaí no Parque Verde, Belém, PA | casa de açaí no Una, Belém, PA | açaí na Cabanagem, Belém, PA | casa de açaí na Cabanagem, Belém, PA | ponto de açaí na Cabanagem, Belém, PA",Parque Verde | Una | Cabanagem,5,2026-09-23
ChIJTeDFLwBhpJIR0IVikN_x7I0,10226814796353930704,Super Açaí,Açaí shop,Açaíteria / Loja de Açaí,Categoria original indica especialização em açaí,Especializado em açaí,RA_cat_acai_direto,Categoria 'Açaí shop' — evidência forte de especialização,nome contém açaí ('Super Açaí'); ocorrências: 4; categoria: 'Açaí shop',"Super Açaí - Passagem Girassol, 32 - Cabanagem, Belém - PA, 66625-350",Parque Verde,Cabanagem,Belém,PA,-1.3682,-48.436326,1.5365,Normal,91998292145,,0.0,0,,,https://www.google.com/maps/place/Super+A%C3%A7a%C3%AD/data=!4m7!3m6!1s0x92a461002fc5e04d:0x8decf1df906285d0!8m2!3d-1.3681999!4d-48.4363261!16s%2Fg%2F11yjzc2t2v!19sChIJTeDFLwBhpJIR0IVikN_x7I0?authuser=0&hl=en&g_ep=EgoyMDI2MDkyMS4wIJJjKgBIAVAD&rclk=1,casa de açaí | ponto de açaí,"casa de açaí no Parque Verde, Belém, PA | ponto de açaí no Parque Verde, Belém, PA | casa de açaí na Cabanagem, Belém, PA | ponto de açaí na Cabanagem, Belém, PA",Parque Verde | Cabanagem,4,2026-09-23
ChIJY9OKczlhpJIRHWa04yUMV8U,14219847705319204381,Gênesis açaí,Açaí shop,Açaíteria / Loja de Açaí,Categoria original indica especialização em açaí,Especializado em açaí,RA_cat_acai_direto,Categoria 'Açaí shop' — evidência forte de especialização,nome contém açaí ('Gênesis açaí'); ocorrências: 7; categoria: 'Açaí shop',"Gênesis açaí - Passagem John Engelhard, 19 Pratinha 2, Passagem John Engelhard, 500 - Pratinha, Belém - PA, 66816-030",Parque Verde,Pratinha,Belém,PA,-1.361327,-48.465424,1.8480,Normal,91981234065,https://wa.me/message/7L3ZZEMWTYCTD1,0.0,0,,,https://www.google.com/maps/place/G%C3%AAnesis+a%C3%A7a%C3%AD/data=!4m7!3m6!1s0x92a46139738ad363:0xc5570c25e3b4661d!8m2!3d-1.361327!4d-48.4654236!16s%2Fg%2F11zws0l8hm!19sChIJY9OKczlhpJIRHWa04yUMV8U?authuser=0&hl=en&g_ep=EgoyMDI2MDkyMS4wIJJjKgBIAVAD&rclk=1,casa de açaí | açaí | ponto de açaí | açaí delivery,"casa de açaí no Parque Verde, Belém, PA | açaí na Pratinha, Belém, PA | casa de açaí na Pratinha, Belém, PA | ponto de açaí na Pratinha, Belém, PA | açaí delivery na Pratinha, Belém, PA | casa de açaí no São Clemente, Belém, PA | ponto de açaí no São Clemente, Belém, PA",Parque Verde | Pratinha | São Clemente,7,2026-09-23
ChIJUZhJCgCLpJIR1HjIBWqVqDc,4010619750769522900,Açaí Nação 318,Açaí shop,Açaíteria / Loja de Açaí,Categoria original indica especialização em açaí,Especializado em açaí,RA_cat_acai_direto,Categoria 'Açaí shop' — evidência forte de especialização,nome contém açaí ('Açaí Nação 318'); ocorrências: 12; categoria: 'Açaí shop',"Açaí Nação 318 - R. do Fio, 14 - Cabanagem, Belém - PA, 66633-070",Parque Verde,Cabanagem,Belém,PA,-1.368925,-48.433331,1.8733,Normal,91986117019,,5.0,1,,,https://www.google.com/maps/place/A%C3%A7a%C3%AD+Na%C3%A7%C3%A3o+318/data=!4m7!3m6!1s0x92a48b000a499851:0x37a8956a05c878d4!8m2!3d-1.3689252!4d-48.4333308!16s%2Fg%2F11w7m8pwrm!19sChIJUZhJCgCLpJIR1HjIBWqVqDc?authuser=0&hl=en&g_ep=EgoyMDI2MDkyMS4wIJJjKgBIAVAD&rclk=1,casa de açaí | ponto de açaí | açaí,"casa de açaí no Parque Verde, Belém, PA | ponto de açaí no Parque Verde, Belém, PA | casa de açaí no Coqueiro, Belém, PA | ponto de açaí no Coqueiro, Belém, PA | casa de açaí no Benguí, Belém, PA | ponto de açaí no Benguí, Belém, PA | açaí no Una, Belém, PA | casa de açaí no Una, Belém, PA | ponto de açaí no Una, Belém, PA | açaí na Cabanagem, Belém, PA | casa de açaí na Cabanagem, Belém, PA | ponto de açaí na Cabanagem, Belém, PA",Parque Verde | Coqueiro | Benguí | Una | Cabanagem,12,2026-09-23
ChIJgeBuYgxhpJIRerERIDgDiMg,14449802944009318778,S.L.C Açaí Berry,Butcher shop,Açougue,Açougue,Açaí + outro segmento,RB2_nome_acai_cat_outro,Nome contém açaí + categoria 'Butcher shop' indica outro segmento,nome contém açaí ('S.L.C Açaí Berry'); ocorrências: 10; categoria: 'Butcher shop',"S.L.C Açaí Berry - Passagem Nova, 100A - Pratinha, Belém - PA, 66816-330",Parque Verde,Pratinha,Belém,PA,-1.369684,-48.472356,2.7409,Normal,91999980000,https://www.instagram.com/slc.acai?stkn=MngwYWgwYzBpbDV2&utm_source=qr,0.0,0,,,https://www.google.com/maps/place/S.L.C+A%C3%A7a%C3%AD+Berry/data=!4m7!3m6!1s0x92a4610c626ee081:0xc88803382011b17a!8m2!3d-1.3696837!4d-48.4723556!16s%2Fg%2F11zyvlqb8p!19sChIJgeBuYgxhpJIRerERIDgDiMg?authuser=0&hl=en&g_ep=EgoyMDI2MDkyMS4wIJJjKgBIAVAD&rclk=1,casa de açaí | ponto de açaí | açaí | açaí delivery,"casa de açaí no Parque Verde, Belém, PA | ponto de açaí no Parque Verde, Belém, PA | açaí na Pratinha, Belém, PA | casa de açaí na Pratinha, Belém, PA | ponto de açaí na Pratinha, Belém, PA | açaí delivery na Pratinha, Belém, PA | casa de açaí no Benguí, Belém, PA | ponto de açaí no Benguí, Belém, PA | casa de açaí no São Clemente, Belém, PA | ponto de açaí no São Clemente, Belém, PA",Parque Verde | Pratinha | Benguí | São Clemente,10,2026-09-23
ChIJBXgsOD-LpJIRpctnfFNZtmU,7329143658696395685,Ponto do Açai,Organic food store,Loja de Produtos Naturais / Orgânicos,Loja de produtos naturais/orgânicos,Especializado em açaí,RA2_cat_suporte_texto_acai,Categoria 'Organic food store' + evidência textual de açaí,nome contém açaí ('Ponto do Açai'); ocorrências: 9; categoria: 'Organic food store',"Ponto do Açai - Passagem Val-de-Cães, 90 - Cabanagem, Belém - PA, 66625-157",Parque Verde,Cabanagem,Belém,PA,-1.37294,-48.431197,2.2889,Normal,91998287840,,5.0,2,,,https://www.google.com/maps/place/Ponto+do+A%C3%A7ai/data=!4m7!3m6!1s0x92a48b3f382c7805:0x65b659537c67cba5!8m2!3d-1.37294!4d-48.4311967!16s%2Fg%2F11v169kqp0!19sChIJBXgsOD-LpJIRpctnfFNZtmU?authuser=0&hl=en&g_ep=EgoyMDI2MDkyMS4wIJJjKgBIAVAD&rclk=1,casa de açaí | ponto de açaí | açaí,"casa de açaí no Parque Verde, Belém, PA | ponto de açaí no Parque Verde, Belém, PA | ponto de açaí no Coqueiro, Belém, PA | ponto de açaí no Benguí, Belém, PA | ponto de açaí no São Clemente, Belém, PA | ponto de açaí no Una, Belém, PA | açaí na Cabanagem, Belém, PA | casa de açaí na Cabanagem, Belém, PA | ponto de açaí na Cabanagem, Belém, PA",Parque Verde | Coqueiro | Benguí | São Clemente | Una | Cabanagem,9,2026-09-23
ChIJH8dS98iLpJIRU-RZYsegoIw,10133275939792610387,NOSSO AÇAÍ,Food manufacturer,Fabricante de Alimentos,Fabricante de alimentos,Açaí + outro segmento,RB2_nome_acai_cat_outro,Nome contém açaí + categoria 'Food manufacturer' indica outro segmento,nome contém açaí ('NOSSO AÇAÍ'); ocorrências: 25; categoria: 'Food manufacturer',"NOSSO AÇAÍ - R. Lameira Bittencourt, 1129 - Benguí, Belém - PA, 66630-010",Parque Verde,Benguí,Belém,PA,-1.376783,-48.449875,1.6137,Normal,91993528603,https://www.facebook.com/NAnossoacai,4.9,14,,,https://www.google.com/maps/place/NOSSO+A%C3%87A%C3%8D/data=!4m7!3m6!1s0x92a48bc8f752c71f:0x8ca0a0c76259e453!8m2!3d-1.3767828!4d-48.4498752!16s%2Fg%2F11j0k59zcl!19sChIJH8dS98iLpJIRU-RZYsegoIw?authuser=0&hl=en&g_ep=EgoyMDI2MDkyMS4wIJJjKgBIAVAD&rclk=1,casa de açaí | ponto de açaí | açaí delivery | açaíteria | açaí | açaí na tigela,"casa de açaí no Parque Verde, Belém, PA | ponto de açaí no Parque Verde, Belém, PA | açaí delivery no Parque Verde, Belém, PA | açaíteria no Tapanã, Belém, PA | açaíteria no Tenoné, Belém, PA | ponto de açaí no Tenoné, Belém, PA | açaí delivery no Tenoné, Belém, PA | açaí no Benguí, Belém, PA | açaíteria no Benguí, Belém, PA | casa de açaí no Benguí, Belém, PA | ponto de açaí no Benguí, Belém, PA | açaí na tigela no Benguí, Belém, PA | açaí delivery no Benguí, Belém, PA | açaíteria no São Clemente, Belém, PA | casa de açaí no São Clemente, Belém, PA | ponto de açaí no São Clemente, Belém, PA | açaí delivery no São Clemente, Belém, PA | açaíteria no Una, Belém, PA | açaí delivery no Una, Belém, PA | açaí na Cabanagem, Belém, PA | açaíteria na Cabanagem, Belém, PA | casa de açaí na Cabanagem, Belém, PA | ponto de açaí na Cabanagem, Belém, PA | açaí delivery na Cabanagem, Belém, PA | açaíteria no Parque Guajará, Belém, PA",Parque Verde | Tapanã | Tenoné | Benguí | São Clemente | Una | Cabanagem | Parque Guajará,25,2026-09-23
ChIJvctQs2CLpJIRVg78FhtnzTY,3948925814321188438,Açaí Bem Estar7,Catering food and drink supplier,Fornecedor / Distribuidor de Alimentos,Fornecedor para catering,Açaí + outro segmento,RB2_nome_acai_cat_outro,Nome contém açaí + categoria 'Catering food and drink supplier' indica outro segmento,nome contém açaí ('Açaí Bem Estar7'); ocorrências: 14; categoria: 'Catering food and drink supplier',"Açaí Bem Estar7 - R. Roberto Regateiro, Q 21 - casa 140 - Mangueirão, Belém - PA, 66640-405",Parque Verde,Revisar,Belém,PA,-1.379847,-48.435023,2.4816,Normal,91981670675,,4.9,28,,,https://www.google.com/maps/place/A%C3%A7a%C3%AD+Bem+Estar7/data=!4m7!3m6!1s0x92a48b60b350cbbd:0x36cd671b16fc0e56!8m2!3d-1.3798474!4d-48.4350233!16s%2Fg%2F11k0pqk38t!19sChIJvctQs2CLpJIRVg78FhtnzTY?authuser=0&hl=en&g_ep=EgoyMDI2MDkyMS4wIJJjKgBIAVAD&rclk=1,casa de açaí | açaí delivery | açaí | ponto de açaí,"casa de açaí no Parque Verde, Belém, PA | açaí delivery no Parque Verde, Belém, PA | açaí delivery no Tenoné, Belém, PA | açaí no Benguí, Belém, PA | casa de açaí no Benguí, Belém, PA | ponto de açaí no Benguí, Belém, PA | açaí delivery no Benguí, Belém, PA | casa de açaí no São Clemente, Belém, PA | açaí delivery no São Clemente, Belém, PA | açaí no Una, Belém, PA | casa de açaí no Una, Belém, PA | açaí delivery no Una, Belém, PA | casa de açaí na Cabanagem, Belém, PA | açaí delivery na Cabanagem, Belém, PA",Parque Verde | Tenoné | Benguí | São Clemente | Una | Cabanagem,14,2026-09-23
ChIJU8yJluKLpJIR8tGSELux0LA,12740878762826191346,Casa Do Açai,Food manufacturing supply,Fornecedor / Distribuidor de Alimentos,Fornecedor de insumos alimentícios,Açaí + outro segmento,RB2_nome_acai_cat_outro,Nome contém açaí + categoria 'Food manufacturing supply' indica outro segmento,nome contém açaí ('Casa Do Açai'); ocorrências: 8; categoria: 'Food manufacturing supply',"Casa Do Açai - R. São Miguel, 19 - Benguí, Belém - PA, 66630-005",Parque Verde,Benguí,Belém,PA,-1.37343,-48.456795,1.5210,Normal,,,5.0,2,,,https://www.google.com/maps/place/Casa+Do+A%C3%A7ai/data=!4m7!3m6!1s0x92a48be29689cc53:0xb0d0b1bb1092d1f2!8m2!3d-1.3734303!4d-48.4567952!16s%2Fg%2F11h1vby2nd!19sChIJU8yJluKLpJIR8tGSELux0LA?authuser=0&hl=en&g_ep=EgoyMDI2MDkyMS4wIJJjKgBIAVAD&rclk=1,casa de açaí | açaí | açaí delivery,"casa de açaí no Parque Verde, Belém, PA | açaí na Pratinha, Belém, PA | casa de açaí na Pratinha, Belém, PA | açaí delivery na Pratinha, Belém, PA | casa de açaí no Coqueiro, Belém, PA | açaí delivery no Benguí, Belém, PA | casa de açaí no São Clemente, Belém, PA | casa de açaí na Cabanagem, Belém, PA",Parque Verde | Pratinha | Coqueiro | Benguí | São Clemente | Cabanagem,8,2026-09-23
ChIJ198v3CaLpJIRPQl2NLW5P6Y,11979497721749178685,Açaí Do Rodival,Açaí shop,Açaíteria / Loja de Açaí,Categoria original indica especialização em açaí,Especializado em açaí,RA_cat_acai_direto,Categoria 'Açaí shop' — evidência forte de especialização,nome contém açaí ('Açaí Do Rodival'); ocorrências: 10; categoria: 'Açaí shop',"Açaí Do Rodival - R. Santa Maria - Benguí, Belém - PA, 66630-000",Parque Verde,Benguí,Belém,PA,-1.372906,-48.457032,1.4900,Normal,91991659211,,4.8,19,R$1–80,,https://www.google.com/maps/place/A%C3%A7a%C3%AD+Do+Rodival/data=!4m7!3m6!1s0x92a48b26dc2fdfd7:0xa63fb9b53476093d!8m2!3d-1.372906!4d-48.4570321!16s%2Fg%2F11rhz220qg!19sChIJ198v3CaLpJIRPQl2NLW5P6Y?authuser=0&hl=en&g_ep=EgoyMDI2MDkyMS4wIJJjKgBIAVAD&rclk=1,casa de açaí | ponto de açaí | açaí delivery | açaí,"casa de açaí no Parque Verde, Belém, PA | ponto de açaí no Parque Verde, Belém, PA | açaí delivery no Parque Verde, Belém, PA | açaí na Pratinha, Belém, PA | casa de açaí na Pratinha, Belém, PA | açaí delivery na Pratinha, Belém, PA | açaí delivery no Benguí, Belém, PA | casa de açaí no São Clemente, Belém, PA | ponto de açaí no São Clemente, Belém, PA | açaí delivery no São Clemente, Belém, PA",Parque Verde | Pratinha | Benguí | São Clemente,10,2026-09-23
ChIJzzKTIKphpJIRC1IisdFiZuA,16169720164879847947,Villa Açaí Frozen,Ice cream shop,Açaíteria / Sorveteria,"Categoria de sorvete/gelado, frequentemente vende açaí",Especializado em açaí,RA2_cat_suporte_texto_acai,Categoria 'Ice cream shop' + evidência textual de açaí,nome contém açaí ('Villa Açaí Frozen'); ocorrências: 5; categoria: 'Ice cream shop',"Villa Açaí Frozen - Av. Padre Bruno Sechi - Benguí, Belém - PA, 66635-595",Parque Verde,Benguí,Belém,PA,-1.368902,-48.458288,1.2818,Normal,91980328439,https://www.instagram.com/villaacaifrozen?igsh=NjF4OWtrdWt3Mm83&utm_source=qr,5.0,3,,,https://www.google.com/maps/place/Villa+A%C3%A7a%C3%AD+Frozen/data=!4m7!3m6!1s0x92a461aa209332cf:0xe06662d1b122520b!8m2!3d-1.3689017!4d-48.4582879!16s%2Fg%2F11zj2__f90!19sChIJzzKTIKphpJIRC1IisdFiZuA?authuser=0&hl=en&g_ep=EgoyMDI2MDkyMS4wIJJjKgBIAVAD&rclk=1,casa de açaí | açaí na tigela,"casa de açaí no Parque Verde, Belém, PA | açaí na tigela no Parque Verde, Belém, PA | açaí na tigela no Coqueiro, Belém, PA | açaí na tigela no São Clemente, Belém, PA | açaí na tigela na Cabanagem, Belém, PA",Parque Verde | Coqueiro | São Clemente | Cabanagem,5,2026-09-23
ChIJvfvweH9hpJIRtFQWFRZmU6I,11696804902240408756,PONTO DO AÇAÍ,Food manufacturing supply,Fornecedor / Distribuidor de Alimentos,Fornecedor de insumos alimentícios,Açaí + outro segmento,RB2_nome_acai_cat_outro,Nome contém açaí + categoria 'Food manufacturing supply' indica outro segmento,nome contém açaí ('PONTO DO AÇAÍ'); ocorrências: 22; categoria: 'Food manufacturing supply',"PONTO DO AÇAÍ - Rodovia do tapana, R. Beta, 1 - box 3, Belém - PA, 66823-060",Parque Verde,Tapanã,Belém,PA,-1.348401,-48.461619,2.1007,Normal,91981490091,,1.7,19,,,https://www.google.com/maps/place/PONTO+DO+A%C3%87A%C3%8D/data=!4m7!3m6!1s0x92a4617f78f0fbbd:0xa2536616151654b4!8m2!3d-1.3484008!4d-48.4616188!16s%2Fg%2F11tcjml3y1!19sChIJvfvweH9hpJIRtFQWFRZmU6I?authuser=0&hl=en&g_ep=EgoyMDI2MDkyMS4wIJJjKgBIAVAD&rclk=1,ponto de açaí | açaí delivery | açaí | açaíteria | açaí na tigela | casa de açaí,"ponto de açaí no Parque Verde, Belém, PA | açaí delivery no Parque Verde, Belém, PA | açaí no Tapanã, Belém, PA | açaíteria no Tapanã, Belém, PA | ponto de açaí no Tapanã, Belém, PA | açaí na tigela no Tapanã, Belém, PA | açaí delivery no Tapanã, Belém, PA | ponto de açaí na Pratinha, Belém, PA | açaíteria no Tenoné, Belém, PA | casa de açaí no Tenoné, Belém, PA | ponto de açaí no Tenoné, Belém, PA | açaí na tigela no Tenoné, Belém, PA | açaí delivery no Tenoné, Belém, PA | açaí no Coqueiro, Belém, PA | ponto de açaí no Coqueiro, Belém, PA | açaí na tigela no Coqueiro, Belém, PA | açaí delivery no Coqueiro, Belém, PA | ponto de açaí no Benguí, Belém, PA | ponto de açaí no São Clemente, Belém, PA | açaí delivery no São Clemente, Belém, PA | ponto de açaí na Cabanagem, Belém, PA | ponto de açaí no Parque Guajará, Belém, PA",Parque Verde | Tapanã | Pratinha | Tenoné | Coqueiro | Benguí | São Clemente | Cabanagem | Parque Guajará,22,2026-09-23
ChIJccIiLZNhpJIRMWqBxYjAOkE,4700280854776212017,Ponto Do Açai,Restaurant,Restaurante,Categoria genérica de restaurante,Açaí + outro segmento,RB2_nome_acai_cat_outro,Nome contém açaí + categoria 'Restaurant' indica outro segmento,nome contém açaí ('Ponto Do Açai'); ocorrências: 12; categoria: 'Restaurant',"Ponto Do Açai - Tapanã, Belém - PA, 66823-060",Parque Verde,Tapanã,Belém,PA,-1.356785,-48.46573,1.9766,Normal,,,2.9,7,,,https://www.google.com/maps/place/Ponto+Do+A%C3%A7ai/data=!4m7!3m6!1s0x92a461932d22c271:0x413ac088c5816a31!8m2!3d-1.3567849!4d-48.46573!16s%2Fg%2F11fqm36xfv!19sChIJccIiLZNhpJIRMWqBxYjAOkE?authuser=0&hl=en&g_ep=EgoyMDI2MDkyMS4wIJJjKgBIAVAD&rclk=1,ponto de açaí | açaí | açaíteria | açaí na tigela | açaí delivery,"ponto de açaí no Parque Verde, Belém, PA | açaí no Tapanã, Belém, PA | açaíteria no Tapanã, Belém, PA | açaí na tigela no Tapanã, Belém, PA | açaí delivery no Tapanã, Belém, PA | ponto de açaí na Pratinha, Belém, PA | ponto de açaí no Tenoné, Belém, PA | ponto de açaí no Coqueiro, Belém, PA | açaí na tigela no Coqueiro, Belém, PA | ponto de açaí no Benguí, Belém, PA | ponto de açaí no São Clemente, Belém, PA | ponto de açaí no Parque Guajará, Belém, PA",Parque Verde | Tapanã | Pratinha | Tenoné | Coqueiro | Benguí | São Clemente | Parque Guajará,12,2026-09-23
ChIJJ7uvAvxhpJIRiefjBrhBbXM,8317376345468561289,Ponto +Açaí,Açaí shop,Açaíteria / Loja de Açaí,Categoria original indica especialização em açaí,Especializado em açaí,RA_cat_acai_direto,Categoria 'Açaí shop' — evidência forte de especialização,nome contém açaí ('Ponto +Açaí'); ocorrências: 7; categoria: 'Açaí shop',"Ponto +Açaí - R. Moraes, 39 - Pratinha, Belém - PA, 66816-193",Parque Verde,Pratinha,Belém,PA,-1.361912,-48.469365,2.2833,Normal,91987229251,,4.7,3,,,https://www.google.com/maps/place/Ponto+%2BA%C3%A7a%C3%AD/data=!4m7!3m6!1s0x92a461fc02afbb27:0x736d41b806e3e789!8m2!3d-1.3619117!4d-48.4693655!16s%2Fg%2F11ks49cc7c!19sChIJJ7uvAvxhpJIRiefjBrhBbXM?authuser=0&hl=en&g_ep=EgoyMDI2MDkyMS4wIJJjKgBIAVAD&rclk=1,ponto de açaí | açaí | casa de açaí | açaí delivery,"ponto de açaí no Parque Verde, Belém, PA | açaí na Pratinha, Belém, PA | casa de açaí na Pratinha, Belém, PA | ponto de açaí na Pratinha, Belém, PA | açaí delivery na Pratinha, Belém, PA | ponto de açaí no Benguí, Belém, PA | ponto de açaí no São Clemente, Belém, PA",Parque Verde | Pratinha | Benguí | São Clemente,7,2026-09-23
ChIJh9Uqv-aLpJIR3FXk7R6EU6I,11696837925586359772,Ponto de Açaí,Family restaurant,Restaurante,Restaurante familiar,Açaí + outro segmento,RB2_nome_acai_cat_outro,Nome contém açaí + categoria 'Family restaurant' indica outro segmento,nome contém açaí ('Ponto de Açaí'); ocorrências: 4; categoria: 'Family restaurant',"Ponto de Açaí - R. Bom Jesus, 50 - Una, Belém - PA, 66652-020",Parque Verde,Una,Belém,PA,-1.376916,-48.428945,2.7430,Normal,91984708216,,5.0,1,,,https://www.google.com/maps/place/Ponto+de+A%C3%A7a%C3%AD/data=!4m7!3m6!1s0x92a48be6bf2ad587:0xa253841eede455dc!8m2!3d-1.3769165!4d-48.4289455!16s%2Fg%2F11rmx3_q36!19sChIJh9Uqv-aLpJIR3FXk7R6EU6I?authuser=0&hl=en&g_ep=EgoyMDI2MDkyMS4wIJJjKgBIAVAD&rclk=1,ponto de açaí,"ponto de açaí no Parque Verde, Belém, PA | ponto de açaí no Benguí, Belém, PA | ponto de açaí no São Clemente, Belém, PA | ponto de açaí na Cabanagem, Belém, PA",Parque Verde | Benguí | São Clemente | Cabanagem,4,2026-09-23
ChIJO_FxbuRhpJIRlMZbf9mZzYo,10001819506883413652,Ki-creme Açai,Food manufacturing supply,Fornecedor / Distribuidor de Alimentos,Fornecedor de insumos alimentícios,Açaí + outro segmento,RB2_nome_acai_cat_outro,Nome contém açaí + categoria 'Food manufacturing supply' indica outro segmento,nome contém açaí ('Ki-creme Açai'); ocorrências: 11; categoria: 'Food manufacturing supply',"ponto de açaí - R. São Clemente, box 20 - Tapanã, Belém - PA, 66830-720",Parque Verde,Revisar,Belém,PA,-1.355972,-48.465927,2.0271,Normal,91991536891,,4.6,10,,,https://www.google.com/maps/place/Ki-creme+A%C3%A7ai/data=!4m7!3m6!1s0x92a461e46e71f13b:0x8acd99d97f5bc694!8m2!3d-1.3559717!4d-48.4659267!16s%2Fg%2F11k3llwhsx!19sChIJO_FxbuRhpJIRlMZbf9mZzYo?authuser=0&hl=en&g_ep=EgoyMDI2MDkyMS4wIJJjKgBIAVAD&rclk=1,ponto de açaí | açaí delivery | açaí,"ponto de açaí no Parque Verde, Belém, PA | açaí delivery no Parque Verde, Belém, PA | açaí na Pratinha, Belém, PA | ponto de açaí na Pratinha, Belém, PA | açaí delivery na Pratinha, Belém, PA | açaí delivery no Tenoné, Belém, PA | açaí no Coqueiro, Belém, PA | ponto de açaí no Coqueiro, Belém, PA | açaí delivery no Coqueiro, Belém, PA | ponto de açaí no Benguí, Belém, PA | açaí delivery no São Clemente, Belém, PA",Parque Verde | Pratinha | Tenoné | Coqueiro | Benguí | São Clemente,11,2026-09-23
ChIJVwdSeoGLpJIRP0rSedGF8Ec,5183790305841924671,Açaí no Ponto,Açaí shop,Açaíteria / Loja de Açaí,Categoria original indica especialização em açaí,Especializado em açaí,RA_cat_acai_direto,Categoria 'Açaí shop' — evidência forte de especialização,nome contém açaí ('Açaí no Ponto'); ocorrências: 5; categoria: 'Açaí shop',"Açaí no Ponto - Av. Pan Americana - Coqueiro, Ananindeua - PA, 67113-370",Parque Verde,Coqueiro,Belém,PA,-1.374071,-48.420674,3.3921,Normal,91988484578,,4.8,4,,,https://www.google.com/maps/place/A%C3%A7a%C3%AD+no+Ponto/data=!4m7!3m6!1s0x92a48b817a520757:0x47f085d179d24a3f!8m2!3d-1.3740713!4d-48.4206738!16s%2Fg%2F11t0svrqqf!19sChIJVwdSeoGLpJIRP0rSedGF8Ec?authuser=0&hl=en&g_ep=EgoyMDI2MDkyMS4wIJJjKgBIAVAD&rclk=1,ponto de açaí | casa de açaí,"ponto de açaí no Parque Verde, Belém, PA | casa de açaí no Una, Belém, PA | ponto de açaí no Una, Belém, PA | casa de açaí na Cabanagem, Belém, PA | ponto de açaí na Cabanagem, Belém, PA",Parque Verde | Una | Cabanagem,5,2026-09-23
ChIJl-R-_iuLpJIRoulDItG0opM,10638264080118573474,Point do Açaí Gourmet,Ice cream shop,Açaíteria / Sorveteria,"Categoria de sorvete/gelado, frequentemente vende açaí",Especializado em açaí,RA2_cat_suporte_texto_acai,Categoria 'Ice cream shop' + evidência textual de açaí,nome contém açaí ('Point do Açaí Gourmet'); ocorrências: 5; categoria: 'Ice cream shop',"Point do Açaí Gourmet - Tv. Srg. Favarro, S/N - Mangueirão, Belém - PA, 66640-200",Parque Verde,Revisar,Belém,PA,-1.38209,-48.457493,2.4012,Normal,91981906706,,0.0,0,,,https://www.google.com/maps/place/Point+do+A%C3%A7a%C3%AD+Gourmet/data=!4m7!3m6!1s0x92a48b2bfe7ee497:0x93a2b4d12243e9a2!8m2!3d-1.3820905!4d-48.4574935!16s%2Fg%2F11ynks1v8q!19sChIJl-R-_iuLpJIRoulDItG0opM?authuser=0&hl=en&g_ep=EgoyMDI2MDkyMS4wIJJjKgBIAVAD&rclk=1,ponto de açaí,"ponto de açaí no Parque Verde, Belém, PA | ponto de açaí no Coqueiro, Belém, PA | ponto de açaí no Benguí, Belém, PA | ponto de açaí no São Clemente, Belém, PA | ponto de açaí na Cabanagem, Belém, PA",Parque Verde | Coqueiro | Benguí | São Clemente | Cabanagem,5,2026-09-23
ChIJ31sKGo-KpJIRB5pvNAVXKuM,16368991475497671175,Ponto Do Açaí,Restaurant,Restaurante,Categoria genérica de restaurante,Açaí + outro segmento,RB2_nome_acai_cat_outro,Nome contém açaí + categoria 'Restaurant' indica outro segmento,nome contém açaí ('Ponto Do Açaí'); categoria: 'Restaurant',"Ponto Do Açaí - Cabanagem, Belém - PA, 67013-000",Parque Verde,Cabanagem,Belém,PA,-1.379332,-48.43197,2.6637,Normal,,,5.0,3,,,https://www.google.com/maps/place/Ponto+Do+A%C3%A7a%C3%AD/data=!4m7!3m6!1s0x92a48a8f1a0a5bdf:0xe32a5705346f9a07!8m2!3d-1.3793318!4d-48.4319695!16s%2Fg%2F11j132p1tc!19sChIJ31sKGo-KpJIRB5pvNAVXKuM?authuser=0&hl=en&g_ep=EgoyMDI2MDkyMS4wIJJjKgBIAVAD&rclk=1,ponto de açaí,"ponto de açaí no Parque Verde, Belém, PA",Parque Verde,1,2026-09-23
ChIJAZJ8I-2LpJIRzt5H1xYKvYc,9780985058935955150,Açaí da Nath Mangueirão,Açaí shop,Açaíteria / Loja de Açaí,Categoria original indica especialização em açaí,Especializado em açaí,RA_cat_acai_direto,Categoria 'Açaí shop' — evidência forte de especialização,nome contém açaí ('Açaí da Nath Mangueirão'); ocorrências: 13; categoria: 'Açaí shop',"Açaí da Nath Mangueirão - Tv. Santa Rita de Cássia, 127 - Mangueirão, Belém - PA, 66630-850",Parque Verde,Revisar,Belém,PA,-1.380459,-48.448533,2.0185,Normal,91987283419,,5.0,1,,,https://www.google.com/maps/place/A%C3%A7a%C3%AD+da+Nath+Mangueir%C3%A3o/data=!4m7!3m6!1s0x92a48bed237c9201:0x87bd0a16d747dece!8m2!3d-1.3804595!4d-48.4485329!16s%2Fg%2F11wbkhtsp0!19sChIJAZJ8I-2LpJIRzt5H1xYKvYc?authuser=0&hl=en&g_ep=EgoyMDI2MDkyMS4wIJJjKgBIAVAD&rclk=1,ponto de açaí | açaí delivery | casa de açaí,"ponto de açaí no Parque Verde, Belém, PA | açaí delivery no Parque Verde, Belém, PA | casa de açaí no Benguí, Belém, PA | ponto de açaí no Benguí, Belém, PA | açaí delivery no Benguí, Belém, PA | casa de açaí no São Clemente, Belém, PA | ponto de açaí no São Clemente, Belém, PA | açaí delivery no São Clemente, Belém, PA | casa de açaí no Una, Belém, PA | ponto de açaí no Una, Belém, PA | açaí delivery no Una, Belém, PA | casa de açaí na Cabanagem, Belém, PA | açaí delivery na Cabanagem, Belém, PA",Parque Verde | Benguí | São Clemente | Una | Cabanagem,13,2026-09-23
ChIJP0SLDQBhpJIR-cDpSd753k4,5683254512906256633,Açaí 3 irmãos,Juice shop,Lanchonete / Sucos e Vitaminas,Loja de sucos,Especializado em açaí,RA2_cat_suporte_texto_acai,Categoria 'Juice shop' + evidência textual de açaí,nome contém açaí ('Açaí 3 irmãos'); ocorrências: 5; categoria: 'Juice shop',"Açaí 3 irmãos - R. São Clemente, 1340 - Pratinha, Belém - PA, 66830-720",Parque Verde,Revisar,Belém,PA,-1.358038,-48.465718,1.9366,Normal,91991681789,,5.0,1,,,https://www.google.com/maps/place/A%C3%A7a%C3%AD+3+irm%C3%A3os/data=!4m7!3m6!1s0x92a461000d8b443f:0x4edef9de49e9c0f9!8m2!3d-1.3580379!4d-48.465718!16s%2Fg%2F11y45fv5j_!19sChIJP0SLDQBhpJIR-cDpSd753k4?authuser=0&hl=en&g_ep=EgoyMDI2MDkyMS4wIJJjKgBIAVAD&rclk=1,ponto de açaí | açaí | casa de açaí | açaí delivery,"ponto de açaí no Parque Verde, Belém, PA | açaí na Pratinha, Belém, PA | casa de açaí na Pratinha, Belém, PA | ponto de açaí na Pratinha, Belém, PA | açaí delivery na Pratinha, Belém, PA",Parque Verde | Pratinha,5,2026-09-23
ChIJm2G1obuOpJIRYhy7gLiakYg,9840816778005650530,Point do Açai Umarizal,Açaí shop,Açaíteria / Loja de Açaí,Categoria original indica especialização em açaí,Especializado em açaí,RA_cat_acai_direto,Categoria 'Açaí shop' — evidência forte de especialização,nome contém açaí ('Point do Açai Umarizal'); ocorrências: 4; categoria: 'Açaí shop',"Point do Açai Umarizal - R. Municipalidade, 897 - Reduto, Belém - PA, 66053-180",Parque Verde,Revisar,Belém,PA,-1.440489,-48.491465,9.9013,Atenção,9130857229,,4.5,898,,,https://www.google.com/maps/place/Point+do+A%C3%A7ai+Umarizal/data=!4m7!3m6!1s0x92a48ebba1b5619b:0x88919ab880bb1c62!8m2!3d-1.4404894!4d-48.4914654!16s%2Fg%2F11c2lqyw17!19sChIJm2G1obuOpJIRYhy7gLiakYg?authuser=0&hl=en&g_ep=EgoyMDI2MDkyMS4wIJJjKgBIAVAD&rclk=1,ponto de açaí | açaí delivery | açaí na tigela,"ponto de açaí no Parque Verde, Belém, PA | açaí delivery no Tenoné, Belém, PA | açaí na tigela no Coqueiro, Belém, PA | ponto de açaí no São Clemente, Belém, PA",Parque Verde | Tenoné | Coqueiro | São Clemente,4,2026-09-23
ChIJg6RMvcBhpJIREEMKCVh43Hw,8997198475083531024,Açai na tigela e companhia,Restaurant,Restaurante,Categoria genérica de restaurante,Açaí + outro segmento,RB2_nome_acai_cat_outro,Nome contém açaí + categoria 'Restaurant' indica outro segmento,nome contém açaí ('Açai na tigela e companhia'); ocorrências: 8; categoria: 'Restaurant',"Açai na tigela e companhia - Rod. Mário Covas, 137 - Coqueiro, Ananindeua - PA, 66650-100",Parque Verde,Coqueiro,Belém,PA,-1.359275,-48.428004,2.3395,Normal,91989372185,https://www.facebook.com/acai.natigela.7,5.0,1,,,https://www.google.com/maps/place/A%C3%A7ai+na+tigela+e+companhia/data=!4m7!3m6!1s0x92a461c0bd4ca483:0x7cdc7858090a4310!8m2!3d-1.3592749!4d-48.4280044!16s%2Fg%2F11h_467_76!19sChIJg6RMvcBhpJIREEMKCVh43Hw?authuser=0&hl=en&g_ep=EgoyMDI2MDkyMS4wIJJjKgBIAVAD&rclk=1,açaí na tigela,"açaí na tigela no Parque Verde, Belém, PA | açaí na tigela no Tapanã, Belém, PA | açaí na tigela no Tenoné, Belém, PA | açaí na tigela no Benguí, Belém, PA | açaí na tigela no São Clemente, Belém, PA | açaí na tigela no Una, Belém, PA | açaí na tigela na Cabanagem, Belém, PA | açaí na tigela no Parque Guajará, Belém, PA",Parque Verde | Tapanã | Tenoné | Benguí | São Clemente | Una | Cabanagem | Parque Guajará,8,2026-09-23
ChIJq1Pxu2RhpJIRcfFXfOz_EMo,14560418986452316529,Amazon Fruits,Food producer,Fabricante de Alimentos,Produtor de alimentos,Outro estabelecimento,RC3_cat_generico_sem_evidencia,Categoria 'Food producer' alimentícia genérica; sem evidência textual de açaí,ocorrências: 12; categoria: 'Food producer',"Amazon Fruits - R. Pres. Costa e Silva, 423 - Tapanã, Belém - PA, 66830-080",Parque Verde,Tapanã,Belém,PA,-1.334167,-48.472918,4.1186,Normal,91985562433,,4.8,17,,,https://www.google.com/maps/place/Amazon+Fruits/data=!4m7!3m6!1s0x92a46164bbf153ab:0xca10ffec7c57f171!8m2!3d-1.3341673!4d-48.4729179!16s%2Fg%2F11hdb0g088!19sChIJq1Pxu2RhpJIRcfFXfOz_EMo?authuser=0&hl=en&g_ep=EgoyMDI2MDkyMS4wIJJjKgBIAVAD&rclk=1,açaí na tigela | casa de açaí | ponto de açaí | açaí | açaí delivery,"açaí na tigela no Parque Verde, Belém, PA | casa de açaí no Tenoné, Belém, PA | ponto de açaí no Tenoné, Belém, PA | açaí na tigela no Tenoné, Belém, PA | açaí na tigela no Coqueiro, Belém, PA | açaí na tigela no Benguí, Belém, PA | açaí na tigela na Cabanagem, Belém, PA | açaí no Parque Guajará, Belém, PA | casa de açaí no Parque Guajará, Belém, PA | ponto de açaí no Parque Guajará, Belém, PA | açaí na tigela no Parque Guajará, Belém, PA | açaí delivery no Parque Guajará, Belém, PA",Parque Verde | Tenoné | Coqueiro | Benguí | Cabanagem | Parque Guajará,12,2026-09-23
ChIJa4AoRsOLpJIRIxuRLpm361g,6407416763403803427,Açai Na Tigela,Restaurant,Restaurante,Categoria genérica de restaurante,Açaí + outro segmento,RB2_nome_acai_cat_outro,Nome contém açaí + categoria 'Restaurant' indica outro segmento,nome contém açaí ('Açai Na Tigela'); ocorrências: 9; categoria: 'Restaurant',"Açai Na Tigela - Passagem Mucajá, 163 - Sacramenta, Belém - PA, 66120-080",Parque Verde,Revisar,Belém,PA,-1.412496,-48.468121,5.9784,Atenção,91985431380,,3.8,10,,,https://www.google.com/maps/place/A%C3%A7ai+Na+Tigela/data=!4m7!3m6!1s0x92a48bc34628806b:0x58ebb7992e911b23!8m2!3d-1.4124958!4d-48.4681215!16s%2Fg%2F11frdn2fr6!19sChIJa4AoRsOLpJIRIxuRLpm361g?authuser=0&hl=en&g_ep=EgoyMDI2MDkyMS4wIJJjKgBIAVAD&rclk=1,açaí na tigela,"açaí na tigela no Parque Verde, Belém, PA | açaí na tigela no Tapanã, Belém, PA | açaí na tigela no Tenoné, Belém, PA | açaí na tigela no Coqueiro, Belém, PA | açaí na tigela no Benguí, Belém, PA | açaí na tigela no São Clemente, Belém, PA | açaí na tigela no Una, Belém, PA | açaí na tigela na Cabanagem, Belém, PA | açaí na tigela no Parque Guajará, Belém, PA",Parque Verde | Tapanã | Tenoné | Coqueiro | Benguí | São Clemente | Una | Cabanagem | Parque Guajará,9,2026-09-23
ChIJy00CKf-KpJIR5r6sAcD79XI,8283803891698286310,AÇAÍ D+,Snack bar,Lanchonete,Lanchonete / petiscos,Especializado em açaí,RA2_cat_suporte_texto_acai,Categoria 'Snack bar' + evidência textual de açaí,nome contém açaí ('AÇAÍ D+'); ocorrências: 7; categoria: 'Snack bar',"AÇAÍ D+ - R. We-5, 516 - Marambaia, Belém - PA, 66623-285",Parque Verde,Revisar,Belém,PA,-1.396679,-48.436474,4.0611,Normal,91984785878,,4.9,45,R$1–20,,https://www.google.com/maps/place/A%C3%87A%C3%8D+D%2B/data=!4m7!3m6!1s0x92a48aff29024dcb:0x72f5fbc001acbee6!8m2!3d-1.3966786!4d-48.4364742!16s%2Fg%2F11f3v31w2p!19sChIJy00CKf-KpJIR5r6sAcD79XI?authuser=0&hl=en&g_ep=EgoyMDI2MDkyMS4wIJJjKgBIAVAD&rclk=1,açaí na tigela,"açaí na tigela no Parque Verde, Belém, PA | açaí na tigela no Coqueiro, Belém, PA | açaí na tigela no Benguí, Belém, PA | açaí na tigela no São Clemente, Belém, PA | açaí na tigela no Una, Belém, PA | açaí na tigela na Cabanagem, Belém, PA | açaí na tigela no Parque Guajará, Belém, PA",Parque Verde | Coqueiro | Benguí | São Clemente | Una | Cabanagem | Parque Guajará,7,2026-09-23
ChIJ2af6C5yLpJIRd3ySa-8uql0,6749258597404933239,AÇAÍ DO BAIRRO E BOX DO MANGUEIRÃO,Hawker stall,Lanchonete,Barraca / quiosque de comida,Açaí + outro segmento,RB2_nome_acai_cat_outro,Nome contém açaí + categoria 'Hawker stall' indica outro segmento,nome contém açaí ('AÇAÍ DO BAIRRO E BOX DO MANGUEIRÃO'); ocorrências: 6; categoria: 'Hawker stall',"AÇAÍ DO BAIRRO E BOX DO MANGUEIRÃO - R. Sete de Setembro, 333 - Mangueirão, Belém - PA, 66640-550",Parque Verde,Revisar,Belém,PA,-1.3821,-48.450979,2.2136,Normal,91991467044,,5.0,1,,,https://www.google.com/maps/place/A%C3%87A%C3%8D+DO+BAIRRO+E+BOX+DO+MANGUEIR%C3%83O/data=!4m7!3m6!1s0x92a48b9c0bfaa7d9:0x5daa2eef6b927c77!8m2!3d-1.3821005!4d-48.4509787!16s%2Fg%2F11yk54djl3!19sChIJ2af6C5yLpJIRd3ySa-8uql0?authuser=0&hl=en&g_ep=EgoyMDI2MDkyMS4wIJJjKgBIAVAD&rclk=1,açaí na tigela | açaí,"açaí na tigela no Parque Verde, Belém, PA | açaí na tigela no Tenoné, Belém, PA | açaí na tigela no Coqueiro, Belém, PA | açaí no Benguí, Belém, PA | açaí na tigela no Benguí, Belém, PA | açaí na tigela na Cabanagem, Belém, PA",Parque Verde | Tenoné | Coqueiro | Benguí | Cabanagem,6,2026-09-23
ChIJxbKDbvSLpJIRSXP_QJtaw4g,9854820032473690953,Açaí no Grau Belém Pará,Açaí shop,Açaíteria / Loja de Açaí,Categoria original indica especialização em açaí,Especializado em açaí,RA_cat_acai_direto,Categoria 'Açaí shop' — evidência forte de especialização,nome contém açaí ('Açaí no Grau Belém Pará'); ocorrências: 10; categoria: 'Açaí shop',"Açaí no Grau Belém Pará - Rod. Bernardo Sayão, 1171 - Entroncamento, Ananindeua - PA, 66645-003",Parque Verde,Revisar,Belém,PA,-1.403022,-48.430459,4.9664,Normal,,http://www.instagram.com/acainograubelem,4.5,6,R$20–40,,https://www.google.com/maps/place/A%C3%A7a%C3%AD+no+Grau+Bel%C3%A9m+Par%C3%A1/data=!4m7!3m6!1s0x92a48bf46e83b2c5:0x88c35a9b40ff7349!8m2!3d-1.4030219!4d-48.4304595!16s%2Fg%2F11s524fg93!19sChIJxbKDbvSLpJIRSXP_QJtaw4g?authuser=0&hl=en&g_ep=EgoyMDI2MDkyMS4wIJJjKgBIAVAD&rclk=1,açaí na tigela | açaíteria,"açaí na tigela no Parque Verde, Belém, PA | açaí na tigela no Coqueiro, Belém, PA | açaíteria no Benguí, Belém, PA | açaí na tigela no Benguí, Belém, PA | açaíteria no São Clemente, Belém, PA | açaíteria no Una, Belém, PA | açaíteria na Cabanagem, Belém, PA | açaí na tigela na Cabanagem, Belém, PA | açaíteria no Parque Guajará, Belém, PA | açaí na tigela no Parque Guajará, Belém, PA",Parque Verde | Coqueiro | Benguí | São Clemente | Una | Cabanagem | Parque Guajará,10,2026-09-23
ChIJf6uMOBmNpJIRLgVtHgGevZc,10934069197968049454,EGUA DO AÇAI BELÉM,Ice cream shop,Açaíteria / Sorveteria,"Categoria de sorvete/gelado, frequentemente vende açaí",Especializado em açaí,RA2_cat_suporte_texto_acai,Categoria 'Ice cream shop' + evidência textual de açaí,nome contém açaí ('EGUA DO AÇAI BELÉM'); ocorrências: 12; categoria: 'Ice cream shop',"EGUA DO AÇAI BELÉM - Tv. Teófilo Condurú, 452 - Canudos, Belém - PA, 66070-530",Parque Verde,Revisar,Belém,PA,-1.451628,-48.461303,10.0282,Revisar,91986274572,,4.8,45,,,https://www.google.com/maps/place/EGUA+DO+A%C3%87AI+BEL%C3%89M/data=!4m7!3m6!1s0x92a48d19388cab7f:0x97bd9e011e6d052e!8m2!3d-1.4516282!4d-48.4613032!16s%2Fg%2F11vjg1ls08!19sChIJf6uMOBmNpJIRLgVtHgGevZc?authuser=0&hl=en&g_ep=EgoyMDI2MDkyMS4wIJJjKgBIAVAD&rclk=1,açaí na tigela | açaíteria,"açaí na tigela no Parque Verde, Belém, PA | açaíteria no Tapanã, Belém, PA | açaíteria no Tenoné, Belém, PA | açaí na tigela no Tenoné, Belém, PA | açaí na tigela no Coqueiro, Belém, PA | açaíteria no Benguí, Belém, PA | açaí na tigela no Benguí, Belém, PA | açaíteria no São Clemente, Belém, PA | açaíteria no Una, Belém, PA | açaí na tigela na Cabanagem, Belém, PA | açaíteria no Parque Guajará, Belém, PA | açaí na tigela no Parque Guajará, Belém, PA",Parque Verde | Tapanã | Tenoné | Coqueiro | Benguí | São Clemente | Una | Cabanagem | Parque Guajará,12,2026-09-23
ChIJAYGWXmWPpJIRQBwZrup9TPY,17747698678456982592,Açaí D'Amazônia,Restaurant,Restaurante,Categoria genérica de restaurante,Açaí + outro segmento,RB2_nome_acai_cat_outro,Nome contém açaí + categoria 'Restaurant' indica outro segmento,nome contém açaí ('Açaí D'Amazônia'); ocorrências: 3; categoria: 'Restaurant',"Açaí D'Amazônia - Tv. Dom Romualdo de Seixas, 351B - Umarizal, Belém - PA, 66050-110",Parque Verde,Revisar,Belém,PA,-1.438034,-48.489586,9.5617,Atenção,91988649996,,5.0,3,,,https://www.google.com/maps/place/A%C3%A7a%C3%AD+D%27Amaz%C3%B4nia/data=!4m7!3m6!1s0x92a48f655e968101:0xf64c7deaae191c40!8m2!3d-1.4380337!4d-48.4895861!16s%2Fg%2F11fnynxp4c!19sChIJAYGWXmWPpJIRQBwZrup9TPY?authuser=0&hl=en&g_ep=EgoyMDI2MDkyMS4wIJJjKgBIAVAD&rclk=1,açaí na tigela,"açaí na tigela no Parque Verde, Belém, PA | açaí na tigela no Coqueiro, Belém, PA | açaí na tigela na Cabanagem, Belém, PA",Parque Verde | Coqueiro | Cabanagem,3,2026-09-23
ChIJAejkYACNpJIR0iy7Jb-nuRE,1277236408749862098,Restaurante Ver O Açaí - Culinária Paraense - Marco,Restaurant,Restaurante,Categoria genérica de restaurante,Açaí + outro segmento,RB2_nome_acai_cat_outro,Nome contém açaí + categoria 'Restaurant' indica outro segmento,nome contém açaí ('Restaurante Ver O Açaí - Culinária Parae'); ocorrências: 4; categoria: 'Restaurant',"Restaurante Ver O Açaí - Culinária Paraense - Marco - Av. Rômulo Maiorana, 1677 - Marco, Belém - PA, 66093-674",Parque Verde,Revisar,Belém,PA,-1.433232,-48.460524,7.9927,Atenção,91986222657,https://veroacai.com.br/,4.9,1265,R$60–140,,https://www.google.com/maps/place/Restaurante+Ver+O+A%C3%A7a%C3%AD+-+Culin%C3%A1ria+Paraense+-+Marco/data=!4m7!3m6!1s0x92a48d0060e4e801:0x11b9a7bf25bb2cd2!8m2!3d-1.4332325!4d-48.4605242!16s%2Fg%2F11vzc3j3py!19sChIJAejkYACNpJIR0iy7Jb-nuRE?authuser=0&hl=en&g_ep=EgoyMDI2MDkyMS4wIJJjKgBIAVAD&rclk=1,açaí na tigela,"açaí na tigela no Parque Verde, Belém, PA | açaí na tigela no Coqueiro, Belém, PA | açaí na tigela no Una, Belém, PA | açaí na tigela na Cabanagem, Belém, PA",Parque Verde | Coqueiro | Una | Cabanagem,4,2026-09-23
ChIJN4fFVPWPpJIRNB3Iyb8rbBI,1327484092891536692,Restaurante Ver O Açaí - Culinária Paraense - Umarizal,Restaurant,Restaurante,Categoria genérica de restaurante,Açaí + outro segmento,RB2_nome_acai_cat_outro,Nome contém açaí + categoria 'Restaurant' indica outro segmento,nome contém açaí ('Restaurante Ver O Açaí - Culinária Parae'); ocorrências: 4; categoria: 'Restaurant',"Restaurante Ver O Açaí - Culinária Paraense - Umarizal - Tv. Dom Pedro I, 599 - Umarizal, Belém - PA, 66050-100",Parque Verde,Revisar,Belém,PA,-1.43717,-48.488199,9.4045,Atenção,91984310601,https://veroacai.com.br/,4.8,3374,R$60–140,Vibrant restaurant serving local plates,https://www.google.com/maps/place/Restaurante+Ver+O+A%C3%A7a%C3%AD+-+Culin%C3%A1ria+Paraense+-+Umarizal/data=!4m7!3m6!1s0x92a48ff554c58737:0x126c2bbfc9c81d34!8m2!3d-1.4371701!4d-48.4881991!16s%2Fg%2F11h02clpb3!19sChIJN4fFVPWPpJIRNB3Iyb8rbBI?authuser=0&hl=en&g_ep=EgoyMDI2MDkyMS4wIJJjKgBIAVAD&rclk=1,açaí na tigela,"açaí na tigela no Parque Verde, Belém, PA | açaí na tigela no Coqueiro, Belém, PA | açaí na tigela no Una, Belém, PA | açaí na tigela na Cabanagem, Belém, PA",Parque Verde | Coqueiro | Una | Cabanagem,4,2026-09-23
ChIJ84fuAwRfpJIRydVmSLyN3Io,10006028311918466505,"Açaí do Tio Ney | Loja de Açaí no Distrito Industrial | Ananindeua, PA",Açaí shop,Açaíteria / Loja de Açaí,Categoria original indica especialização em açaí,Especializado em açaí,RA_cat_acai_direto,Categoria 'Açaí shop' — evidência forte de especialização,nome contém açaí ('Açaí do Tio Ney | Loja de Açaí no Distri'); ocorrências: 5; categoria: 'Açaí shop',"Açaí do Tio Ney | Loja de Açaí no Distrito Industrial | Ananindeua, PA - Passagem Joana Barbosa, 12 - Cs 12A - Distrito Industrial, Ananindeua - PA, 67040-820",Parque Verde,Revisar,Belém,PA,-1.359038,-48.362104,9.6475,Atenção,91984992413,https://acaidotioney.netlify.app/,5.0,20,R$1–20,Dogs allowed,"https://www.google.com/maps/place/A%C3%A7a%C3%AD+do+Tio+Ney+%7C+Loja+de+A%C3%A7a%C3%AD+no+Distrito+Industrial+%7C+Ananindeua,+PA/data=!4m7!3m6!1s0x92a45f0403ee87f3:0x8adc8dbc4866d5c9!8m2!3d-1.3590384!4d-48.3621037!16s%2Fg%2F11yjssb2z9!19sChIJ84fuAwRfpJIRydVmSLyN3Io?authuser=0&hl=en&g_ep=EgoyMDI2MDkyMS4wIJJjKgBIAVAD&rclk=1",açaí na tigela,"açaí na tigela no Parque Verde, Belém, PA | açaí na tigela no Tenoné, Belém, PA | açaí na tigela no Coqueiro, Belém, PA | açaí na tigela na Cabanagem, Belém, PA | açaí na tigela no Parque Guajará, Belém, PA",Parque Verde | Tenoné | Coqueiro | Cabanagem | Parque Guajará,5,2026-09-23
ChIJrT-SwF-OpJIRt3yG5jvJjoU,9623850712845155511,Restaurante Point do Açaí - Casarão,Restaurant,Restaurante,Categoria genérica de restaurante,Açaí + outro segmento,RB2_nome_acai_cat_outro,Nome contém açaí + categoria 'Restaurant' indica outro segmento,nome contém açaí ('Restaurante Point do Açaí - Casarão'); ocorrências: 7; categoria: 'Restaurant',"Restaurante Point do Açaí - Casarão - Blvd. Castilhos França, 744 - Campina, Belém - PA, 66010-020",Parque Verde,Revisar,Belém,PA,-1.448743,-48.498461,11.0820,Revisar,9131162362,http://linktr.ee/pointdoacai_belem,4.7,8001,R$60–180,,https://www.google.com/maps/place/Restaurante+Point+do+A%C3%A7a%C3%AD+-+Casar%C3%A3o/data=!4m7!3m6!1s0x92a48e5fc0923fad:0x858ec93be6867cb7!8m2!3d-1.4487425!4d-48.4984606!16s%2Fg%2F1tkmnmp7!19sChIJrT-SwF-OpJIRt3yG5jvJjoU?authuser=0&hl=en&g_ep=EgoyMDI2MDkyMS4wIJJjKgBIAVAD&rclk=1,açaí na tigela | casa de açaí | ponto de açaí,"açaí na tigela no Parque Verde, Belém, PA | casa de açaí no Tenoné, Belém, PA | ponto de açaí no Tenoné, Belém, PA | açaí na tigela no Tenoné, Belém, PA | açaí na tigela no Coqueiro, Belém, PA | ponto de açaí no São Clemente, Belém, PA | açaí na tigela na Cabanagem, Belém, PA",Parque Verde | Tenoné | Coqueiro | São Clemente | Cabanagem,7,2026-09-23
ChIJ4SVspu-PpJIRp1DegHDiaTI,3632683547277283495,Açaiteria Ki-delicia,Açaí shop,Açaíteria / Loja de Açaí,Categoria original indica especialização em açaí,Especializado em açaí,RA_cat_acai_direto,Categoria 'Açaí shop' — evidência forte de especialização,nome contém açaí ('Açaiteria Ki-delicia'); ocorrências: 8; categoria: 'Açaí shop',"Açaiteria Ki-delicia - R. dos Tambés, 45 - Condor, Belém - PA, 66033-780",Parque Verde,Revisar,Belém,PA,-1.47002,-48.478941,12.4359,Revisar,91986256295,https://www.ifood.com.br/delivery/belem-pa/acaiteria-ki-delicia--drinks-condor/ca3c0e75-5846-432d-83bb-58f4748ce5ae,3.5,8,,,https://www.google.com/maps/place/A%C3%A7aiteria+Ki-delicia/data=!4m7!3m6!1s0x92a48fefa66c25e1:0x3269e27080de50a7!8m2!3d-1.4700202!4d-48.4789406!16s%2Fg%2F11nx43n7cn!19sChIJ4SVspu-PpJIRp1DegHDiaTI?authuser=0&hl=en&g_ep=EgoyMDI2MDkyMS4wIJJjKgBIAVAD&rclk=1,açaí na tigela | açaíteria,"açaí na tigela no Parque Verde, Belém, PA | açaíteria no Tenoné, Belém, PA | açaí na tigela no Coqueiro, Belém, PA | açaíteria no Benguí, Belém, PA | açaíteria no São Clemente, Belém, PA | açaíteria no Una, Belém, PA | açaíteria na Cabanagem, Belém, PA | açaí na tigela na Cabanagem, Belém, PA",Parque Verde | Tenoné | Coqueiro | Benguí | São Clemente | Una | Cabanagem,8,2026-09-23
ChIJRZLW9NiNpJIRl6tHeBu7cL0,13650616197216447383,Boutique açaí,Restaurant,Restaurante,Categoria genérica de restaurante,Açaí + outro segmento,RB2_nome_acai_cat_outro,Nome contém açaí + categoria 'Restaurant' indica outro segmento,nome contém açaí ('Boutique açaí'); ocorrências: 4; categoria: 'Restaurant',"Boutique açaí - Tv. do Chaco - Marco, Belém - PA, 66093-541",Parque Verde,Revisar,Belém,PA,-1.440775,-48.466627,8.9465,Atenção,91992904490,,5.0,22,,,https://www.google.com/maps/place/Boutique+a%C3%A7a%C3%AD/data=!4m7!3m6!1s0x92a48dd8f4d69245:0xbd70bb1b7847ab97!8m2!3d-1.4407749!4d-48.4666268!16s%2Fg%2F11kmcgnlfd!19sChIJRZLW9NiNpJIRl6tHeBu7cL0?authuser=0&hl=en&g_ep=EgoyMDI2MDkyMS4wIJJjKgBIAVAD&rclk=1,açaí na tigela,"açaí na tigela no Parque Verde, Belém, PA | açaí na tigela no Tenoné, Belém, PA | açaí na tigela no Coqueiro, Belém, PA | açaí na tigela na Cabanagem, Belém, PA",Parque Verde | Tenoné | Coqueiro | Cabanagem,4,2026-09-23
ChIJoZw5yQWLpJIRKaRO9pBJcJ0,11344648348302746665,Açaí do JP,Food manufacturing supply,Fornecedor / Distribuidor de Alimentos,Fornecedor de insumos alimentícios,Açaí + outro segmento,RB2_nome_acai_cat_outro,Nome contém açaí + categoria 'Food manufacturing supply' indica outro segmento,nome contém açaí ('Açaí do JP'); ocorrências: 3; categoria: 'Food manufacturing supply',"Açaí do JP - Passagem Vinte e Oito de Março, 51 - Marambaia, Belém - PA, 66615-130",Parque Verde,Revisar,Belém,PA,-1.402401,-48.440264,4.5586,Normal,91983293039,,4.0,4,,,https://www.google.com/maps/place/A%C3%A7a%C3%AD+do+JP/data=!4m7!3m6!1s0x92a48b05c9399ca1:0x9d704990f64ea429!8m2!3d-1.402401!4d-48.4402641!16s%2Fg%2F11l2c8ctgk!19sChIJoZw5yQWLpJIRKaRO9pBJcJ0?authuser=0&hl=en&g_ep=EgoyMDI2MDkyMS4wIJJjKgBIAVAD&rclk=1,açaí na tigela,"açaí na tigela no Parque Verde, Belém, PA | açaí na tigela no Coqueiro, Belém, PA | açaí na tigela na Cabanagem, Belém, PA",Parque Verde | Coqueiro | Cabanagem,3,2026-09-23
ChIJNTU9S6COpJIRLPcl0h5vQn8,9170013969445156652,Açaí Iaçá Belém,Food manufacturing supply,Fornecedor / Distribuidor de Alimentos,Fornecedor de insumos alimentícios,Açaí + outro segmento,RB2_nome_acai_cat_outro,Nome contém açaí + categoria 'Food manufacturing supply' indica outro segmento,nome contém açaí ('Açaí Iaçá Belém'); ocorrências: 5; categoria: 'Food manufacturing supply',"Açaí Iaçá Belém - 66055-050, R. Antônio Barreto, 821 - Umarizal, Belém - PA, 66055-050",Parque Verde,Revisar,Belém,PA,-1.443847,-48.481152,9.7526,Atenção,9132244105,,4.1,218,,,https://www.google.com/maps/place/A%C3%A7a%C3%AD+Ia%C3%A7%C3%A1+Bel%C3%A9m/data=!4m7!3m6!1s0x92a48ea04b3d3535:0x7f426f1ed225f72c!8m2!3d-1.4438472!4d-48.4811519!16s%2Fg%2F11bxfq6j5t!19sChIJNTU9S6COpJIRLPcl0h5vQn8?authuser=0&hl=en&g_ep=EgoyMDI2MDkyMS4wIJJjKgBIAVAD&rclk=1,açaí na tigela,"açaí na tigela no Parque Verde, Belém, PA | açaí na tigela no Coqueiro, Belém, PA | açaí na tigela no Una, Belém, PA | açaí na tigela na Cabanagem, Belém, PA | açaí na tigela no Parque Guajará, Belém, PA",Parque Verde | Coqueiro | Una | Cabanagem | Parque Guajará,5,2026-09-23
ChIJm76CAK6LpJIRuwB5TAg182g,7562446509044203707,Top Açaí Sorvetes,Ice cream shop,Açaíteria / Sorveteria,"Categoria de sorvete/gelado, frequentemente vende açaí",Especializado em açaí,RA2_cat_suporte_texto_acai,Categoria 'Ice cream shop' + evidência textual de açaí,nome contém açaí ('Top Açaí Sorvetes'); categoria: 'Ice cream shop',"Top Açaí Sorvetes - Passagem Getúlio Vargas, 537-501 - Souza, Belém - PA, 66613-080",Parque Verde,Revisar,Belém,PA,-1.416218,-48.449281,5.9946,Atenção,91981813508,https://www.ifood.com.br/delivery/belem-pa/top-acai-frozen-souza/d8e88f56-6347-4f99-8414-a1bcde0b1817?UTM_Medium=share,4.8,18,,,https://www.google.com/maps/place/Top+A%C3%A7a%C3%AD+Sorvetes/data=!4m7!3m6!1s0x92a48bae0082be9b:0x68f335084c7900bb!8m2!3d-1.4162184!4d-48.4492812!16s%2Fg%2F11h1nxpbhl!19sChIJm76CAK6LpJIRuwB5TAg182g?authuser=0&hl=en&g_ep=EgoyMDI2MDkyMS4wIJJjKgBIAVAD&rclk=1,açaí na tigela,"açaí na tigela no Parque Verde, Belém, PA",Parque Verde,1,2026-09-23
ChIJqfoHEQqMpJIRvsvPPNoPuc4,14895954672502164414,Fã de Açaí,Açaí shop,Açaíteria / Loja de Açaí,Categoria original indica especialização em açaí,Especializado em açaí,RA_cat_acai_direto,Categoria 'Açaí shop' — evidência forte de especialização,nome contém açaí ('Fã de Açaí'); ocorrências: 2; categoria: 'Açaí shop',"Fã de Açaí - Tv. Lomas Valentinas, 1547 - Pedreira, Belém - PA, 66087-441",Parque Verde,Revisar,Belém,PA,-1.429094,-48.462122,7.5718,Atenção,91991645665,https://app.cardapioweb.com/fadeacai,4.7,62,R$20–40,Dogs allowed,https://www.google.com/maps/place/F%C3%A3+de+A%C3%A7a%C3%AD/data=!4m7!3m6!1s0x92a48c0a1107faa9:0xceb90fda3ccfcbbe!8m2!3d-1.4290935!4d-48.4621221!16s%2Fg%2F11f0wntdvq!19sChIJqfoHEQqMpJIRvsvPPNoPuc4?authuser=0&hl=en&g_ep=EgoyMDI2MDkyMS4wIJJjKgBIAVAD&rclk=1,açaí na tigela,"açaí na tigela no Parque Verde, Belém, PA | açaí na tigela na Cabanagem, Belém, PA",Parque Verde | Cabanagem,2,2026-09-23
ChIJ7cUFz9JhpJIRmxEj5rRnNfo,18029430709900480923,Açaí Tigela Roxa,Açaí shop,Açaíteria / Loja de Açaí,Categoria original indica especialização em açaí,Especializado em açaí,RA_cat_acai_direto,Categoria 'Açaí shop' — evidência forte de especialização,nome contém açaí ('Açaí Tigela Roxa'); ocorrências: 5; categoria: 'Açaí shop',"Açaí Tigela Roxa - Av. Independência, 35 - Quarenta Horas, Ananindeua - PA, 67120-527",Parque Verde,Revisar,Belém,PA,-1.353111,-48.420573,3.3034,Normal,91981794789,,0.0,0,,,https://www.google.com/maps/place/A%C3%A7a%C3%AD+Tigela+Roxa/data=!4m7!3m6!1s0x92a461d2cf05c5ed:0xfa3567b4e623119b!8m2!3d-1.3531106!4d-48.4205729!16s%2Fg%2F11jt2bghhw!19sChIJ7cUFz9JhpJIRmxEj5rRnNfo?authuser=0&hl=en&g_ep=EgoyMDI2MDkyMS4wIJJjKgBIAVAD&rclk=1,açaí na tigela,"açaí na tigela no Parque Verde, Belém, PA | açaí na tigela no Tenoné, Belém, PA | açaí na tigela no Una, Belém, PA | açaí na tigela na Cabanagem, Belém, PA | açaí na tigela no Parque Guajará, Belém, PA",Parque Verde | Tenoné | Una | Cabanagem | Parque Guajará,5,2026-09-23
ChIJ3TEVUn-KpJIRn_snyoCQlCw,3212351317043837855,AÇAI DO JÚNIOR,Delivery service,Entrega de Refeições / Delivery,Serviço de entrega,Açaí + outro segmento,RB2_nome_acai_cat_outro,Nome contém açaí + categoria 'Delivery service' indica outro segmento,nome contém açaí ('AÇAI DO JÚNIOR'); ocorrências: 6; categoria: 'Delivery service',"AÇAI DO JÚNIOR - R. Bragança, Qdr 145 N 27-A - Parque Verde, Belém - PA, 66633-520",Parque Verde,Parque Verde,Belém,PA,-1.370244,-48.441844,1.1754,Normal,91991208399,,4.9,10,,,https://www.google.com/maps/place/A%C3%87AI+DO+J%C3%9ANIOR/data=!4m7!3m6!1s0x92a48a7f521531dd:0x2c949080ca27fb9f!8m2!3d-1.3702443!4d-48.4418442!16s%2Fg%2F11gf0pts9m!19sChIJ3TEVUn-KpJIRn_snyoCQlCw?authuser=0&hl=en&g_ep=EgoyMDI2MDkyMS4wIJJjKgBIAVAD&rclk=1,açaí delivery | açaí,"açaí delivery no Parque Verde, Belém, PA | açaí no Benguí, Belém, PA | açaí delivery no Benguí, Belém, PA | açaí delivery no São Clemente, Belém, PA | açaí delivery no Una, Belém, PA | açaí delivery na Cabanagem, Belém, PA",Parque Verde | Benguí | São Clemente | Una | Cabanagem,6,2026-09-23
ChIJg-p-RGBhpJIRMc8KrgkP-JY,10878461434162499377,Empório Do Açaí,Meal delivery,Entrega de Refeições / Delivery,Serviço de delivery de refeições,Açaí + outro segmento,RB2_nome_acai_cat_outro,Nome contém açaí + categoria 'Meal delivery' indica outro segmento,nome contém açaí ('Empório Do Açaí'); ocorrências: 3; categoria: 'Meal delivery',"Empório Do Açaí - Al. da Quatorze de Agosto, 15 - Parque Verde, Belém - PA, 66635-885",Parque Verde,Parque Verde,Belém,PA,-1.356305,-48.454313,0.9040,Normal,91988660589,,5.0,3,,,https://www.google.com/maps/place/Emp%C3%B3rio+Do+A%C3%A7a%C3%AD/data=!4m7!3m6!1s0x92a46160447eea83:0x96f80f09ae0acf31!8m2!3d-1.3563052!4d-48.4543131!16s%2Fg%2F11s8_h840n!19sChIJg-p-RGBhpJIRMc8KrgkP-JY?authuser=0&hl=en&g_ep=EgoyMDI2MDkyMS4wIJJjKgBIAVAD&rclk=1,açaí delivery,"açaí delivery no Parque Verde, Belém, PA | açaí delivery no Coqueiro, Belém, PA | açaí delivery no São Clemente, Belém, PA",Parque Verde | Coqueiro | São Clemente,3,2026-09-23
ChIJjStfWwBhpJIRHcx4r1Y7i5k,11064002153062911005,Açaí do Davi,Meal delivery,Entrega de Refeições / Delivery,Serviço de delivery de refeições,Açaí + outro segmento,RB2_nome_acai_cat_outro,Nome contém açaí + categoria 'Meal delivery' indica outro segmento,nome contém açaí ('Açaí do Davi'); ocorrências: 6; categoria: 'Meal delivery',"Açaí do Davi - R. Belém, 92 - Parque Verde, Belém - PA, 66626-895, Belém - PA, 66635-226",Parque Verde,Parque Verde,Belém,PA,-1.369035,-48.442014,1.0646,Normal,91985838770,,5.0,1,,,https://www.google.com/maps/place/A%C3%A7a%C3%AD+do+Davi/data=!4m7!3m6!1s0x92a461005b5f2b8d:0x998b3b56af78cc1d!8m2!3d-1.3690346!4d-48.4420145!16s%2Fg%2F11zyvb4mr8!19sChIJjStfWwBhpJIRHcx4r1Y7i5k?authuser=0&hl=en&g_ep=EgoyMDI2MDkyMS4wIJJjKgBIAVAD&rclk=1,açaí delivery | açaí | casa de açaí,"açaí delivery no Parque Verde, Belém, PA | açaí no Benguí, Belém, PA | casa de açaí no Benguí, Belém, PA | açaí delivery no Benguí, Belém, PA | casa de açaí no São Clemente, Belém, PA | açaí delivery no São Clemente, Belém, PA",Parque Verde | Benguí | São Clemente,6,2026-09-23
ChIJ7TZoJCtgpJIROgiOAcz8cdM,15236236967500711994,Açai Do Pedro,Restaurant,Restaurante,Categoria genérica de restaurante,Açaí + outro segmento,RB2_nome_acai_cat_outro,Nome contém açaí + categoria 'Restaurant' indica outro segmento,nome contém açaí ('Açai Do Pedro'); ocorrências: 3; categoria: 'Restaurant',"Açai Do Pedro - Av. Independência, 46 - Parque Verde, Belém - PA, 67120-527",Parque Verde,Parque Verde,Belém,PA,-1.368718,-48.437895,1.4090,Normal,91982514785,,4.3,31,R$20–40,,https://www.google.com/maps/place/A%C3%A7ai+Do+Pedro/data=!4m7!3m6!1s0x92a4602b246836ed:0xd371fccc018e083a!8m2!3d-1.3687184!4d-48.4378953!16s%2Fg%2F11f3jpn746!19sChIJ7TZoJCtgpJIROgiOAcz8cdM?authuser=0&hl=en&g_ep=EgoyMDI2MDkyMS4wIJJjKgBIAVAD&rclk=1,açaí delivery,"açaí delivery no Parque Verde, Belém, PA | açaí delivery no Una, Belém, PA | açaí delivery na Cabanagem, Belém, PA",Parque Verde | Una | Cabanagem,3,2026-09-23
ChIJtb7gREphpJIRy25St0qsXqs,12348496665199668939,AÇAÍ D'DHIA,Meal delivery,Entrega de Refeições / Delivery,Serviço de delivery de refeições,Açaí + outro segmento,RB2_nome_acai_cat_outro,Nome contém açaí + categoria 'Meal delivery' indica outro segmento,nome contém açaí ('AÇAÍ D'DHIA'); categoria: 'Meal delivery',"AÇAÍ D'DHIA - R. Jandaia, 42 - Parque Verde, Belém - PA, 66635-410",Parque Verde,Parque Verde,Belém,PA,-1.359848,-48.446166,0.4031,Normal,91988802707,,1.0,1,,,https://www.google.com/maps/place/A%C3%87A%C3%8D+D%27DHIA/data=!4m7!3m6!1s0x92a4614a44e0beb5:0xab5eac4ab7526ecb!8m2!3d-1.3598482!4d-48.4461661!16s%2Fg%2F11h7fx_7g6!19sChIJtb7gREphpJIRy25St0qsXqs?authuser=0&hl=en&g_ep=EgoyMDI2MDkyMS4wIJJjKgBIAVAD&rclk=1,açaí delivery,"açaí delivery no Parque Verde, Belém, PA",Parque Verde,1,2026-09-23
ChIJGREIK5aLpJIRahx4MPuoOpM,10608977669028060266,Açaí Sabor Da Ilha,Food manufacturer,Fabricante de Alimentos,Fabricante de alimentos,Açaí + outro segmento,RB2_nome_acai_cat_outro,Nome contém açaí + categoria 'Food manufacturer' indica outro segmento,nome contém açaí ('Açaí Sabor Da Ilha'); ocorrências: 12; categoria: 'Food manufacturer',"Açaí Sabor Da Ilha - Passagem Benfica - Benguí, Belém - PA, 66630-895",Parque Verde,Benguí,Belém,PA,-1.375294,-48.450555,1.4566,Normal,91981740542,,5.0,8,,,https://www.google.com/maps/place/A%C3%A7a%C3%AD+Sabor+Da+Ilha/data=!4m7!3m6!1s0x92a48b962b081119:0x933aa8fb30781c6a!8m2!3d-1.3752944!4d-48.4505549!16s%2Fg%2F11t3v3_kb2!19sChIJGREIK5aLpJIRahx4MPuoOpM?authuser=0&hl=en&g_ep=EgoyMDI2MDkyMS4wIJJjKgBIAVAD&rclk=1,açaí delivery | açaí | açaíteria | casa de açaí | ponto de açaí | açaí na tigela,"açaí delivery no Parque Verde, Belém, PA | açaí delivery no Tenoné, Belém, PA | açaí no Benguí, Belém, PA | açaíteria no Benguí, Belém, PA | casa de açaí no Benguí, Belém, PA | ponto de açaí no Benguí, Belém, PA | açaí na tigela no Benguí, Belém, PA | açaí delivery no Benguí, Belém, PA | açaíteria no São Clemente, Belém, PA | casa de açaí no São Clemente, Belém, PA | açaí delivery no São Clemente, Belém, PA | açaí delivery no Una, Belém, PA",Parque Verde | Tenoné | Benguí | São Clemente | Una,12,2026-09-23
ChIJeygJb3KKpJIRq6acHSx3peo,16908051407391467179,Bengui Açai,Restaurant,Restaurante,Categoria genérica de restaurante,Açaí + outro segmento,RB2_nome_acai_cat_outro,Nome contém açaí + categoria 'Restaurant' indica outro segmento,nome contém açaí ('Bengui Açai'); ocorrências: 16; categoria: 'Restaurant',"Bengui Açai - Tv. São Pedro, 204 - Benguí, Belém - PA, 66630-130",Parque Verde,Benguí,Belém,PA,-1.377945,-48.455509,1.8906,Normal,91989075043,,4.7,36,R$20–40,,https://www.google.com/maps/place/Bengui+A%C3%A7ai/data=!4m7!3m6!1s0x92a48a726f09287b:0xeaa5772c1d9ca6ab!8m2!3d-1.3779448!4d-48.4555089!16s%2Fg%2F11j4t6jz0t!19sChIJeygJb3KKpJIRq6acHSx3peo?authuser=0&hl=en&g_ep=EgoyMDI2MDkyMS4wIJJjKgBIAVAD&rclk=1,açaí delivery | açaí | açaíteria | casa de açaí | ponto de açaí | açaí na tigela,"açaí delivery no Parque Verde, Belém, PA | açaí na Pratinha, Belém, PA | açaí delivery na Pratinha, Belém, PA | açaí delivery no Tenoné, Belém, PA | açaí no Benguí, Belém, PA | açaíteria no Benguí, Belém, PA | casa de açaí no Benguí, Belém, PA | ponto de açaí no Benguí, Belém, PA | açaí na tigela no Benguí, Belém, PA | açaí delivery no Benguí, Belém, PA | açaíteria no São Clemente, Belém, PA | casa de açaí no São Clemente, Belém, PA | açaí delivery no São Clemente, Belém, PA | açaí delivery no Una, Belém, PA | açaíteria na Cabanagem, Belém, PA | açaí delivery na Cabanagem, Belém, PA",Parque Verde | Pratinha | Tenoné | Benguí | São Clemente | Una | Cabanagem,16,2026-09-23
ChIJY6JarISLpJIRFIadzxg_ibQ,13008998374431360532,SKINA DO AÇAI,Meal delivery,Entrega de Refeições / Delivery,Serviço de delivery de refeições,Açaí + outro segmento,RB2_nome_acai_cat_outro,Nome contém açaí + categoria 'Meal delivery' indica outro segmento,nome contém açaí ('SKINA DO AÇAI'); ocorrências: 5; categoria: 'Meal delivery',"SKINA DO AÇAI - Passagem São Januário, N°29 - Mangueirão, Belém - PA, 66640-018",Parque Verde,Revisar,Belém,PA,-1.380671,-48.448534,2.0420,Normal,91980402805,,4.7,3,,,https://www.google.com/maps/place/SKINA+DO+A%C3%87AI/data=!4m7!3m6!1s0x92a48b84ac5aa263:0xb4893f18cf9d8614!8m2!3d-1.3806711!4d-48.4485344!16s%2Fg%2F11lg2r38pm!19sChIJY6JarISLpJIRFIadzxg_ibQ?authuser=0&hl=en&g_ep=EgoyMDI2MDkyMS4wIJJjKgBIAVAD&rclk=1,açaí delivery,"açaí delivery no Parque Verde, Belém, PA | açaí delivery no Benguí, Belém, PA | açaí delivery no São Clemente, Belém, PA | açaí delivery no Una, Belém, PA | açaí delivery na Cabanagem, Belém, PA",Parque Verde | Benguí | São Clemente | Una | Cabanagem,5,2026-09-23
ChIJgZ5LErVhpJIRPHimD_F_Wy0,3268346627913840700,Açaí Ki-Delícia,Restaurant,Restaurante,Categoria genérica de restaurante,Açaí + outro segmento,RB2_nome_acai_cat_outro,Nome contém açaí + categoria 'Restaurant' indica outro segmento,nome contém açaí ('Açaí Ki-Delícia'); ocorrências: 4; categoria: 'Restaurant',"Conjunto pedro Teixeira - R. B - Coqueiro, Belém - PA, 66823-060",Parque Verde,Coqueiro,Belém,PA,-1.346769,-48.449653,1.7304,Normal,91984497864,,4.4,21,R$20–140,,https://www.google.com/maps/place/A%C3%A7a%C3%AD+Ki-Del%C3%ADcia/data=!4m7!3m6!1s0x92a461b5124b9e81:0x2d5b7ff10fa6783c!8m2!3d-1.3467695!4d-48.4496533!16s%2Fg%2F11r3ww5167!19sChIJgZ5LErVhpJIRPHimD_F_Wy0?authuser=0&hl=en&g_ep=EgoyMDI2MDkyMS4wIJJjKgBIAVAD&rclk=1,açaí delivery | açaí na tigela,"açaí delivery no Parque Verde, Belém, PA | açaí na tigela no Tenoné, Belém, PA | açaí delivery no Tenoné, Belém, PA | açaí na tigela no Coqueiro, Belém, PA",Parque Verde | Tenoné | Coqueiro,4,2026-09-23
ChIJISMpVVNhpJIRnIw9Sog1dK4,12570731319375269020,Açai do Fred,Restaurant,Restaurante,Categoria genérica de restaurante,Açaí + outro segmento,RB2_nome_acai_cat_outro,Nome contém açaí + categoria 'Restaurant' indica outro segmento,nome contém açaí ('Açai do Fred'); ocorrências: 4; categoria: 'Restaurant',"Açai do Fred - Al. Sucupira, 34 - quadra e - Tapanã, Belém - PA, 66830-680",Parque Verde,Tapanã,Belém,PA,-1.357599,-48.46437,1.8052,Normal,,,5.0,1,,,https://www.google.com/maps/place/A%C3%A7ai+do+Fred/data=!4m7!3m6!1s0x92a4615355292321:0xae7435884a3d8c9c!8m2!3d-1.3575993!4d-48.4643698!16s%2Fg%2F11tjm59gxf!19sChIJISMpVVNhpJIRnIw9Sog1dK4?authuser=0&hl=en&g_ep=EgoyMDI2MDkyMS4wIJJjKgBIAVAD&rclk=1,açaí delivery | açaí,"açaí delivery no Parque Verde, Belém, PA | açaí no Coqueiro, Belém, PA | açaí delivery no Coqueiro, Belém, PA | açaí delivery no São Clemente, Belém, PA",Parque Verde | Coqueiro | São Clemente,4,2026-09-23
ChIJafHggdVhpJIR3XJj9Iij7WY,7416763969960112861,Açai Sabor da Região,Restaurant,Restaurante,Categoria genérica de restaurante,Açaí + outro segmento,RB2_nome_acai_cat_outro,Nome contém açaí + categoria 'Restaurant' indica outro segmento,nome contém açaí ('Açai Sabor da Região'); ocorrências: 2; categoria: 'Restaurant',"Açai Sabor da Região - Av. Independência - Parque Verde, Belém - PA, 66633-570",Parque Verde,Parque Verde,Belém,PA,-1.370677,-48.441402,1.2440,Normal,91984004573,,4.4,7,,,https://www.google.com/maps/place/A%C3%A7ai+Sabor+da+Regi%C3%A3o/data=!4m7!3m6!1s0x92a461d581e0f169:0x66eda388f46372dd!8m2!3d-1.3706766!4d-48.4414022!16s%2Fg%2F11h8l1rlny!19sChIJafHggdVhpJIR3XJj9Iij7WY?authuser=0&hl=en&g_ep=EgoyMDI2MDkyMS4wIJJjKgBIAVAD&rclk=1,açaí delivery,"açaí delivery no Parque Verde, Belém, PA | açaí delivery na Cabanagem, Belém, PA",Parque Verde | Cabanagem,2,2026-09-23
ChIJ30NcF3uKpJIRIBCJj_FKkPI,17478552555180593184,Açaí Do Letti,Restaurant,Restaurante,Categoria genérica de restaurante,Açaí + outro segmento,RB2_nome_acai_cat_outro,Nome contém açaí + categoria 'Restaurant' indica outro segmento,nome contém açaí ('Açaí Do Letti'); ocorrências: 5; categoria: 'Restaurant',"Açaí Do Letti - Passagem Benfica - Benguí, Belém - PA, 66630-170",Parque Verde,Benguí,Belém,PA,-1.377213,-48.445547,1.6970,Normal,,,5.0,1,,,https://www.google.com/maps/place/A%C3%A7a%C3%AD+Do+Letti/data=!4m7!3m6!1s0x92a48a7b175c43df:0xf2904af18f891020!8m2!3d-1.3772128!4d-48.4455468!16s%2Fg%2F11jx4smrbz!19sChIJ30NcF3uKpJIRIBCJj_FKkPI?authuser=0&hl=en&g_ep=EgoyMDI2MDkyMS4wIJJjKgBIAVAD&rclk=1,açaí delivery,"açaí delivery no Parque Verde, Belém, PA | açaí delivery no Benguí, Belém, PA | açaí delivery no São Clemente, Belém, PA | açaí delivery no Una, Belém, PA | açaí delivery na Cabanagem, Belém, PA",Parque Verde | Benguí | São Clemente | Una | Cabanagem,5,2026-09-23
ChIJVwRUVs1hpJIRXT94FUYAqhs,1993406086072778589,Açaí BOM D+,Snack bar,Lanchonete,Lanchonete / petiscos,Especializado em açaí,RA2_cat_suporte_texto_acai,Categoria 'Snack bar' + evidência textual de açaí,nome contém açaí ('Açaí BOM D+'); ocorrências: 8; categoria: 'Snack bar',"Açaí BOM D+ - R. Bom Sucesso, 51 - Cabanagem, Belém - PA, 66625-430",Parque Verde,Cabanagem,Belém,PA,-1.365214,-48.43662,1.3951,Normal,91980209158,,4.8,10,,,https://www.google.com/maps/place/A%C3%A7a%C3%AD+BOM+D%2B/data=!4m7!3m6!1s0x92a461cd56540457:0x1baa004615783f5d!8m2!3d-1.3652137!4d-48.4366197!16s%2Fg%2F11j2fgylw3!19sChIJVwRUVs1hpJIRXT94FUYAqhs?authuser=0&hl=en&g_ep=EgoyMDI2MDkyMS4wIJJjKgBIAVAD&rclk=1,açaí delivery | açaí,"açaí delivery no Parque Verde, Belém, PA | açaí delivery no Coqueiro, Belém, PA | açaí no Benguí, Belém, PA | açaí delivery no Benguí, Belém, PA | açaí no Una, Belém, PA | açaí delivery no Una, Belém, PA | açaí na Cabanagem, Belém, PA | açaí delivery na Cabanagem, Belém, PA",Parque Verde | Coqueiro | Benguí | Una | Cabanagem,8,2026-09-23
ChIJ3fmuQKyLpJIR7FqAe9AuiAo,758908010172013292,Garagem do açaí gourmet,Ice cream shop,Açaíteria / Sorveteria,"Categoria de sorvete/gelado, frequentemente vende açaí",Especializado em açaí,RA2_cat_suporte_texto_acai,Categoria 'Ice cream shop' + evidência textual de açaí,nome contém açaí ('Garagem do açaí gourmet'); ocorrências: 11; categoria: 'Ice cream shop',"Garagem do açaí gourmet - Passagem Ferreira Filho, 48 - Benguí, Belém - PA, 66630-200",Parque Verde,Benguí,Belém,PA,-1.374438,-48.45299,1.4258,Normal,91991711015,,4.5,11,,,https://www.google.com/maps/place/Garagem+do+a%C3%A7a%C3%AD+gourmet/data=!4m7!3m6!1s0x92a48bac40aef9dd:0xa882ed07b805aec!8m2!3d-1.3744376!4d-48.4529899!16s%2Fg%2F11l_fb10tt!19sChIJ3fmuQKyLpJIR7FqAe9AuiAo?authuser=0&hl=en&g_ep=EgoyMDI2MDkyMS4wIJJjKgBIAVAD&rclk=1,açaí delivery | açaí | açaíteria | casa de açaí | ponto de açaí | açaí na tigela,"açaí delivery no Parque Verde, Belém, PA | açaí no Benguí, Belém, PA | açaíteria no Benguí, Belém, PA | casa de açaí no Benguí, Belém, PA | ponto de açaí no Benguí, Belém, PA | açaí na tigela no Benguí, Belém, PA | açaí delivery no Benguí, Belém, PA | açaíteria no São Clemente, Belém, PA | açaí delivery no São Clemente, Belém, PA | açaíteria na Cabanagem, Belém, PA | açaí na tigela na Cabanagem, Belém, PA",Parque Verde | Benguí | São Clemente | Cabanagem,11,2026-09-23
ChIJ02F-InGLpJIRIN71DNvVrtA,15037191342628658720,AÇAI MIX,Family restaurant,Restaurante,Restaurante familiar,Açaí + outro segmento,RB2_nome_acai_cat_outro,Nome contém açaí + categoria 'Family restaurant' indica outro segmento,nome contém açaí ('AÇAI MIX'); ocorrências: 6; categoria: 'Family restaurant',"AÇAI MIX - R. Betânia, 17 - Mangueirão, Belém - PA, 66630-140",Parque Verde,Revisar,Belém,PA,-1.378734,-48.450767,1.8391,Normal,91984899642,,5.0,2,,,https://www.google.com/maps/place/A%C3%87AI+MIX/data=!4m7!3m6!1s0x92a48b71227e61d3:0xd0aed5db0cf5de20!8m2!3d-1.3787336!4d-48.4507666!16s%2Fg%2F11rzs2vjcf!19sChIJ02F-InGLpJIRIN71DNvVrtA?authuser=0&hl=en&g_ep=EgoyMDI2MDkyMS4wIJJjKgBIAVAD&rclk=1,açaí delivery | açaí | casa de açaí,"açaí delivery no Parque Verde, Belém, PA | açaí no Benguí, Belém, PA | casa de açaí no Benguí, Belém, PA | açaí delivery no Benguí, Belém, PA | açaí delivery no São Clemente, Belém, PA | açaí delivery na Cabanagem, Belém, PA",Parque Verde | Benguí | São Clemente | Cabanagem,6,2026-09-23
ChIJ81pQ_J1hpJIRS6phPnLK-ns,8933675402864470603,Canto do açaí,Restaurant,Restaurante,Categoria genérica de restaurante,Açaí + outro segmento,RB2_nome_acai_cat_outro,Nome contém açaí + categoria 'Restaurant' indica outro segmento,nome contém açaí ('Canto do açaí'); ocorrências: 6; categoria: 'Restaurant',"Canto do açaí - Av. Padre Bruno Sechi, 1977 - Tapanã, Belém - PA, 66630-420",Parque Verde,Tapanã,Belém,PA,-1.361237,-48.458437,1.0747,Normal,91992681421,,4.9,12,,,https://www.google.com/maps/place/Canto+do+a%C3%A7a%C3%AD/data=!4m7!3m6!1s0x92a4619dfc505af3:0x7bfaca723e61aa4b!8m2!3d-1.3612369!4d-48.4584369!16s%2Fg%2F11j7hqg9ql!19sChIJ81pQ_J1hpJIRS6phPnLK-ns?authuser=0&hl=en&g_ep=EgoyMDI2MDkyMS4wIJJjKgBIAVAD&rclk=1,açaí delivery | açaí,"açaí delivery no Parque Verde, Belém, PA | açaí na Pratinha, Belém, PA | açaí delivery na Pratinha, Belém, PA | açaí no Coqueiro, Belém, PA | açaí delivery no Coqueiro, Belém, PA | açaí no Benguí, Belém, PA",Parque Verde | Pratinha | Coqueiro | Benguí,6,2026-09-23
ChIJmxfE6A5hpJIRUJds-tVTkJA,10416918116602517328,Açaí Pai D'égua,Restaurant,Restaurante,Categoria genérica de restaurante,Açaí + outro segmento,RB2_nome_acai_cat_outro,Nome contém açaí + categoria 'Restaurant' indica outro segmento,nome contém açaí ('Açaí Pai D'égua'); ocorrências: 4; categoria: 'Restaurant',"Açaí Pai D'égua - Passagem Santa Bárbara, 38 - Tapanã, Belém - PA, 66833-610",Parque Verde,Tapanã,Belém,PA,-1.350036,-48.459915,1.8387,Normal,91988412091,,4.2,5,,,https://www.google.com/maps/place/A%C3%A7a%C3%AD+Pai+D%27%C3%A9gua/data=!4m7!3m6!1s0x92a4610ee8c4179b:0x909053d5fa6c9750!8m2!3d-1.3500364!4d-48.459915!16s%2Fg%2F11jvpskq4y!19sChIJmxfE6A5hpJIRUJds-tVTkJA?authuser=0&hl=en&g_ep=EgoyMDI2MDkyMS4wIJJjKgBIAVAD&rclk=1,açaí delivery | açaí,"açaí delivery no Parque Verde, Belém, PA | açaí no Coqueiro, Belém, PA | açaí delivery no Coqueiro, Belém, PA | açaí delivery no São Clemente, Belém, PA",Parque Verde | Coqueiro | São Clemente,4,2026-09-23
ChIJSziAJjhhpJIR9A4m6jScFMM,14057032088010755828,Açaí da lu,Açaí shop,Açaíteria / Loja de Açaí,Categoria original indica especialização em açaí,Especializado em açaí,RA_cat_acai_direto,Categoria 'Açaí shop' — evidência forte de especialização,nome contém açaí ('Açaí da lu'); categoria: 'Açaí shop',"Açaí da lu - Passagem Srg. Getúlio, 02 - Parque Verde, Belém - PA, 66635-815",Parque Verde,Parque Verde,Belém,PA,-1.369287,-48.45609,1.1196,Normal,91985252198,,5.0,5,,,https://www.google.com/maps/place/A%C3%A7a%C3%AD+da+lu/data=!4m7!3m6!1s0x92a461382680384b:0xc3149c34ea260ef4!8m2!3d-1.3692875!4d-48.4560897!16s%2Fg%2F11q1nhwbw0!19sChIJSziAJjhhpJIR9A4m6jScFMM?authuser=0&hl=en&g_ep=EgoyMDI2MDkyMS4wIJJjKgBIAVAD&rclk=1,açaí delivery,"açaí delivery no Parque Verde, Belém, PA",Parque Verde,1,2026-09-23
ChIJxVXNschhpJIR09b4iCp1lj4,4509920902405215955,Açaí Salmo 23,Juice shop,Lanchonete / Sucos e Vitaminas,Loja de sucos,Especializado em açaí,RA2_cat_suporte_texto_acai,Categoria 'Juice shop' + evidência textual de açaí,nome contém açaí ('Açaí Salmo 23'); ocorrências: 7; categoria: 'Juice shop',"Açaí Salmo 23 - R. das Andorinha, 33 - Parque Verde, Belém - PA, 66635-240",Parque Verde,Parque Verde,Belém,PA,-1.359781,-48.44808,0.2932,Normal,9132486527,,4.6,31,,,https://www.google.com/maps/place/A%C3%A7a%C3%AD+Salmo+23/data=!4m7!3m6!1s0x92a461c8b1cd55c5:0x3e96752a88f8d6d3!8m2!3d-1.3597813!4d-48.4480799!16s%2Fg%2F1pzpkwc9j!19sChIJxVXNschhpJIR09b4iCp1lj4?authuser=0&hl=en&g_ep=EgoyMDI2MDkyMS4wIJJjKgBIAVAD&rclk=1,açaí delivery | açaí | casa de açaí | ponto de açaí,"açaí delivery no Parque Verde, Belém, PA | açaí delivery no Coqueiro, Belém, PA | açaí no Benguí, Belém, PA | casa de açaí no Benguí, Belém, PA | ponto de açaí no Benguí, Belém, PA | ponto de açaí no São Clemente, Belém, PA | açaí delivery no Una, Belém, PA",Parque Verde | Coqueiro | Benguí | São Clemente | Una,7,2026-09-23
ChIJuQcznyiLpJIR9NgORiD_GKk,12184769305930291444,Açaí da Lene,Restaurant,Restaurante,Categoria genérica de restaurante,Açaí + outro segmento,RB2_nome_acai_cat_outro,Nome contém açaí + categoria 'Restaurant' indica outro segmento,nome contém açaí ('Açaí da Lene'); ocorrências: 6; categoria: 'Restaurant',"Açaí da Lene - R. Nova Jerusalém - Mangueirão, Belém - PA, 66640-030",Parque Verde,Revisar,Belém,PA,-1.383104,-48.45205,2.3399,Normal,,,5.0,2,,,https://www.google.com/maps/place/A%C3%A7a%C3%AD+da+Lene/data=!4m7!3m6!1s0x92a48b289f3307b9:0xa918ff20460ed8f4!8m2!3d-1.383104!4d-48.4520501!16s%2Fg%2F11vbz8xbkn!19sChIJuQcznyiLpJIR9NgORiD_GKk?authuser=0&hl=en&g_ep=EgoyMDI2MDkyMS4wIJJjKgBIAVAD&rclk=1,açaí delivery | açaí,"açaí delivery no Parque Verde, Belém, PA | açaí no Benguí, Belém, PA | açaí delivery no Benguí, Belém, PA | açaí delivery no São Clemente, Belém, PA | açaí delivery no Una, Belém, PA | açaí delivery na Cabanagem, Belém, PA",Parque Verde | Benguí | São Clemente | Una | Cabanagem,6,2026-09-23
ChIJ7UcG9bZhpJIRypiyYbiYH8Q,14132182073392404682,Açaí MG,Restaurant,Restaurante,Categoria genérica de restaurante,Açaí + outro segmento,RB2_nome_acai_cat_outro,Nome contém açaí + categoria 'Restaurant' indica outro segmento,nome contém açaí ('Açaí MG'); ocorrências: 4; categoria: 'Restaurant',"Açaí MG - Rod. dos Trabalhadores, 118 - Parque Verde, Belém - PA, 66633-410",Parque Verde,Parque Verde,Belém,PA,-1.369966,-48.439644,1.3295,Normal,,,4.5,6,,,https://www.google.com/maps/place/A%C3%A7a%C3%AD+MG/data=!4m7!3m6!1s0x92a461b6f50647ed:0xc41f98b861b298ca!8m2!3d-1.3699656!4d-48.4396443!16s%2Fg%2F11nn4pl0_t!19sChIJ7UcG9bZhpJIRypiyYbiYH8Q?authuser=0&hl=en&g_ep=EgoyMDI2MDkyMS4wIJJjKgBIAVAD&rclk=1,açaí delivery | açaí,"açaí delivery no Parque Verde, Belém, PA | açaí no Benguí, Belém, PA | açaí delivery no Benguí, Belém, PA | açaí no Una, Belém, PA",Parque Verde | Benguí | Una,4,2026-09-23
ChIJ1anJ7aFhpJIR8eVd_f90FTU,3825092101337376241,Açaí DuElvis,Gluten-free restaurant,Restaurante Saudável,Restaurante sem glúten,Açaí + outro segmento,RB2_nome_acai_cat_outro,Nome contém açaí + categoria 'Gluten-free restaurant' indica outro segmento,nome contém açaí ('Açaí DuElvis'); ocorrências: 15; categoria: 'Gluten-free restaurant',"Açaí DuElvis - Tv. Henrique Dias, 166 - Cabanagem, Belém - PA, 66625-620",Parque Verde,Cabanagem,Belém,PA,-1.36776,-48.435827,1.5673,Normal,91983616891,https://www.instagram.com/acaiduelvis/,4.4,35,R$20–40,,https://www.google.com/maps/place/A%C3%A7a%C3%AD+DuElvis/data=!4m7!3m6!1s0x92a461a1edc9a9d5:0x351574fffd5de5f1!8m2!3d-1.3677604!4d-48.4358268!16s%2Fg%2F11hzd05rp7!19sChIJ1anJ7aFhpJIR8eVd_f90FTU?authuser=0&hl=en&g_ep=EgoyMDI2MDkyMS4wIJJjKgBIAVAD&rclk=1,açaí delivery | açaí | açaí na tigela | açaíteria | casa de açaí | ponto de açaí,"açaí delivery no Parque Verde, Belém, PA | açaí no Coqueiro, Belém, PA | açaí na tigela no Coqueiro, Belém, PA | açaí delivery no Coqueiro, Belém, PA | açaí no Benguí, Belém, PA | açaí delivery no Benguí, Belém, PA | açaí delivery no São Clemente, Belém, PA | açaí no Una, Belém, PA | açaí delivery no Una, Belém, PA | açaí na Cabanagem, Belém, PA | açaíteria na Cabanagem, Belém, PA | casa de açaí na Cabanagem, Belém, PA | ponto de açaí na Cabanagem, Belém, PA | açaí na tigela na Cabanagem, Belém, PA | açaí delivery na Cabanagem, Belém, PA",Parque Verde | Coqueiro | Benguí | São Clemente | Una | Cabanagem,15,2026-09-23
ChIJLTO85tmLpJIR1TrzrNtd9b0,13687949840543333077,Sr. Açaí,Restaurant,Restaurante,Categoria genérica de restaurante,Açaí + outro segmento,RB2_nome_acai_cat_outro,Nome contém açaí + categoria 'Restaurant' indica outro segmento,nome contém açaí ('Sr. Açaí'); ocorrências: 7; categoria: 'Restaurant',"Sr. Açaí - Mangueirão, Belém - PA, 66640-155",Parque Verde,Revisar,Belém,PA,-1.378368,-48.438792,2.1056,Normal,91998086588,,4.9,16,,,https://www.google.com/maps/place/Sr.+A%C3%A7a%C3%AD/data=!4m7!3m6!1s0x92a48bd9e6bc332d:0xbdf55ddbacf33ad5!8m2!3d-1.378368!4d-48.4387916!16s%2Fg%2F11h22s4_vd!19sChIJLTO85tmLpJIR1TrzrNtd9b0?authuser=0&hl=en&g_ep=EgoyMDI2MDkyMS4wIJJjKgBIAVAD&rclk=1,açaí delivery | açaí,"açaí delivery no Parque Verde, Belém, PA | açaí delivery no Benguí, Belém, PA | açaí delivery no São Clemente, Belém, PA | açaí no Una, Belém, PA | açaí delivery no Una, Belém, PA | açaí na Cabanagem, Belém, PA | açaí delivery na Cabanagem, Belém, PA",Parque Verde | Benguí | São Clemente | Una | Cabanagem,7,2026-09-23
ChIJm3vpjHiLpJIRe__xJFyVUDc,3985849893212258171,Açaizal,Restaurant,Restaurante,Categoria genérica de restaurante,Açaí + outro segmento,RB2_nome_acai_cat_outro,Nome contém açaí + categoria 'Restaurant' indica outro segmento,nome contém açaí ('Açaizal'); ocorrências: 5; categoria: 'Restaurant',"Açaizal - Al. Pará, 66652-030 - Maguari, Ananindeua - PA, 67013-887",Parque Verde,Revisar,Belém,PA,-1.380807,-48.427074,3.1748,Normal,91911111111,,4.6,20,,,https://www.google.com/maps/place/A%C3%A7aizal/data=!4m7!3m6!1s0x92a48b788ce97b9b:0x3750955c24f1ff7b!8m2!3d-1.3808074!4d-48.4270743!16s%2Fg%2F11jdb6rg3g!19sChIJm3vpjHiLpJIRe__xJFyVUDc?authuser=0&hl=en&g_ep=EgoyMDI2MDkyMS4wIJJjKgBIAVAD&rclk=1,açaí delivery,"açaí delivery no Parque Verde, Belém, PA | açaí delivery no Benguí, Belém, PA | açaí delivery no São Clemente, Belém, PA | açaí delivery no Una, Belém, PA | açaí delivery na Cabanagem, Belém, PA",Parque Verde | Benguí | São Clemente | Una | Cabanagem,5,2026-09-23
ChIJCdvlQ6BhpJIRyfTzIJAJ_qc,12105123363051271369,Açaí Tapajós,Pharmacy,Outro (Não Alimentício),Farmácia,Outro estabelecimento,RC1_nome_acai_cat_nao_acai,Categoria 'Pharmacy' indica atividade não alimentícia,nome contém açaí ('Açaí Tapajós'); ocorrências: 6; categoria: 'Pharmacy',"Açaí Tapajós - R. Bolonha - Tapanã, Belém - PA, 66833-370",Tapanã,Tapanã,Belém,PA,-1.34321,-48.457096,1.3157,Normal,,,4.8,5,,,https://www.google.com/maps/place/A%C3%A7a%C3%AD+Tapaj%C3%B3s/data=!4m7!3m6!1s0x92a461a043e5db09:0xa7fe099020f3f4c9!8m2!3d-1.3432096!4d-48.4570965!16s%2Fg%2F11jx4sjh83!19sChIJCdvlQ6BhpJIRyfTzIJAJ_qc?authuser=0&hl=en&g_ep=EgoyMDI2MDkyMS4wIJJjKgBIAVAD&rclk=1,açaí | açaíteria | açaí delivery | casa de açaí,"açaí no Tapanã, Belém, PA | açaíteria no Tapanã, Belém, PA | açaí delivery no Tapanã, Belém, PA | casa de açaí no Tenoné, Belém, PA | açaí delivery no Tenoné, Belém, PA | açaí delivery no Coqueiro, Belém, PA",Tapanã | Tenoné | Coqueiro,6,2026-09-23
ChIJydLewF9hpJIRQIonn0-q654,11451433736468924992,North Açai Belém,Açaí shop,Açaíteria / Loja de Açaí,Categoria original indica especialização em açaí,Especializado em açaí,RA_cat_acai_direto,Categoria 'Açaí shop' — evidência forte de especialização,nome contém açaí ('North Açai Belém'); ocorrências: 10; categoria: 'Açaí shop',"North Açai Belém - Av. Secundária, 29 - a - Coqueiro, Belém - PA, 66919-560",Tapanã,Coqueiro,Belém,PA,-1.332248,-48.443771,2.9468,Normal,91984196884,https://canva.link/nd9cx8llsb4s5qc,5.0,17,,,https://www.google.com/maps/place/North+A%C3%A7ai+Bel%C3%A9m/data=!4m7!3m6!1s0x92a4615fc0ded2c9:0x9eebaa4f9f278a40!8m2!3d-1.3322478!4d-48.4437713!16s%2Fg%2F11z7_lsm__!19sChIJydLewF9hpJIRQIonn0-q654?authuser=0&hl=en&g_ep=EgoyMDI2MDkyMS4wIJJjKgBIAVAD&rclk=1,açaí | açaí delivery | casa de açaí | ponto de açaí,"açaí no Tapanã, Belém, PA | açaí delivery no Tapanã, Belém, PA | açaí no Tenoné, Belém, PA | casa de açaí no Tenoné, Belém, PA | ponto de açaí no Tenoné, Belém, PA | açaí delivery no Tenoné, Belém, PA | açaí no Parque Guajará, Belém, PA | casa de açaí no Parque Guajará, Belém, PA | ponto de açaí no Parque Guajará, Belém, PA | açaí delivery no Parque Guajará, Belém, PA",Tapanã | Tenoné | Parque Guajará,10,2026-09-23
ChIJyxthXABhpJIRdse0DVv1zxI,1355571784282589046,Doce Mania da Bia Açaiteria,Ice cream shop,Açaíteria / Sorveteria,"Categoria de sorvete/gelado, frequentemente vende açaí",Especializado em açaí,RA2_cat_suporte_texto_acai,Categoria 'Ice cream shop' + evidência textual de açaí,nome contém açaí ('Doce Mania da Bia Açaiteria'); ocorrências: 9; categoria: 'Ice cream shop',"Doce Mania da Bia Açaiteria - R. Alasca, 86 - Tapanã, Belém - PA, 66833-330",Tapanã,Tapanã,Belém,PA,-1.342599,-48.45697,1.3194,Normal,,,5.0,2,,Dogs allowed,https://www.google.com/maps/place/Doce+Mania+da+Bia+A%C3%A7aiteria/data=!4m7!3m6!1s0x92a461005c611bcb:0x12cff55b0db4c776!8m2!3d-1.3425993!4d-48.4569705!16s%2Fg%2F11z4b1j_3j!19sChIJyxthXABhpJIRdse0DVv1zxI?authuser=0&hl=en&g_ep=EgoyMDI2MDkyMS4wIJJjKgBIAVAD&rclk=1,açaí | açaíteria | açaí delivery,"açaí no Tapanã, Belém, PA | açaíteria no Tapanã, Belém, PA | açaí delivery no Tapanã, Belém, PA | açaíteria no Tenoné, Belém, PA | açaíteria no Benguí, Belém, PA | açaíteria no São Clemente, Belém, PA | açaíteria no Una, Belém, PA | açaíteria na Cabanagem, Belém, PA | açaíteria no Parque Guajará, Belém, PA",Tapanã | Tenoné | Benguí | São Clemente | Una | Cabanagem | Parque Guajará,9,2026-09-23
ChIJK26t5IJhpJIReiHhtpvPrBQ,1489793844447879546,Açaí do Pateta,Açaí shop,Açaíteria / Loja de Açaí,Categoria original indica especialização em açaí,Especializado em açaí,RA_cat_acai_direto,Categoria 'Açaí shop' — evidência forte de especialização,nome contém açaí ('Açaí do Pateta'); ocorrências: 17; categoria: 'Açaí shop',"Açaí do Pateta - Av. Principal, 74c - Coqueiro, Belém - PA, 66823-095",Tapanã,Coqueiro,Belém,PA,-1.331391,-48.441993,3.1651,Normal,91980890566,https://menu.brendi.com.br/acai-do-pateta-coqueiro-conjunto-maguari,4.8,133,,,https://www.google.com/maps/place/A%C3%A7a%C3%AD+do+Pateta/data=!4m7!3m6!1s0x92a46182e4ad6e2b:0x14accf9bb6e1217a!8m2!3d-1.3313912!4d-48.4419931!16s%2Fg%2F11v9k6lkk8!19sChIJK26t5IJhpJIReiHhtpvPrBQ?authuser=0&hl=en&g_ep=EgoyMDI2MDkyMS4wIJJjKgBIAVAD&rclk=1,açaí | açaíteria | açaí delivery | casa de açaí | ponto de açaí | açaí na tigela,"açaí no Tapanã, Belém, PA | açaíteria no Tapanã, Belém, PA | açaí delivery no Tapanã, Belém, PA | açaí no Tenoné, Belém, PA | açaíteria no Tenoné, Belém, PA | casa de açaí no Tenoné, Belém, PA | ponto de açaí no Tenoné, Belém, PA | açaí na tigela no Tenoné, Belém, PA | açaí delivery no Tenoné, Belém, PA | açaí no Coqueiro, Belém, PA | casa de açaí no Coqueiro, Belém, PA | ponto de açaí no Coqueiro, Belém, PA | açaí delivery no Coqueiro, Belém, PA | açaí no Parque Guajará, Belém, PA | casa de açaí no Parque Guajará, Belém, PA | ponto de açaí no Parque Guajará, Belém, PA | açaí delivery no Parque Guajará, Belém, PA",Tapanã | Tenoné | Coqueiro | Parque Guajará,17,2026-09-23
ChIJdXM79gdhpJIRAv1iXWk8tYg,9850846183178829058,Açaí Mano A Mano,Restaurant,Restaurante,Categoria genérica de restaurante,Açaí + outro segmento,RB2_nome_acai_cat_outro,Nome contém açaí + categoria 'Restaurant' indica outro segmento,nome contém açaí ('Açaí Mano A Mano'); ocorrências: 4; categoria: 'Restaurant',"Açaí Mano A Mano - Tv. We-8, 144 - Conjunto Satelite, Belém - PA, 66670-220",Tapanã,Revisar,Belém,PA,-1.34194,-48.447891,2.3202,Normal,9132883698,,4.9,49,,,https://www.google.com/maps/place/A%C3%A7a%C3%AD+Mano+A+Mano/data=!4m7!3m6!1s0x92a46107f63b7375:0x88b53c695d62fd02!8m2!3d-1.3419401!4d-48.4478915!16s%2Fg%2F11flvwmggz!19sChIJdXM79gdhpJIRAv1iXWk8tYg?authuser=0&hl=en&g_ep=EgoyMDI2MDkyMS4wIJJjKgBIAVAD&rclk=1,açaí | açaí delivery,"açaí no Tapanã, Belém, PA | açaí delivery no Tapanã, Belém, PA | açaí delivery no Tenoné, Belém, PA | açaí no Parque Guajará, Belém, PA",Tapanã | Tenoné | Parque Guajará,4,2026-09-23
ChIJ5xoWF7NhpJIRxni_5MHViNw,15891186313919953094,Açaí do Ricardo,Açaí shop,Açaíteria / Loja de Açaí,Categoria original indica especialização em açaí,Especializado em açaí,RA_cat_acai_direto,Categoria 'Açaí shop' — evidência forte de especialização,nome contém açaí ('Açaí do Ricardo'); ocorrências: 4; categoria: 'Açaí shop',"Açaí do Ricardo - R. Irmã Adelaíde - Tapanã, Belém - PA, 66830-120",Tapanã,Tapanã,Belém,PA,-1.349611,-48.468241,0.9449,Normal,91985983555,,3.0,2,,,https://www.google.com/maps/place/A%C3%A7a%C3%AD+do+Ricardo/data=!4m7!3m6!1s0x92a461b317161ae7:0xdc88d5c1e4bf78c6!8m2!3d-1.349611!4d-48.4682412!16s%2Fg%2F11rgphq6f7!19sChIJ5xoWF7NhpJIRxni_5MHViNw?authuser=0&hl=en&g_ep=EgoyMDI2MDkyMS4wIJJjKgBIAVAD&rclk=1,açaí | açaíteria | açaí na tigela | açaí delivery,"açaí no Tapanã, Belém, PA | açaíteria no Tapanã, Belém, PA | açaí na tigela no Tapanã, Belém, PA | açaí delivery no Tapanã, Belém, PA",Tapanã,4,2026-09-23
ChIJkfAqoZdhpJIRIGf9vYZSLKE,11613748277748262688,Açaíteria Maguari,Ice cream shop,Açaíteria / Sorveteria,"Categoria de sorvete/gelado, frequentemente vende açaí",Especializado em açaí,RA2_cat_suporte_texto_acai,Categoria 'Ice cream shop' + evidência textual de açaí,nome contém açaí ('Açaíteria Maguari'); ocorrências: 19; categoria: 'Ice cream shop',"Açaíteria Maguari - Av. Principal, 70 - Coqueiro, Belém - PA, 66823-072",Tapanã,Coqueiro,Belém,PA,-1.331217,-48.442043,3.1665,Normal,,,4.7,58,,,https://www.google.com/maps/place/A%C3%A7a%C3%ADteria+Maguari/data=!4m7!3m6!1s0x92a46197a12af091:0xa12c5286bdfd6720!8m2!3d-1.3312171!4d-48.4420428!16s%2Fg%2F11kc3vnptp!19sChIJkfAqoZdhpJIRIGf9vYZSLKE?authuser=0&hl=en&g_ep=EgoyMDI2MDkyMS4wIJJjKgBIAVAD&rclk=1,açaíteria | açaí | casa de açaí | ponto de açaí | açaí delivery | açaí na tigela,"açaíteria no Tapanã, Belém, PA | açaí no Tenoné, Belém, PA | açaíteria no Tenoné, Belém, PA | casa de açaí no Tenoné, Belém, PA | ponto de açaí no Tenoné, Belém, PA | açaí delivery no Tenoné, Belém, PA | açaí no Coqueiro, Belém, PA | açaíteria no Coqueiro, Belém, PA | casa de açaí no Coqueiro, Belém, PA | açaí na tigela no Coqueiro, Belém, PA | açaíteria no Benguí, Belém, PA | açaíteria no São Clemente, Belém, PA | açaíteria no Una, Belém, PA | açaíteria na Cabanagem, Belém, PA | açaí no Parque Guajará, Belém, PA | açaíteria no Parque Guajará, Belém, PA | casa de açaí no Parque Guajará, Belém, PA | ponto de açaí no Parque Guajará, Belém, PA | açaí delivery no Parque Guajará, Belém, PA",Tapanã | Tenoné | Coqueiro | Benguí | São Clemente | Una | Cabanagem | Parque Guajará,19,2026-09-23
ChIJ30DorVhhpJIR1bmz0pjpFyk,2961092122598685141,Açaíteria Premium,Ice cream shop,Açaíteria / Sorveteria,"Categoria de sorvete/gelado, frequentemente vende açaí",Especializado em açaí,RA2_cat_suporte_texto_acai,Categoria 'Ice cream shop' + evidência textual de açaí,nome contém açaí ('Açaíteria Premium'); ocorrências: 5; categoria: 'Ice cream shop',"Açaíteria Premium - Passagem Q.ta Linha - Tenoné, Belém - PA, 66820-160",Tapanã,Tenoné,Belém,PA,-1.330052,-48.439236,3.5042,Normal,91993223003,,0.0,0,,,https://www.google.com/maps/place/A%C3%A7a%C3%ADteria+Premium/data=!4m7!3m6!1s0x92a46158ade840df:0x2917e998d2b3b9d5!8m2!3d-1.3300524!4d-48.4392356!16s%2Fg%2F11whwvgd24!19sChIJ30DorVhhpJIR1bmz0pjpFyk?authuser=0&hl=en&g_ep=EgoyMDI2MDkyMS4wIJJjKgBIAVAD&rclk=1,açaíteria,"açaíteria no Tapanã, Belém, PA | açaíteria no São Clemente, Belém, PA | açaíteria no Una, Belém, PA | açaíteria na Cabanagem, Belém, PA | açaíteria no Parque Guajará, Belém, PA",Tapanã | São Clemente | Una | Cabanagem | Parque Guajará,5,2026-09-23
ChIJffez-2GLpJIRZPM8P2nAP30,9025143736538821476,Açaítería Mister,Açaí shop,Açaíteria / Loja de Açaí,Categoria original indica especialização em açaí,Especializado em açaí,RA_cat_acai_direto,Categoria 'Açaí shop' — evidência forte de especialização,nome contém açaí ('Açaítería Mister'); ocorrências: 7; categoria: 'Açaí shop',"Açaítería Mister - R. Péricles Guedes de Oliveira, 190 - Castanheira, Belém - PA, 66645-290",Tapanã,Revisar,Belém,PA,-1.401915,-48.431998,7.8978,Atenção,91999157135,,4.2,19,,,https://www.google.com/maps/place/A%C3%A7a%C3%ADter%C3%ADa+Mister/data=!4m7!3m6!1s0x92a48b61fbb3f77d:0x7d3fc0693f3cf364!8m2!3d-1.4019155!4d-48.4319984!16s%2Fg%2F11tjpbx5jm!19sChIJffez-2GLpJIRZPM8P2nAP30?authuser=0&hl=en&g_ep=EgoyMDI2MDkyMS4wIJJjKgBIAVAD&rclk=1,açaíteria,"açaíteria no Tapanã, Belém, PA | açaíteria no Tenoné, Belém, PA | açaíteria no Benguí, Belém, PA | açaíteria no São Clemente, Belém, PA | açaíteria no Una, Belém, PA | açaíteria na Cabanagem, Belém, PA | açaíteria no Parque Guajará, Belém, PA",Tapanã | Tenoné | Benguí | São Clemente | Una | Cabanagem | Parque Guajará,7,2026-09-23
ChIJveTCJQBhpJIR3ysUpJx7WAI,169020898724293599,Açaí da Mata - Açaí Artesanal,Açaí shop,Açaíteria / Loja de Açaí,Categoria original indica especialização em açaí,Especializado em açaí,RA_cat_acai_direto,Categoria 'Açaí shop' — evidência forte de especialização,nome contém açaí ('Açaí da Mata - Açaí Artesanal'); ocorrências: 3; categoria: 'Açaí shop',"Açaí da Mata - Açaí Artesanal - Av. Dr. Lopo de Castro, 810B - Icoaraci, Belém - PA, 66833-160",Tapanã,Revisar,Belém,PA,-1.298329,-48.482132,4.9863,Normal,,,3.7,3,,,https://www.google.com/maps/place/A%C3%A7a%C3%AD+da+Mata+-+A%C3%A7a%C3%AD+Artesanal/data=!4m7!3m6!1s0x92a4610025c2e4bd:0x2587b9ca4142bdf!8m2!3d-1.2983293!4d-48.4821318!16s%2Fg%2F11wxv7rsms!19sChIJveTCJQBhpJIR3ysUpJx7WAI?authuser=0&hl=en&g_ep=EgoyMDI2MDkyMS4wIJJjKgBIAVAD&rclk=1,açaíteria,"açaíteria no Tapanã, Belém, PA | açaíteria no Tenoné, Belém, PA | açaíteria no Parque Guajará, Belém, PA",Tapanã | Tenoné | Parque Guajará,3,2026-09-23
ChIJXy5zIfWLpJIRR6HsUSHIl2M,7176424576672112967,"Açaí ta on, Fábrica de Açaí gourmet e Sorveteria",Ice cream shop,Açaíteria / Sorveteria,"Categoria de sorvete/gelado, frequentemente vende açaí",Especializado em açaí,RA2_cat_suporte_texto_acai,Categoria 'Ice cream shop' + evidência textual de açaí,"nome contém açaí ('Açaí ta on, Fábrica de Açaí gourmet e So'); ocorrências: 6; categoria: 'Ice cream shop'","Açaí ta on, Fábrica de Açaí gourmet e Sorveteria - Av. Tavares Bastos, 459 - Souza, Belém - PA, 66615-005",Tapanã,Revisar,Belém,PA,-1.408901,-48.445262,7.9754,Atenção,91980971373,,4.5,21,,,"https://www.google.com/maps/place/A%C3%A7a%C3%AD+ta+on,+F%C3%A1brica+de+A%C3%A7a%C3%AD+gourmet+e+Sorveteria/data=!4m7!3m6!1s0x92a48bf521732e5f:0x6397c82151eca147!8m2!3d-1.4089011!4d-48.4452622!16s%2Fg%2F11vj8ws97y!19sChIJXy5zIfWLpJIRR6HsUSHIl2M?authuser=0&hl=en&g_ep=EgoyMDI2MDkyMS4wIJJjKgBIAVAD&rclk=1",açaíteria,"açaíteria no Tapanã, Belém, PA | açaíteria no Tenoné, Belém, PA | açaíteria no Benguí, Belém, PA | açaíteria no São Clemente, Belém, PA | açaíteria no Una, Belém, PA | açaíteria na Cabanagem, Belém, PA",Tapanã | Tenoné | Benguí | São Clemente | Una | Cabanagem,6,2026-09-23
ChIJ3a2vDhphpJIRMmdM1GKqT4k,9894314247801562930,Açaí Pirâmide,Snack bar,Lanchonete,Lanchonete / petiscos,Especializado em açaí,RA2_cat_suporte_texto_acai,Categoria 'Snack bar' + evidência textual de açaí,nome contém açaí ('Açaí Pirâmide'); ocorrências: 12; categoria: 'Snack bar',"Açaí Pirâmide - Av. Principal, 134-196 - Coqueiro, Belém - PA, 66823-072",Tapanã,Coqueiro,Belém,PA,-1.331635,-48.448472,2.4888,Normal,91981570514,https://partiupedido.com.br/menu-acai-piramide,4.5,273,,,https://www.google.com/maps/place/A%C3%A7a%C3%AD+Pir%C3%A2mide/data=!4m7!3m6!1s0x92a4611a0eafaddd:0x894faa62d44c6732!8m2!3d-1.3316354!4d-48.4484721!16s%2Fg%2F11c0y42b26!19sChIJ3a2vDhphpJIRMmdM1GKqT4k?authuser=0&hl=en&g_ep=EgoyMDI2MDkyMS4wIJJjKgBIAVAD&rclk=1,açaíteria | açaí | casa de açaí | ponto de açaí | açaí delivery | açaí na tigela,"açaíteria no Tapanã, Belém, PA | açaí no Tenoné, Belém, PA | açaíteria no Tenoné, Belém, PA | casa de açaí no Tenoné, Belém, PA | ponto de açaí no Tenoné, Belém, PA | açaí delivery no Tenoné, Belém, PA | açaí na tigela no Coqueiro, Belém, PA | açaí no Parque Guajará, Belém, PA | açaíteria no Parque Guajará, Belém, PA | casa de açaí no Parque Guajará, Belém, PA | ponto de açaí no Parque Guajará, Belém, PA | açaí delivery no Parque Guajará, Belém, PA",Tapanã | Tenoné | Coqueiro | Parque Guajará,12,2026-09-23
ChIJ6ZcWxRhkpJIRT6NJFwpkISQ,2603472054100009807,Cia do Açaí,Food manufacturing supply,Fornecedor / Distribuidor de Alimentos,Fornecedor de insumos alimentícios,Açaí + outro segmento,RB2_nome_acai_cat_outro,Nome contém açaí + categoria 'Food manufacturing supply' indica outro segmento,nome contém açaí ('Cia do Açaí'); ocorrências: 5; categoria: 'Food manufacturing supply',"Cia do Açaí - Travessa São Roque n° 561A - Icoaraci - Cruzeiro, Belém - PA, 66810-020",Tapanã,Revisar,Belém,PA,-1.300176,-48.48443,4.8760,Normal,91980177862,,4.9,16,,,https://www.google.com/maps/place/Cia+do+A%C3%A7a%C3%AD/data=!4m7!3m6!1s0x92a46418c51697e9:0x2421640a1749a34f!8m2!3d-1.3001764!4d-48.4844296!16s%2Fg%2F11bzq39rsd!19sChIJ6ZcWxRhkpJIRT6NJFwpkISQ?authuser=0&hl=en&g_ep=EgoyMDI2MDkyMS4wIJJjKgBIAVAD&rclk=1,açaíteria | açaí delivery,"açaíteria no Tapanã, Belém, PA | açaíteria no Tenoné, Belém, PA | açaíteria no São Clemente, Belém, PA | açaíteria no Parque Guajará, Belém, PA | açaí delivery no Parque Guajará, Belém, PA",Tapanã | Tenoné | São Clemente | Parque Guajará,5,2026-09-23
ChIJzTgSuVxhpJIRQbpgu9NYcf0,18262475630369094209,Açaí da Neia,Açaí shop,Açaíteria / Loja de Açaí,Categoria original indica especialização em açaí,Especializado em açaí,RA_cat_acai_direto,Categoria 'Açaí shop' — evidência forte de especialização,nome contém açaí ('Açaí da Neia'); ocorrências: 10; categoria: 'Açaí shop',"Açaí da Neia - Conjunto ariri bolonha Rua 23 Quadra 49 n° - Coqueiro, Belém - PA, 66000-001",Tapanã,Coqueiro,Belém,PA,-1.351888,-48.436774,3.7502,Normal,,,5.0,2,,,https://www.google.com/maps/place/A%C3%A7a%C3%AD+da+Neia/data=!4m7!3m6!1s0x92a4615cb91238cd:0xfd7158d3bb60ba41!8m2!3d-1.3518884!4d-48.4367736!16s%2Fg%2F11rmcsk0n7!19sChIJzTgSuVxhpJIRQbpgu9NYcf0?authuser=0&hl=en&g_ep=EgoyMDI2MDkyMS4wIJJjKgBIAVAD&rclk=1,açaíteria | casa de açaí | açaí delivery | ponto de açaí,"açaíteria no Tapanã, Belém, PA | açaíteria no Tenoné, Belém, PA | casa de açaí no Tenoné, Belém, PA | açaíteria no São Clemente, Belém, PA | açaíteria no Una, Belém, PA | açaí delivery no Una, Belém, PA | açaíteria na Cabanagem, Belém, PA | casa de açaí na Cabanagem, Belém, PA | ponto de açaí na Cabanagem, Belém, PA | açaíteria no Parque Guajará, Belém, PA",Tapanã | Tenoné | São Clemente | Una | Cabanagem | Parque Guajará,10,2026-09-23
ChIJ9_ThcQBhpJIRtYAKGHKo7gU,427464222629855413,Empório Roxinho,General store,Mercado / Mercearia,Armazém / loja geral,Outro estabelecimento,RC3_cat_generico_sem_evidencia,Categoria 'General store' alimentícia genérica; sem evidência textual de açaí,categoria: 'General store',"Empório Roxinho - R. Bolonha - Tapanã, Belém - PA, 66833-530",Tapanã,Tapanã,Belém,PA,-1.346833,-48.457919,1.3606,Normal,91988738020,,5.0,1,,,https://www.google.com/maps/place/Emp%C3%B3rio+Roxinho/data=!4m7!3m6!1s0x92a4610071e1f4f7:0x5eea872180a80b5!8m2!3d-1.3468332!4d-48.4579192!16s%2Fg%2F11x61d8ny5!19sChIJ9_ThcQBhpJIRtYAKGHKo7gU?authuser=0&hl=en&g_ep=EgoyMDI2MDkyMS4wIJJjKgBIAVAD&rclk=1,açaíteria,"açaíteria no Tapanã, Belém, PA",Tapanã,1,2026-09-23
ChIJDWFGewBfpJIRTD78Tg2eJ10,6712507549615930956,Açaiteria Mestre do Açaí - PAAR,Ice cream shop,Açaíteria / Sorveteria,"Categoria de sorvete/gelado, frequentemente vende açaí",Especializado em açaí,RA2_cat_suporte_texto_acai,Categoria 'Ice cream shop' + evidência textual de açaí,nome contém açaí ('Açaiteria Mestre do Açaí - PAAR'); ocorrências: 5; categoria: 'Ice cream shop',"Açaiteria Mestre do Açaí - PAAR - Estr. do Curuçambá, 28 - Maguari, Ananindeua - PA, 67145-260",Tapanã,Revisar,Belém,PA,-1.334881,-48.388883,8.9052,Atenção,91982438273,,5.0,3,,,https://www.google.com/maps/place/A%C3%A7aiteria+Mestre+do+A%C3%A7a%C3%AD+-+PAAR/data=!4m7!3m6!1s0x92a45f007b46610d:0x5d279e0d4efc3e4c!8m2!3d-1.3348809!4d-48.388883!16s%2Fg%2F11wbnbx3p_!19sChIJDWFGewBfpJIRTD78Tg2eJ10?authuser=0&hl=en&g_ep=EgoyMDI2MDkyMS4wIJJjKgBIAVAD&rclk=1,açaíteria,"açaíteria no Tapanã, Belém, PA | açaíteria no Tenoné, Belém, PA | açaíteria no Una, Belém, PA | açaíteria na Cabanagem, Belém, PA | açaíteria no Parque Guajará, Belém, PA",Tapanã | Tenoné | Una | Cabanagem | Parque Guajará,5,2026-09-23
ChIJJT_v6_NhpJIRb8AKLkEn2XI,8275688951168811119,Açaí do Zé Maria,Food court,Praça de Alimentação / Shopping,Praça de alimentação,Açaí + outro segmento,RB2_nome_acai_cat_outro,Nome contém açaí + categoria 'Food court' indica outro segmento,nome contém açaí ('Açaí do Zé Maria'); ocorrências: 9; categoria: 'Food court',"Próximo a independência - Rod. Mário Covas - Coqueiro, Belém - PA, 67115-000",Tapanã,Coqueiro,Belém,PA,-1.362313,-48.426352,5.2687,Atenção,91992394352,"https://api.whatsapp.com/send?phone=5591992394352&text=Ol%C3%A1,%20tudo%20bem?%20Gostaria%20de%20saber%20o%20pre%C3%A7o%20do%20a%C3%A7a%C3%AD?",5.0,12,,,https://www.google.com/maps/place/A%C3%A7a%C3%AD+do+Z%C3%A9+Maria/data=!4m7!3m6!1s0x92a461f3ebef3f25:0x72d927412e0ac06f!8m2!3d-1.3623129!4d-48.4263516!16s%2Fg%2F11s57mhqs3!19sChIJJT_v6_NhpJIRb8AKLkEn2XI?authuser=0&hl=en&g_ep=EgoyMDI2MDkyMS4wIJJjKgBIAVAD&rclk=1,açaíteria | açaí | açaí delivery,"açaíteria no Tapanã, Belém, PA | açaíteria no Tenoné, Belém, PA | açaíteria no São Clemente, Belém, PA | açaí no Una, Belém, PA | açaíteria no Una, Belém, PA | açaí delivery no Una, Belém, PA | açaíteria na Cabanagem, Belém, PA | açaí delivery na Cabanagem, Belém, PA | açaíteria no Parque Guajará, Belém, PA",Tapanã | Tenoné | São Clemente | Una | Cabanagem | Parque Guajará,9,2026-09-23
ChIJkzq5sxKLpJIRCr-yvL3oY30,9035321179047640842,Açaiteria Pavulagem - Sorvete e Açaí - Pedreira,Ice cream shop,Açaíteria / Sorveteria,"Categoria de sorvete/gelado, frequentemente vende açaí",Especializado em açaí,RA2_cat_suporte_texto_acai,Categoria 'Ice cream shop' + evidência textual de açaí,nome contém açaí ('Açaiteria Pavulagem - Sorvete e Açaí - P'); ocorrências: 3; categoria: 'Ice cream shop',"Açaiteria Pavulagem - Sorvete e Açaí - Pedreira - Passagem E, 98 - Pedreira, Belém - PA, 66083-260",Tapanã,Revisar,Belém,PA,-1.417304,-48.469946,8.4714,Atenção,91982509992,https://beacons.ai/acaiteriapavulagem,5.0,10,,,https://www.google.com/maps/place/A%C3%A7aiteria+Pavulagem+-+Sorvete+e+A%C3%A7a%C3%AD+-+Pedreira/data=!4m7!3m6!1s0x92a48b12b3b93a93:0x7d63e8bdbcb2bf0a!8m2!3d-1.417304!4d-48.4699461!16s%2Fg%2F11xn423f9b!19sChIJkzq5sxKLpJIRCr-yvL3oY30?authuser=0&hl=en&g_ep=EgoyMDI2MDkyMS4wIJJjKgBIAVAD&rclk=1,açaíteria,"açaíteria no Tapanã, Belém, PA | açaíteria no São Clemente, Belém, PA | açaíteria na Cabanagem, Belém, PA",Tapanã | São Clemente | Cabanagem,3,2026-09-23
ChIJ1Yxt_oNhpJIR1VbMIieP2tE,15121556097100175061,Açaí Da Torre,Açaí shop,Açaíteria / Loja de Açaí,Categoria original indica especialização em açaí,Especializado em açaí,RA_cat_acai_direto,Categoria 'Açaí shop' — evidência forte de especialização,nome contém açaí ('Açaí Da Torre'); ocorrências: 3; categoria: 'Açaí shop',"Açaí Da Torre - R. Alacid Nunes, 336 - Tenoné, Belém - PA, 66820-747",Tapanã,Tenoné,Belém,PA,-1.325869,-48.437503,3.8656,Normal,91988295754,,5.0,1,,,https://www.google.com/maps/place/A%C3%A7a%C3%AD+Da+Torre/data=!4m7!3m6!1s0x92a46183fe6d8cd5:0xd1da8f2722cc56d5!8m2!3d-1.3258691!4d-48.4375028!16s%2Fg%2F11x231bypn!19sChIJ1Yxt_oNhpJIR1VbMIieP2tE?authuser=0&hl=en&g_ep=EgoyMDI2MDkyMS4wIJJjKgBIAVAD&rclk=1,açaíteria | casa de açaí,"açaíteria no Tapanã, Belém, PA | açaíteria no Parque Guajará, Belém, PA | casa de açaí no Parque Guajará, Belém, PA",Tapanã | Parque Guajará,3,2026-09-23
ChIJ_UH-gfxnpJIRnk4B_JCQGpY,10816116407461301918,açai karibe,Restaurant,Restaurante,Categoria genérica de restaurante,Açaí + outro segmento,RB2_nome_acai_cat_outro,Nome contém açaí + categoria 'Restaurant' indica outro segmento,nome contém açaí ('açai karibe'); ocorrências: 6; categoria: 'Restaurant',"açai karibe - tv. bom jesus entre 2° e 4° rua da campina n-161. Icoaraci - Campina de Icoaraci, Belém - PA, 66813-385",Tapanã,Revisar,Belém,PA,-1.298518,-48.473253,4.7645,Normal,91998265474,,5.0,3,,,https://www.google.com/maps/place/a%C3%A7ai+karibe/data=!4m7!3m6!1s0x92a467fc81fe41fd:0x961a9090fc014e9e!8m2!3d-1.2985183!4d-48.4732531!16s%2Fg%2F11jlz8czyp!19sChIJ_UH-gfxnpJIRnk4B_JCQGpY?authuser=0&hl=en&g_ep=EgoyMDI2MDkyMS4wIJJjKgBIAVAD&rclk=1,açaíteria | açaí na tigela | açaí delivery,"açaíteria no Tapanã, Belém, PA | açaíteria no Tenoné, Belém, PA | açaí na tigela no Tenoné, Belém, PA | açaí delivery no Tenoné, Belém, PA | açaíteria no Parque Guajará, Belém, PA | açaí delivery no Parque Guajará, Belém, PA",Tapanã | Tenoné | Parque Guajará,6,2026-09-23
ChIJZ04hVZ9mpJIRk_WRL83qVpc,10905161714711524755,Sorveteria Açaiteria Vila Sorriso,Dessert shop,Açaíteria / Doceria,Loja de sobremesas,Especializado em açaí,RA2_cat_suporte_texto_acai,Categoria 'Dessert shop' + evidência textual de açaí,nome contém açaí ('Sorveteria Açaiteria Vila Sorriso'); ocorrências: 2; categoria: 'Dessert shop',"Sorveteria Açaiteria Vila Sorriso - R. Júlio Gomes, 387 - Campina de Icoaraci, Belém - PA, 66813-050",Tapanã,Revisar,Belém,PA,-1.298547,-48.473788,4.7679,Normal,,,0.0,0,,,https://www.google.com/maps/place/Sorveteria+A%C3%A7aiteria+Vila+Sorriso/data=!4m7!3m6!1s0x92a4669f55214e67:0x9756eacd2f91f593!8m2!3d-1.2985471!4d-48.4737883!16s%2Fg%2F11l65z2btw!19sChIJZ04hVZ9mpJIRk_WRL83qVpc?authuser=0&hl=en&g_ep=EgoyMDI2MDkyMS4wIJJjKgBIAVAD&rclk=1,açaíteria,"açaíteria no Tapanã, Belém, PA | açaíteria no Parque Guajará, Belém, PA",Tapanã | Parque Guajará,2,2026-09-23
ChIJBUYbwKCLpJIR51v68VWc1BI,1356881280691231719,Açaiteria Pavulagem - Sorvete e Açaí - Unidade Sacramenta,Ice cream shop,Açaíteria / Sorveteria,"Categoria de sorvete/gelado, frequentemente vende açaí",Especializado em açaí,RA2_cat_suporte_texto_acai,Categoria 'Ice cream shop' + evidência textual de açaí,nome contém açaí ('Açaiteria Pavulagem - Sorvete e Açaí - U'); ocorrências: 4; categoria: 'Ice cream shop',"Açaiteria Pavulagem - Sorvete e Açaí - Unidade Sacramenta - Passagem Vila Nova, 568 - Sacramenta, Belém - PA, 66123-490",Tapanã,Revisar,Belém,PA,-1.409222,-48.469196,7.5718,Atenção,91981802371,https://beacons.ai/acaiteriapavulagem,5.0,1,,,https://www.google.com/maps/place/A%C3%A7aiteria+Pavulagem+-+Sorvete+e+A%C3%A7a%C3%AD+-+Unidade+Sacramenta/data=!4m7!3m6!1s0x92a48ba0c01b4605:0x12d49c55f1fa5be7!8m2!3d-1.4092223!4d-48.4691958!16s%2Fg%2F11z2tlb556!19sChIJBUYbwKCLpJIR51v68VWc1BI?authuser=0&hl=en&g_ep=EgoyMDI2MDkyMS4wIJJjKgBIAVAD&rclk=1,açaíteria,"açaíteria no Tapanã, Belém, PA | açaíteria no São Clemente, Belém, PA | açaíteria no Una, Belém, PA | açaíteria na Cabanagem, Belém, PA",Tapanã | São Clemente | Una | Cabanagem,4,2026-09-23
ChIJu4TZ_09npJIRSmFbnT9_5kQ,4964795550422229322,Sorveteria Açaíteria Vila Sorriso,Ice cream shop,Açaíteria / Sorveteria,"Categoria de sorvete/gelado, frequentemente vende açaí",Especializado em açaí,RA2_cat_suporte_texto_acai,Categoria 'Ice cream shop' + evidência textual de açaí,nome contém açaí ('Sorveteria Açaíteria Vila Sorriso'); ocorrências: 2; categoria: 'Ice cream shop',"Sorveteria Açaíteria Vila Sorriso - R. Oito de Setembro, 163 - Campina de Icoaraci, Belém - PA, 66813-010",Tapanã,Revisar,Belém,PA,-1.298619,-48.474829,4.7749,Normal,,,0.0,0,,,https://www.google.com/maps/place/Sorveteria+A%C3%A7a%C3%ADteria+Vila+Sorriso/data=!4m7!3m6!1s0x92a4674fffd984bb:0x44e67f3f9d5b614a!8m2!3d-1.2986191!4d-48.4748286!16s%2Fg%2F11ssj_cd_r!19sChIJu4TZ_09npJIRSmFbnT9_5kQ?authuser=0&hl=en&g_ep=EgoyMDI2MDkyMS4wIJJjKgBIAVAD&rclk=1,açaíteria,"açaíteria no Tapanã, Belém, PA | açaíteria no Parque Guajará, Belém, PA",Tapanã | Parque Guajará,2,2026-09-23
ChIJJ7A_XPFlpJIR6rEoPqf-0KI,11732157023555989994,Açaíteria & Sorveteria Da Villa,Ice cream shop,Açaíteria / Sorveteria,"Categoria de sorvete/gelado, frequentemente vende açaí",Especializado em açaí,RA2_cat_suporte_texto_acai,Categoria 'Ice cream shop' + evidência textual de açaí,nome contém açaí ('Açaíteria & Sorveteria Da Villa'); ocorrências: 3; categoria: 'Ice cream shop',"Açaíteria & Sorveteria Da Villa - R. Padre Júlio Maria, 341 - Icoaraci - Cruzeiro, Belém - PA, 66810-060",Tapanã,Revisar,Belém,PA,-1.297837,-48.485972,5.1806,Atenção,,https://www.instagram.com/davilla_acaiteria?igsh=eXdya3NnanZpY25x,0.0,0,,,https://www.google.com/maps/place/A%C3%A7a%C3%ADteria+%26+Sorveteria+Da+Villa/data=!4m7!3m6!1s0x92a465f15c3fb027:0xa2d0fea73e28b1ea!8m2!3d-1.2978371!4d-48.4859725!16s%2Fg%2F11z80y29pq!19sChIJJ7A_XPFlpJIR6rEoPqf-0KI?authuser=0&hl=en&g_ep=EgoyMDI2MDkyMS4wIJJjKgBIAVAD&rclk=1,açaíteria,"açaíteria no Tapanã, Belém, PA | açaíteria no Tenoné, Belém, PA | açaíteria no Parque Guajará, Belém, PA",Tapanã | Tenoné | Parque Guajará,3,2026-09-23
ChIJDSQOX0hfpJIRGPMKrVCSjig,2922434083408245528,Açaiteria Black Gold,Ice cream shop,Açaíteria / Sorveteria,"Categoria de sorvete/gelado, frequentemente vende açaí",Especializado em açaí,RA2_cat_suporte_texto_acai,Categoria 'Ice cream shop' + evidência textual de açaí,nome contém açaí ('Açaiteria Black Gold'); ocorrências: 8; categoria: 'Ice cream shop',"Açaiteria Black Gold - Estr. do Maguari, 5 - Maguari, Ananindeua - PA, 67145-200",Tapanã,Revisar,Belém,PA,-1.347962,-48.38451,9.3949,Atenção,91989488438,https://instagram.com/acaiteria_black_gold?utm_medium=copy_link,4.1,49,,,https://www.google.com/maps/place/A%C3%A7aiteria+Black+Gold/data=!4m7!3m6!1s0x92a45f485f0e240d:0x288e9250ad0af318!8m2!3d-1.3479623!4d-48.3845099!16s%2Fg%2F11rtvykqxs!19sChIJDSQOX0hfpJIRGPMKrVCSjig?authuser=0&hl=en&g_ep=EgoyMDI2MDkyMS4wIJJjKgBIAVAD&rclk=1,açaíteria,"açaíteria no Tapanã, Belém, PA | açaíteria no Tenoné, Belém, PA | açaíteria no Coqueiro, Belém, PA | açaíteria no Benguí, Belém, PA | açaíteria no São Clemente, Belém, PA | açaíteria no Una, Belém, PA | açaíteria na Cabanagem, Belém, PA | açaíteria no Parque Guajará, Belém, PA",Tapanã | Tenoné | Coqueiro | Benguí | São Clemente | Una | Cabanagem | Parque Guajará,8,2026-09-23
ChIJZfJ-foWLpJIRhThHPq5DpC8,3432943231611385989,Açaí da pratinha,Organic food store,Loja de Produtos Naturais / Orgânicos,Loja de produtos naturais/orgânicos,Especializado em açaí,RA2_cat_suporte_texto_acai,Categoria 'Organic food store' + evidência textual de açaí,nome contém açaí ('Açaí da pratinha'); ocorrências: 6; categoria: 'Organic food store',"Açaí da pratinha - Passagem nossa senhora - Pratinha, Belém - PA, 66816-020",Pratinha,Pratinha,Belém,PA,-1.354367,-48.47756,1.8210,Normal,91980798043,,0.0,0,,,https://www.google.com/maps/place/A%C3%A7a%C3%AD+da+pratinha/data=!4m7!3m6!1s0x92a48b857e7ef265:0x2fa443ae3e473885!8m2!3d-1.3543669!4d-48.4775605!16s%2Fg%2F11zgd0mcww!19sChIJZfJ-foWLpJIRhThHPq5DpC8?authuser=0&hl=en&g_ep=EgoyMDI2MDkyMS4wIJJjKgBIAVAD&rclk=1,açaí | casa de açaí | ponto de açaí | açaí na tigela | açaí delivery,"açaí na Pratinha, Belém, PA | casa de açaí na Pratinha, Belém, PA | ponto de açaí na Pratinha, Belém, PA | açaí na tigela na Pratinha, Belém, PA | açaí delivery na Pratinha, Belém, PA | ponto de açaí no São Clemente, Belém, PA",Pratinha | São Clemente,6,2026-09-23
ChIJt3VwftNhpJIRu2f3EFdbkAs,833266360568473531,Açaí,Açaí shop,Açaíteria / Loja de Açaí,Categoria original indica especialização em açaí,Especializado em açaí,RA_cat_acai_direto,Categoria 'Açaí shop' — evidência forte de especialização,nome contém açaí ('Açaí'); ocorrências: 6; categoria: 'Açaí shop',"Açaí - Passagem Nossa Sra. das Graças - Pratinha, Belém - PA, 66816-020",Pratinha,Pratinha,Belém,PA,-1.36052,-48.473605,1.2684,Normal,91980798043,,5.0,1,,,https://www.google.com/maps/place/A%C3%A7a%C3%AD/data=!4m7!3m6!1s0x92a461d37e7075b7:0xb905b5710f767bb!8m2!3d-1.3605202!4d-48.4736048!16s%2Fg%2F11yz6w0zq8!19sChIJt3VwftNhpJIRu2f3EFdbkAs?authuser=0&hl=en&g_ep=EgoyMDI2MDkyMS4wIJJjKgBIAVAD&rclk=1,açaí | casa de açaí | ponto de açaí | açaí delivery,"açaí na Pratinha, Belém, PA | casa de açaí na Pratinha, Belém, PA | ponto de açaí na Pratinha, Belém, PA | açaí delivery na Pratinha, Belém, PA | casa de açaí no São Clemente, Belém, PA | ponto de açaí no São Clemente, Belém, PA",Pratinha | São Clemente,6,2026-09-23
ChIJWcDxaABhpJIRCzUgxcLh40A,4675829064787834123,Rua açaí,Housing development,Outro (Não Alimentício),Loteamento,Outro estabelecimento,R0_nome_nao_acai,Nome indica atividade não relacionada a açaí,nome contém açaí ('Rua açaí'); ocorrências: 3; categoria: 'Housing development',"Rua açaí - R. Açaí, 127 - Pratinha, Belém - PA, 66816-870",Pratinha,Pratinha,Belém,PA,-1.358496,-48.472859,1.5069,Normal,,,5.0,1,,,https://www.google.com/maps/place/Rua+a%C3%A7a%C3%AD/data=!4m7!3m6!1s0x92a4610068f1c059:0x40e3e1c2c520350b!8m2!3d-1.3584958!4d-48.4728595!16s%2Fg%2F11wfmt52jb!19sChIJWcDxaABhpJIRCzUgxcLh40A?authuser=0&hl=en&g_ep=EgoyMDI2MDkyMS4wIJJjKgBIAVAD&rclk=1,açaí | ponto de açaí | açaí delivery,"açaí na Pratinha, Belém, PA | ponto de açaí na Pratinha, Belém, PA | açaí delivery na Pratinha, Belém, PA",Pratinha,3,2026-09-23
ChIJH9RbsjdhpJIRynIPdiriWWc,7447232130831053514,Açaí que eu gosto,Grocery store,Mercado / Mercearia,Mercadinho / mercearia,Açaí + outro segmento,RB2_nome_acai_cat_outro,Nome contém açaí + categoria 'Grocery store' indica outro segmento,nome contém açaí ('Açaí que eu gosto'); ocorrências: 5; categoria: 'Grocery store',"Açaí que eu gosto - Passagem Samaúma Q20 L21 - Pratinha, Belém - PA, 66816-216",Pratinha,Pratinha,Belém,PA,-1.363887,-48.467769,1.4369,Normal,91984051491,,4.6,10,,,https://www.google.com/maps/place/A%C3%A7a%C3%AD+que+eu+gosto/data=!4m7!3m6!1s0x92a46137b25bd41f:0x6759e22a760f72ca!8m2!3d-1.3638869!4d-48.4677688!16s%2Fg%2F11jnsz1qqz!19sChIJH9RbsjdhpJIRynIPdiriWWc?authuser=0&hl=en&g_ep=EgoyMDI2MDkyMS4wIJJjKgBIAVAD&rclk=1,açaí | casa de açaí | ponto de açaí | açaí delivery,"açaí na Pratinha, Belém, PA | casa de açaí na Pratinha, Belém, PA | ponto de açaí na Pratinha, Belém, PA | açaí delivery na Pratinha, Belém, PA | açaí delivery no São Clemente, Belém, PA",Pratinha | São Clemente,5,2026-09-23
ChIJfWMP3fFhpJIR31nVWqsYMiY,2752289446519200223,Açai & Cia,Restaurant,Restaurante,Categoria genérica de restaurante,Açaí + outro segmento,RB2_nome_acai_cat_outro,Nome contém açaí + categoria 'Restaurant' indica outro segmento,nome contém açaí ('Açai & Cia'); ocorrências: 2; categoria: 'Restaurant',"Açai & Cia - Tv. São Marcos - Pratinha, Belém - PA, 66816-730",Pratinha,Pratinha,Belém,PA,-1.361558,-48.469226,1.4680,Normal,,,4.5,2,,,https://www.google.com/maps/place/A%C3%A7ai+%26+Cia/data=!4m7!3m6!1s0x92a461f1dd0f637d:0x263218ab5ad559df!8m2!3d-1.3615585!4d-48.4692259!16s%2Fg%2F11hf4rj7yk!19sChIJfWMP3fFhpJIR31nVWqsYMiY?authuser=0&hl=en&g_ep=EgoyMDI2MDkyMS4wIJJjKgBIAVAD&rclk=1,açaí | açaí delivery,"açaí na Pratinha, Belém, PA | açaí delivery na Pratinha, Belém, PA",Pratinha,2,2026-09-23
ChIJ1ZV_LIphpJIR4rGVH9NF0oQ,9570788931186045410,Açaí Da Lú,Restaurant,Restaurante,Categoria genérica de restaurante,Açaí + outro segmento,RB2_nome_acai_cat_outro,Nome contém açaí + categoria 'Restaurant' indica outro segmento,nome contém açaí ('Açaí Da Lú'); ocorrências: 2; categoria: 'Restaurant',"Açaí Da Lú - R. Canaã, 4 - Pratinha, Belém - PA, 66816-125",Pratinha,Pratinha,Belém,PA,-1.353641,-48.47639,1.9150,Normal,,,5.0,3,,,https://www.google.com/maps/place/A%C3%A7a%C3%AD+Da+L%C3%BA/data=!4m7!3m6!1s0x92a4618a2c7f95d5:0x84d245d31f95b1e2!8m2!3d-1.3536409!4d-48.4763901!16s%2Fg%2F11fps5qfz4!19sChIJ1ZV_LIphpJIR4rGVH9NF0oQ?authuser=0&hl=en&g_ep=EgoyMDI2MDkyMS4wIJJjKgBIAVAD&rclk=1,açaí | açaí delivery,"açaí na Pratinha, Belém, PA | açaí delivery na Pratinha, Belém, PA",Pratinha,2,2026-09-23
ChIJ8d0K0KyLpJIR40Gssuo2NhU,1528469505186742755,Açaí Sabor da Ilha,Food manufacturer,Fabricante de Alimentos,Fabricante de alimentos,Açaí + outro segmento,RB2_nome_acai_cat_outro,Nome contém açaí + categoria 'Food manufacturer' indica outro segmento,nome contém açaí ('Açaí Sabor da Ilha'); ocorrências: 2; categoria: 'Food manufacturer',"Açaí Sabor da Ilha - Tv. São Pedro, 8 - Benguí, Belém - PA, 66630-130",Pratinha,Benguí,Belém,PA,-1.374757,-48.455216,2.6550,Normal,91920028942,https://www.instagram.com/acaisabordailhaa/,5.0,1,,,https://www.google.com/maps/place/A%C3%A7a%C3%AD+Sabor+da+Ilha/data=!4m7!3m6!1s0x92a48bacd00addf1:0x153636eab2ac41e3!8m2!3d-1.374757!4d-48.455216!16s%2Fg%2F11zxrjz94f!19sChIJ8d0K0KyLpJIR40Gssuo2NhU?authuser=0&hl=en&g_ep=EgoyMDI2MDkyMS4wIJJjKgBIAVAD&rclk=1,açaí | açaí delivery,"açaí na Pratinha, Belém, PA | açaí delivery na Pratinha, Belém, PA",Pratinha,2,2026-09-23
ChIJR4koWgBhpJIRqPI7r0rlZvY,17755130689885041320,Rua açaí N5,Sheltered housing,Outro (Não Alimentício),Habitação assistida,Outro estabelecimento,R0_nome_nao_acai,Nome indica atividade não relacionada a açaí,nome contém açaí ('Rua açaí N5'); ocorrências: 2; categoria: 'Sheltered housing',"Rua açaí N5 - R. Açaí, 5 - Pratinha, Belém - PA, 66816-870",Pratinha,Pratinha,Belém,PA,-1.35842,-48.472615,1.5265,Normal,,,0.0,0,,,https://www.google.com/maps/place/Rua+a%C3%A7a%C3%AD+N5/data=!4m7!3m6!1s0x92a461005a288947:0xf666e54aaf3bf2a8!8m2!3d-1.3584197!4d-48.4726152!16s%2Fg%2F11yr_wyfx4!19sChIJR4koWgBhpJIRqPI7r0rlZvY?authuser=0&hl=en&g_ep=EgoyMDI2MDkyMS4wIJJjKgBIAVAD&rclk=1,açaí | açaí delivery,"açaí na Pratinha, Belém, PA | açaí delivery na Pratinha, Belém, PA",Pratinha,2,2026-09-23
ChIJ4zmg6IBhpJIR4Xr3npYQSAU,380572407610964705,AÇAI DA MAROCA,Shipping service,Outro (Não Alimentício),Serviço de frete/entrega,Outro estabelecimento,RC1_nome_acai_cat_nao_acai,Categoria 'Shipping service' indica atividade não alimentícia,nome contém açaí ('AÇAI DA MAROCA'); ocorrências: 2; categoria: 'Shipping service',"AÇAI DA MAROCA - Resid. Duas Irmãs Rua Adriele, Passagem da Pratinha, 2 - QD 5 LT 21, Belém - PA, 66800-000",Pratinha,Pratinha,Belém,PA,-1.362343,-48.471303,1.2447,Normal,91983986637,,5.0,1,,,https://www.google.com/maps/place/A%C3%87AI+DA+MAROCA/data=!4m7!3m6!1s0x92a46180e8a039e3:0x54810969ef77ae1!8m2!3d-1.3623433!4d-48.4713035!16s%2Fg%2F11qngz4xgl!19sChIJ4zmg6IBhpJIR4Xr3npYQSAU?authuser=0&hl=en&g_ep=EgoyMDI2MDkyMS4wIJJjKgBIAVAD&rclk=1,açaí | açaí delivery,"açaí na Pratinha, Belém, PA | açaí delivery na Pratinha, Belém, PA",Pratinha,2,2026-09-23
ChIJ03bXfQBhpJIRKtqanIohvmU,7331334122622343722,R. Açaí,Housing complex,Outro (Não Alimentício),Conjunto habitacional / rua,Outro estabelecimento,RC1_nome_acai_cat_nao_acai,Categoria 'Housing complex' indica atividade não alimentícia,nome contém açaí ('R. Açaí'); ocorrências: 2; categoria: 'Housing complex',"R. Açaí - 19 - Pratinha, Belém - PA, 66816-870",Pratinha,Pratinha,Belém,PA,-1.358428,-48.468638,1.7682,Normal,,,3.0,1,,,https://www.google.com/maps/place/R.+A%C3%A7a%C3%AD/data=!4m7!3m6!1s0x92a461007dd776d3:0x65be218a9c9ada2a!8m2!3d-1.3584279!4d-48.4686381!16s%2Fg%2F11lf13mw5k!19sChIJ03bXfQBhpJIRKtqanIohvmU?authuser=0&hl=en&g_ep=EgoyMDI2MDkyMS4wIJJjKgBIAVAD&rclk=1,açaí | açaí delivery,"açaí na Pratinha, Belém, PA | açaí delivery na Pratinha, Belém, PA",Pratinha,2,2026-09-23
ChIJk_ZPF-5hpJIRRc56odzzz_s,18144989552626552389,Acai do Paulo,Restaurant,Restaurante,Categoria genérica de restaurante,Açaí + outro segmento,RB2_nome_acai_cat_outro,Nome contém açaí + categoria 'Restaurant' indica outro segmento,nome contém açaí ('Acai do Paulo'); ocorrências: 2; categoria: 'Restaurant',"Acai do Paulo - Passagem John Engelhard, 19 - Pratinha, Belém - PA, 66816-730",Pratinha,Pratinha,Belém,PA,-1.361224,-48.468066,1.5879,Normal,,,0.0,0,,,https://www.google.com/maps/place/Acai+do+Paulo/data=!4m7!3m6!1s0x92a461ee174ff693:0xfbcff3dca17ace45!8m2!3d-1.3612244!4d-48.4680661!16s%2Fg%2F11zbsgy4r5!19sChIJk_ZPF-5hpJIRRc56odzzz_s?authuser=0&hl=en&g_ep=EgoyMDI2MDkyMS4wIJJjKgBIAVAD&rclk=1,açaí | açaí delivery,"açaí na Pratinha, Belém, PA | açaí delivery na Pratinha, Belém, PA",Pratinha,2,2026-09-23
ChIJ0T7zTwhhpJIRSyNhiODLW7Y,13140320503004734283,AÇAÍ DO TIAGO,Meal delivery,Entrega de Refeições / Delivery,Serviço de delivery de refeições,Açaí + outro segmento,RB2_nome_acai_cat_outro,Nome contém açaí + categoria 'Meal delivery' indica outro segmento,nome contém açaí ('AÇAÍ DO TIAGO'); ocorrências: 2; categoria: 'Meal delivery',"AÇAÍ DO TIAGO - Passagem Boa Vontade, 69 - Pratinha, Belém - PA, 66077-060",Pratinha,Pratinha,Belém,PA,-1.359733,-48.469929,1.5650,Normal,91985377559,,0.0,0,,,https://www.google.com/maps/place/A%C3%87A%C3%8D+DO+TIAGO/data=!4m7!3m6!1s0x92a461084ff33ed1:0xb65bcbe08861234b!8m2!3d-1.3597335!4d-48.4699293!16s%2Fg%2F11zyrp3j0r!19sChIJ0T7zTwhhpJIRSyNhiODLW7Y?authuser=0&hl=en&g_ep=EgoyMDI2MDkyMS4wIJJjKgBIAVAD&rclk=1,açaí | açaí delivery,"açaí na Pratinha, Belém, PA | açaí delivery na Pratinha, Belém, PA",Pratinha,2,2026-09-23
ChIJ-TBFa_FhpJIRG9f80WZliSI,2488631761382987547,Açai Dolouro,,Não informado,Categoria não retornada pelo scraper,Especializado em açaí,RA3_nome_acai_cat_compativel,Nome contém açaí + categoria compatível ou vazia,nome contém açaí ('Açai Dolouro'); ocorrências: 2,"Açai Dolouro - Passagem John Engelhard - Pratinha, Belém - PA, 66816-730",Pratinha,Pratinha,Belém,PA,-1.361503,-48.472207,1.2551,Normal,,,0.0,0,,,https://www.google.com/maps/place/A%C3%A7ai+Dolouro/data=!4m7!3m6!1s0x92a461f16b4530f9:0x22896566d1fcd71b!8m2!3d-1.3615031!4d-48.4722075!16s%2Fg%2F11zh0zk1rl!19sChIJ-TBFa_FhpJIRG9f80WZliSI?authuser=0&hl=en&g_ep=EgoyMDI2MDkyMS4wIJJjKgBIAVAD&rclk=1,açaí | açaí delivery,"açaí na Pratinha, Belém, PA | açaí delivery na Pratinha, Belém, PA",Pratinha,2,2026-09-23
ChIJV9yHLuaJpJIRSMAUbQd8tEM,4878660667685781576,Açaí Pai d'égua,Açaí shop,Açaíteria / Loja de Açaí,Categoria original indica especialização em açaí,Especializado em açaí,RA_cat_acai_direto,Categoria 'Açaí shop' — evidência forte de especialização,nome contém açaí ('Açaí Pai d'égua'); ocorrências: 4; categoria: 'Açaí shop',"Açaí Pai d'égua - Passagem Santo Afonso - Pratinha, Belém - PA, 66816-080",Pratinha,Pratinha,Belém,PA,-1.376901,-48.480925,0.7306,Normal,,,5.0,1,,Dogs allowed,https://www.google.com/maps/place/A%C3%A7a%C3%AD+Pai+d%27%C3%A9gua/data=!4m7!3m6!1s0x92a489e62e87dc57:0x43b47c076d14c048!8m2!3d-1.3769008!4d-48.4809252!16s%2Fg%2F11v9v672p1!19sChIJV9yHLuaJpJIRSMAUbQd8tEM?authuser=0&hl=en&g_ep=EgoyMDI2MDkyMS4wIJJjKgBIAVAD&rclk=1,açaí | casa de açaí | ponto de açaí | açaí delivery,"açaí na Pratinha, Belém, PA | casa de açaí na Pratinha, Belém, PA | ponto de açaí na Pratinha, Belém, PA | açaí delivery na Pratinha, Belém, PA",Pratinha,4,2026-09-23
ChIJObn0ZPZhpJIRRn0m6lXDRJY,10827994177873542470,North Açaí,Food manufacturer,Fabricante de Alimentos,Fabricante de alimentos,Açaí + outro segmento,RB2_nome_acai_cat_outro,Nome contém açaí + categoria 'Food manufacturer' indica outro segmento,nome contém açaí ('North Açaí'); ocorrências: 2; categoria: 'Food manufacturer',"North Açaí - Rod. Arthur Bernardes, 300 - Pratinha, Belém - PA, 66816-000",Pratinha,Pratinha,Belém,PA,-1.361148,-48.476719,1.0860,Normal,91993435475,http://www.northacai.com.br/,4.8,12,,,https://www.google.com/maps/place/North+A%C3%A7a%C3%AD/data=!4m7!3m6!1s0x92a461f664f4b939:0x9644c355ea267d46!8m2!3d-1.3611484!4d-48.4767187!16s%2Fg%2F11gd1wvy9z!19sChIJObn0ZPZhpJIRRn0m6lXDRJY?authuser=0&hl=en&g_ep=EgoyMDI2MDkyMS4wIJJjKgBIAVAD&rclk=1,açaí | açaí delivery,"açaí na Pratinha, Belém, PA | açaí delivery na Pratinha, Belém, PA",Pratinha,2,2026-09-23
ChIJ-2kxH-yJpJIRjtFr2MAlgLE,12790264451927101838,Açaí da vovó e marmitex,Meal delivery,Entrega de Refeições / Delivery,Serviço de delivery de refeições,Açaí + outro segmento,RB2_nome_acai_cat_outro,Nome contém açaí + categoria 'Meal delivery' indica outro segmento,nome contém açaí ('Açaí da vovó e marmitex'); ocorrências: 2; categoria: 'Meal delivery',"Açaí da vovó e marmitex - Nkvo continente 1 Esquina com a, Rod. Arthur Bernardes - Pratinha, Belém - PA, 66816-070",Pratinha,Pratinha,Belém,PA,-1.378335,-48.481009,0.8852,Normal,91992597202,,5.0,3,,,https://www.google.com/maps/place/A%C3%A7a%C3%AD+da+vov%C3%B3+e+marmitex/data=!4m7!3m6!1s0x92a489ec1f3169fb:0xb18025c0d86bd18e!8m2!3d-1.3783351!4d-48.4810086!16s%2Fg%2F11l8cykb7y!19sChIJ-2kxH-yJpJIRjtFr2MAlgLE?authuser=0&hl=en&g_ep=EgoyMDI2MDkyMS4wIJJjKgBIAVAD&rclk=1,açaí | açaí delivery,"açaí na Pratinha, Belém, PA | açaí delivery na Pratinha, Belém, PA",Pratinha,2,2026-09-23
ChIJDWQrB09hpJIRcjIDnsxsBWI,7063171216680628850,Açaí Da Mile,Meal delivery,Entrega de Refeições / Delivery,Serviço de delivery de refeições,Açaí + outro segmento,RB2_nome_acai_cat_outro,Nome contém açaí + categoria 'Meal delivery' indica outro segmento,nome contém açaí ('Açaí Da Mile'); ocorrências: 4; categoria: 'Meal delivery',"Açaí Da Mile - 66825185 - Tapanã, Belém - PA, 66825-185",Pratinha,Tapanã,Belém,PA,-1.353912,-48.476389,1.8852,Normal,91991635898,,0.0,0,,,https://www.google.com/maps/place/A%C3%A7a%C3%AD+Da+Mile/data=!4m7!3m6!1s0x92a4614f072b640d:0x62056ccc9e033272!8m2!3d-1.3539121!4d-48.4763894!16s%2Fg%2F11zd8jcr57!19sChIJDWQrB09hpJIRcjIDnsxsBWI?authuser=0&hl=en&g_ep=EgoyMDI2MDkyMS4wIJJjKgBIAVAD&rclk=1,açaí | açaí delivery,"açaí na Pratinha, Belém, PA | açaí delivery na Pratinha, Belém, PA | açaí delivery no Tenoné, Belém, PA | açaí delivery no São Clemente, Belém, PA",Pratinha | Tenoné | São Clemente,4,2026-09-23
ChIJYfw_RMRhpJIRslHY3WsG-VY,6267047416815964594,Açaí do Gil,Natural goods store,Loja de Produtos Naturais / Orgânicos,Loja de produtos naturais,Especializado em açaí,RA2_cat_suporte_texto_acai,Categoria 'Natural goods store' + evidência textual de açaí,nome contém açaí ('Açaí do Gil'); ocorrências: 5; categoria: 'Natural goods store',"Açaí do Gil - Passagem John Engelhard, 22b - Pratinha, Belém - PA, 66816-030",Pratinha,Pratinha,Belém,PA,-1.361212,-48.466733,1.7025,Normal,91983961763,,4.0,2,,,https://www.google.com/maps/place/A%C3%A7a%C3%AD+do+Gil/data=!4m7!3m6!1s0x92a461c4443ffc61:0x56f9066bddd851b2!8m2!3d-1.3612116!4d-48.4667334!16s%2Fg%2F11q1rlz80_!19sChIJYfw_RMRhpJIRslHY3WsG-VY?authuser=0&hl=en&g_ep=EgoyMDI2MDkyMS4wIJJjKgBIAVAD&rclk=1,açaí | casa de açaí | ponto de açaí | açaí na tigela | açaí delivery,"açaí na Pratinha, Belém, PA | casa de açaí na Pratinha, Belém, PA | ponto de açaí na Pratinha, Belém, PA | açaí na tigela na Pratinha, Belém, PA | açaí delivery na Pratinha, Belém, PA",Pratinha,5,2026-09-23
ChIJfV313SWJpJIRiFKKPL1TiTI,3641533845935379080,B&S ACAI LOJA 2,Açaí shop,Açaíteria / Loja de Açaí,Categoria original indica especialização em açaí,Especializado em açaí,RA_cat_acai_direto,Categoria 'Açaí shop' — evidência forte de especialização,nome contém açaí ('B&S ACAI LOJA 2'); ocorrências: 5; categoria: 'Açaí shop',"B&S ACAI LOJA 2 - Rod. Arthur Bernardes, 217 - box 1 - Pratinha, Belém - PA, 66816-000",Pratinha,Pratinha,Belém,PA,-1.375526,-48.480056,0.5558,Normal,91986200092,,5.0,1,,,https://www.google.com/maps/place/B%26S+ACAI+LOJA+2/data=!4m7!3m6!1s0x92a48925ddf55d7d:0x328953bd3c8a5288!8m2!3d-1.3755257!4d-48.4800557!16s%2Fg%2F11t_sy77cx!19sChIJfV313SWJpJIRiFKKPL1TiTI?authuser=0&hl=en&g_ep=EgoyMDI2MDkyMS4wIJJjKgBIAVAD&rclk=1,açaí | casa de açaí | ponto de açaí | açaí delivery,"açaí na Pratinha, Belém, PA | casa de açaí na Pratinha, Belém, PA | ponto de açaí na Pratinha, Belém, PA | açaí delivery na Pratinha, Belém, PA | casa de açaí no Benguí, Belém, PA",Pratinha | Benguí,5,2026-09-23
ChIJ1aM7dRBhpJIRG1_TkUUpj70,13659181573614034715,Açaí Do João,Açaí shop,Açaíteria / Loja de Açaí,Categoria original indica especialização em açaí,Especializado em açaí,RA_cat_acai_direto,Categoria 'Açaí shop' — evidência forte de especialização,nome contém açaí ('Açaí Do João'); ocorrências: 4; categoria: 'Açaí shop',"Feira da duas irmãs - Passagem Jhon Engelhard, Passagem Alegre - Pratinha, Belém - PA, 66816-030",Pratinha,Pratinha,Belém,PA,-1.362089,-48.471892,1.2241,Normal,91989193858,,0.0,0,,,https://www.google.com/maps/place/A%C3%A7a%C3%AD+Do+Jo%C3%A3o/data=!4m7!3m6!1s0x92a46110753ba3d5:0xbd8f294591d35f1b!8m2!3d-1.3620895!4d-48.4718917!16s%2Fg%2F11s7jsqf9m!19sChIJ1aM7dRBhpJIRG1_TkUUpj70?authuser=0&hl=en&g_ep=EgoyMDI2MDkyMS4wIJJjKgBIAVAD&rclk=1,açaí | casa de açaí | ponto de açaí | açaí delivery,"açaí na Pratinha, Belém, PA | casa de açaí na Pratinha, Belém, PA | ponto de açaí na Pratinha, Belém, PA | açaí delivery na Pratinha, Belém, PA",Pratinha,4,2026-09-23
ChIJ00VeBl5hpJIRUHpEtwFWxG8,8053656599014963792,Açai da Val,Restaurant,Restaurante,Categoria genérica de restaurante,Açaí + outro segmento,RB2_nome_acai_cat_outro,Nome contém açaí + categoria 'Restaurant' indica outro segmento,nome contém açaí ('Açai da Val'); ocorrências: 4; categoria: 'Restaurant',"Açai da Val - Tv. Samauma, 70 - Tapanã, Belém - PA, 66816-221",Pratinha,Tapanã,Belém,PA,-1.360927,-48.467874,1.6258,Normal,,,4.6,5,,,https://www.google.com/maps/place/A%C3%A7ai+da+Val/data=!4m7!3m6!1s0x92a4615e065e45d3:0x6fc45601b7447a50!8m2!3d-1.3609269!4d-48.4678739!16s%2Fg%2F11m7mlkf4d!19sChIJ00VeBl5hpJIRUHpEtwFWxG8?authuser=0&hl=en&g_ep=EgoyMDI2MDkyMS4wIJJjKgBIAVAD&rclk=1,açaí | açaí delivery,"açaí na Pratinha, Belém, PA | açaí delivery na Pratinha, Belém, PA | açaí delivery no Benguí, Belém, PA | açaí delivery no São Clemente, Belém, PA",Pratinha | Benguí | São Clemente,4,2026-09-23
ChIJCSOb8_JhpJIR0iunPPos7C8,3453184467557362642,Passagem Açaí,Bar,Bar,Bar,Outro estabelecimento,R0_nome_nao_acai,Nome indica atividade não relacionada a açaí,nome contém açaí ('Passagem Açaí'); ocorrências: 2; categoria: 'Bar',"Passagem Açaí - 576, Passagem São Vicente, 480 - Pratinha, Belém - PA",Pratinha,Pratinha,Belém,PA,-1.359582,-48.47004,1.5705,Normal,,,3.5,8,,Dogs allowed,https://www.google.com/maps/place/Passagem+A%C3%A7a%C3%AD/data=!4m7!3m6!1s0x92a461f2f39b2309:0x2fec2cfa3ca72bd2!8m2!3d-1.3595823!4d-48.4700403!16s%2Fg%2F11bxg5m10r!19sChIJCSOb8_JhpJIR0iunPPos7C8?authuser=0&hl=en&g_ep=EgoyMDI2MDkyMS4wIJJjKgBIAVAD&rclk=1,açaí | açaí delivery,"açaí na Pratinha, Belém, PA | açaí delivery na Pratinha, Belém, PA",Pratinha,2,2026-09-23
ChIJ5zsutN2JpJIRXDTusYpRZBs,1973792192827634780,Açai da Hora,Snack bar,Lanchonete,Lanchonete / petiscos,Especializado em açaí,RA2_cat_suporte_texto_acai,Categoria 'Snack bar' + evidência textual de açaí,nome contém açaí ('Açai da Hora'); ocorrências: 2; categoria: 'Snack bar',"Açai da Hora - Passagem Novo Continente, N° 34 Box A - Pratinha, Belém - PA, 66816-090",Pratinha,Pratinha,Belém,PA,-1.378265,-48.481322,0.8883,Normal,91993905869,,0.0,0,,,https://www.google.com/maps/place/A%C3%A7ai+da+Hora/data=!4m7!3m6!1s0x92a489ddb42e3be7:0x1b64518ab1ee345c!8m2!3d-1.3782645!4d-48.4813224!16s%2Fg%2F11y5th1ddt!19sChIJ5zsutN2JpJIRXDTusYpRZBs?authuser=0&hl=en&g_ep=EgoyMDI2MDkyMS4wIJJjKgBIAVAD&rclk=1,açaí | açaí delivery,"açaí na Pratinha, Belém, PA | açaí delivery na Pratinha, Belém, PA",Pratinha,2,2026-09-23
ChIJDS1gzCqJpJIRQW72FXjZ2Qw,926010308189122113,Açaí do Nilson,Food court,Praça de Alimentação / Shopping,Praça de alimentação,Açaí + outro segmento,RB2_nome_acai_cat_outro,Nome contém açaí + categoria 'Food court' indica outro segmento,nome contém açaí ('Açaí do Nilson'); ocorrências: 2; categoria: 'Food court',"Açaí do Nilson - Passagem Novo Continente II, 03 - Pratinha l, Belém - PA, 66816-670",Pratinha,Pratinha,Belém,PA,-1.37708,-48.48296,0.8497,Normal,91982513997,,5.0,1,,,https://www.google.com/maps/place/A%C3%A7a%C3%AD+do+Nilson/data=!4m7!3m6!1s0x92a4892acc602d0d:0xcd9d97815f66e41!8m2!3d-1.3770804!4d-48.4829596!16s%2Fg%2F11t9n_jmdx!19sChIJDS1gzCqJpJIRQW72FXjZ2Qw?authuser=0&hl=en&g_ep=EgoyMDI2MDkyMS4wIJJjKgBIAVAD&rclk=1,açaí | açaí delivery,"açaí na Pratinha, Belém, PA | açaí delivery na Pratinha, Belém, PA",Pratinha,2,2026-09-23
ChIJlXmmVgCJpJIRoKP9W5UInFs,6601160591404802976,Império do açaí,,Não informado,Categoria não retornada pelo scraper,Especializado em açaí,RA3_nome_acai_cat_compativel,Nome contém açaí + categoria compatível ou vazia,nome contém açaí ('Império do açaí'); ocorrências: 2,"Império do açaí - Passagem Santo Afonso, 380 - Pratinha, Belém - PA, 66816-080",Pratinha,Pratinha,Belém,PA,-1.374814,-48.48267,0.6316,Normal,,,0.0,0,,,https://www.google.com/maps/place/Imp%C3%A9rio+do+a%C3%A7a%C3%AD/data=!4m7!3m6!1s0x92a4890056a67995:0x5b9c08955bfda3a0!8m2!3d-1.3748139!4d-48.4826696!16s%2Fg%2F11zkxg5fwq!19sChIJlXmmVgCJpJIRoKP9W5UInFs?authuser=0&hl=en&g_ep=EgoyMDI2MDkyMS4wIJJjKgBIAVAD&rclk=1,açaí | açaí delivery,"açaí na Pratinha, Belém, PA | açaí delivery na Pratinha, Belém, PA",Pratinha,2,2026-09-23
ChIJ_figOABhpJIR-Q0HXopI_TE,3602115036086472185,Açaí do baixinho,Grocery store,Mercado / Mercearia,Mercadinho / mercearia,Açaí + outro segmento,RB2_nome_acai_cat_outro,Nome contém açaí + categoria 'Grocery store' indica outro segmento,nome contém açaí ('Açaí do baixinho'); ocorrências: 4; categoria: 'Grocery store',"Próximo a - Passagem São Vicente, 477-371 - Pratinha, Belém - PA, 66816-010",Pratinha,Pratinha,Belém,PA,-1.357563,-48.470634,1.7171,Normal,,,0.0,0,,,https://www.google.com/maps/place/A%C3%A7a%C3%AD+do+baixinho/data=!4m7!3m6!1s0x92a4610038a0f8fd:0x31fd488a5e070df9!8m2!3d-1.3575635!4d-48.4706336!16s%2Fg%2F11yc332qyt!19sChIJ_figOABhpJIR-Q0HXopI_TE?authuser=0&hl=en&g_ep=EgoyMDI2MDkyMS4wIJJjKgBIAVAD&rclk=1,açaí | casa de açaí | ponto de açaí | açaí delivery,"açaí na Pratinha, Belém, PA | casa de açaí na Pratinha, Belém, PA | ponto de açaí na Pratinha, Belém, PA | açaí delivery na Pratinha, Belém, PA",Pratinha,4,2026-09-23
ChIJHfGZWgCJpJIRWNLdVF9XEec,16650185364322767448,Açaí puro sabor 2 sacramenta,Açaí shop,Açaíteria / Loja de Açaí,Categoria original indica especialização em açaí,Especializado em açaí,RA_cat_acai_direto,Categoria 'Açaí shop' — evidência forte de especialização,nome contém açaí ('Açaí puro sabor 2 sacramenta'); ocorrências: 6; categoria: 'Açaí shop',"Açaí puro sabor 2 sacramenta - Tv. Santos - Pratinha, Belém - PA, 66816-246",Pratinha,Pratinha,Belém,PA,-1.362099,-48.472314,1.1946,Normal,,,0.0,0,,,https://www.google.com/maps/place/A%C3%A7a%C3%AD+puro+sabor+2+sacramenta/data=!4m7!3m6!1s0x92a489005a99f11d:0xe711575f54ddd258!8m2!3d-1.3620989!4d-48.4723137!16s%2Fg%2F11lf8p257l!19sChIJHfGZWgCJpJIRWNLdVF9XEec?authuser=0&hl=en&g_ep=EgoyMDI2MDkyMS4wIJJjKgBIAVAD&rclk=1,açaí | casa de açaí | ponto de açaí | açaí delivery,"açaí na Pratinha, Belém, PA | casa de açaí na Pratinha, Belém, PA | ponto de açaí na Pratinha, Belém, PA | açaí delivery na Pratinha, Belém, PA | casa de açaí no São Clemente, Belém, PA | ponto de açaí no São Clemente, Belém, PA",Pratinha | São Clemente,6,2026-09-23
ChIJl6deeIthpJIRdexDrKxA2qc,12095050859625573493,PARÁÇAÍ COMERCIO DE FERRAGENS,Machining manufacturer,Outro (Não Alimentício),Fabricante de máquinas,Outro estabelecimento,R0_nome_nao_acai,Nome indica atividade não relacionada a açaí,ocorrências: 3; categoria: 'Machining manufacturer',"PARÁÇAÍ COMERCIO DE FERRAGENS - R. Imperador, 2 - Galpão 12 - Pratinha, Belém - PA, 66816-390",Pratinha,Pratinha,Belém,PA,-1.355293,-48.474243,1.7851,Normal,9130153535,,4.4,5,,,https://www.google.com/maps/place/PAR%C3%81%C3%87A%C3%8D+COMERCIO+DE+FERRAGENS/data=!4m7!3m6!1s0x92a4618b785ea797:0xa7da40acac43ec75!8m2!3d-1.3552931!4d-48.4742433!16s%2Fg%2F11f2zyr_55!19sChIJl6deeIthpJIRdexDrKxA2qc?authuser=0&hl=en&g_ep=EgoyMDI2MDkyMS4wIJJjKgBIAVAD&rclk=1,açaí | casa de açaí | açaí delivery,"açaí na Pratinha, Belém, PA | casa de açaí na Pratinha, Belém, PA | açaí delivery na Pratinha, Belém, PA",Pratinha,3,2026-09-23
ChIJu8VdBn5hpJIR9HuOMqferxs,1995057969637522420,Açai do Primo,Market,Mercado / Mercearia,Mercado,Açaí + outro segmento,RB2_nome_acai_cat_outro,Nome contém açaí + categoria 'Market' indica outro segmento,nome contém açaí ('Açai do Primo'); ocorrências: 3; categoria: 'Market',"Açai do Primo - Passagem Bom Jesus, 12 - São Clemente, Belém - PA, 66643-870",Pratinha,São Clemente,Belém,PA,-1.360508,-48.464598,1.9391,Normal,91984465687,,4.9,8,,,https://www.google.com/maps/place/A%C3%A7ai+do+Primo/data=!4m7!3m6!1s0x92a4617e065dc5bb:0x1bafdea7328e7bf4!8m2!3d-1.3605078!4d-48.4645983!16s%2Fg%2F11kq8437nb!19sChIJu8VdBn5hpJIR9HuOMqferxs?authuser=0&hl=en&g_ep=EgoyMDI2MDkyMS4wIJJjKgBIAVAD&rclk=1,açaí | açaí delivery,"açaí na Pratinha, Belém, PA | açaí delivery na Pratinha, Belém, PA | açaí no Coqueiro, Belém, PA",Pratinha | Coqueiro,3,2026-09-23
ChIJSXLG5cthpJIRmfGEGovFJhs,1956468289375105433,Point do Açaí,Açaí shop,Açaíteria / Loja de Açaí,Categoria original indica especialização em açaí,Especializado em açaí,RA_cat_acai_direto,Categoria 'Açaí shop' — evidência forte de especialização,nome contém açaí ('Point do Açaí'); ocorrências: 6; categoria: 'Açaí shop',"Point do Açaí - Rod. Arthur Bernardes, 39 - box 02 - Pratinha 1, Belém - PA, 66115-000",Pratinha,Pratinha,Belém,PA,-1.375767,-48.480135,0.5840,Normal,91998373191,,5.0,3,,,https://www.google.com/maps/place/Point+do+A%C3%A7a%C3%AD/data=!4m7!3m6!1s0x92a461cbe5c67249:0x1b26c58b1a84f199!8m2!3d-1.3757672!4d-48.4801353!16s%2Fg%2F11ss7sgvyn!19sChIJSXLG5cthpJIRmfGEGovFJhs?authuser=0&hl=en&g_ep=EgoyMDI2MDkyMS4wIJJjKgBIAVAD&rclk=1,açaí | casa de açaí | ponto de açaí | açaí delivery,"açaí na Pratinha, Belém, PA | casa de açaí na Pratinha, Belém, PA | ponto de açaí na Pratinha, Belém, PA | açaí delivery na Pratinha, Belém, PA | ponto de açaí no Benguí, Belém, PA | ponto de açaí no São Clemente, Belém, PA",Pratinha | Benguí | São Clemente,6,2026-09-23
ChIJzTpYVveJpJIRfZuwkYxxMqY,11975759207685200765,Pede Ai AçaíDelivery,Juice shop,Lanchonete / Sucos e Vitaminas,Loja de sucos,Especializado em açaí,RA2_cat_suporte_texto_acai,Categoria 'Juice shop' + evidência textual de açaí,nome contém açaí ('Pede Ai AçaíDelivery'); ocorrências: 5; categoria: 'Juice shop',"Pede Ai AçaíDelivery - Passagem Horta, 15a - Pratinha, Belém - PA, 66816-110",Pratinha,Pratinha,Belém,PA,-1.379174,-48.482752,1.0419,Normal,91998363683,,4.4,9,,,https://www.google.com/maps/place/Pede+Ai+A%C3%A7a%C3%ADDelivery/data=!4m7!3m6!1s0x92a489f756583acd:0xa632718c91b09b7d!8m2!3d-1.3791737!4d-48.4827516!16s%2Fg%2F11g02tl940!19sChIJzTpYVveJpJIRfZuwkYxxMqY?authuser=0&hl=en&g_ep=EgoyMDI2MDkyMS4wIJJjKgBIAVAD&rclk=1,açaí | casa de açaí | ponto de açaí | açaí delivery,"açaí na Pratinha, Belém, PA | casa de açaí na Pratinha, Belém, PA | ponto de açaí na Pratinha, Belém, PA | açaí delivery na Pratinha, Belém, PA | açaí delivery no São Clemente, Belém, PA",Pratinha | São Clemente,5,2026-09-23
ChIJbzOyjsGJpJIRk8O88ykRV1o,6509690658267906963,AÇAÍ MANIA,Restaurant,Restaurante,Categoria genérica de restaurante,Açaí + outro segmento,RB2_nome_acai_cat_outro,Nome contém açaí + categoria 'Restaurant' indica outro segmento,nome contém açaí ('AÇAÍ MANIA'); ocorrências: 2; categoria: 'Restaurant',"AÇAÍ MANIA - Rua A Prq Arthur Bernardes, 49 - Pratinha, Belém - PA, 66825-105",Pratinha,Pratinha,Belém,PA,-1.37687,-48.481188,0.7375,Normal,,,0.0,0,,,https://www.google.com/maps/place/A%C3%87A%C3%8D+MANIA/data=!4m7!3m6!1s0x92a489c18eb2336f:0x5a571129f3bcc393!8m2!3d-1.3768702!4d-48.4811881!16s%2Fg%2F11h4_dzf03!19sChIJbzOyjsGJpJIRk8O88ykRV1o?authuser=0&hl=en&g_ep=EgoyMDI2MDkyMS4wIJJjKgBIAVAD&rclk=1,açaí | açaí delivery,"açaí na Pratinha, Belém, PA | açaí delivery na Pratinha, Belém, PA",Pratinha,2,2026-09-23
ChIJi_ZEvS1hpJIR-MSia2NQdRk,1834460811161158904,Açai do branco,Restaurant,Restaurante,Categoria genérica de restaurante,Açaí + outro segmento,RB2_nome_acai_cat_outro,Nome contém açaí + categoria 'Restaurant' indica outro segmento,nome contém açaí ('Açai do branco'); ocorrências: 2; categoria: 'Restaurant',"Açai do branco - Al. Aquariquara, 33 - Tapanã, Belém - PA, 66830-630",Pratinha,Tapanã,Belém,PA,-1.3582,-48.463772,2.1691,Normal,,https://acaidobranco.compragora.app/,4.8,16,,,https://www.google.com/maps/place/A%C3%A7ai+do+branco/data=!4m7!3m6!1s0x92a4612dbd44f68b:0x197550636ba2c4f8!8m2!3d-1.3581998!4d-48.4637719!16s%2Fg%2F11ghs9prsn!19sChIJi_ZEvS1hpJIR-MSia2NQdRk?authuser=0&hl=en&g_ep=EgoyMDI2MDkyMS4wIJJjKgBIAVAD&rclk=1,açaí | açaí delivery,"açaí na Pratinha, Belém, PA | açaí delivery na Pratinha, Belém, PA",Pratinha,2,2026-09-23
ChIJW_zpq_FhpJIR5Kjzwk859Ak,717261255394699492,Açaí Sousa,Restaurant,Restaurante,Categoria genérica de restaurante,Açaí + outro segmento,RB2_nome_acai_cat_outro,Nome contém açaí + categoria 'Restaurant' indica outro segmento,nome contém açaí ('Açaí Sousa'); ocorrências: 2; categoria: 'Restaurant',"Açaí Sousa - R. Adriele, 1 - Benguí, Belém - PA, 66630-000",Pratinha,Benguí,Belém,PA,-1.362237,-48.470995,1.2764,Normal,,,0.0,0,,,https://www.google.com/maps/place/A%C3%A7a%C3%AD+Sousa/data=!4m7!3m6!1s0x92a461f1abe9fc5b:0x9f4394fc2f3a8e4!8m2!3d-1.3622371!4d-48.4709946!16s%2Fg%2F11fps6b8vx!19sChIJW_zpq_FhpJIR5Kjzwk859Ak?authuser=0&hl=en&g_ep=EgoyMDI2MDkyMS4wIJJjKgBIAVAD&rclk=1,açaí | açaí delivery,"açaí na Pratinha, Belém, PA | açaí delivery na Pratinha, Belém, PA",Pratinha,2,2026-09-23
ChIJ6SJhO21hpJIRcaO7lW0e3kI,4818322107345380209,Açaí da Margô,Açaí shop,Açaíteria / Loja de Açaí,Categoria original indica especialização em açaí,Especializado em açaí,RA_cat_acai_direto,Categoria 'Açaí shop' — evidência forte de especialização,nome contém açaí ('Açaí da Margô'); ocorrências: 4; categoria: 'Açaí shop',"Açaí da Margô - Rod. Arthur Bernardes, 22 - Pratinha 2, Belém - PA, 66115-000",Pratinha,Pratinha,Belém,PA,-1.353789,-48.477316,1.8872,Normal,,,0.0,0,,,https://www.google.com/maps/place/A%C3%A7a%C3%AD+da+Marg%C3%B4/data=!4m7!3m6!1s0x92a4616d3b6122e9:0x42de1e6d95bba371!8m2!3d-1.3537888!4d-48.477316!16s%2Fg%2F11s5npvvsh!19sChIJ6SJhO21hpJIRcaO7lW0e3kI?authuser=0&hl=en&g_ep=EgoyMDI2MDkyMS4wIJJjKgBIAVAD&rclk=1,açaí | casa de açaí | ponto de açaí | açaí delivery,"açaí na Pratinha, Belém, PA | casa de açaí na Pratinha, Belém, PA | ponto de açaí na Pratinha, Belém, PA | açaí delivery na Pratinha, Belém, PA",Pratinha,4,2026-09-23
ChIJNe4kV9BhpJIRKyI1YSUgzkI,4813820396622389803,ES Fábricação e Manutenção de Máquinas de Açai,Metal services,Outro (Não Alimentício),Serviços de metalurgia,Outro estabelecimento,RC1_nome_acai_cat_nao_acai,Categoria 'Metal services' indica atividade não alimentícia,nome contém açaí ('ES Fábricação e Manutenção de Máquinas d'); ocorrências: 3; categoria: 'Metal services',"Em frente ao Porto Passarão - Rod. Arthur Bernardes, KM 13 - n° 11 - Pratinha, Belém - PA, 66814-000",Pratinha,Pratinha,Belém,PA,-1.355255,-48.477391,1.7241,Normal,91986050299,,5.0,6,,,https://www.google.com/maps/place/ES+F%C3%A1brica%C3%A7%C3%A3o+e+Manuten%C3%A7%C3%A3o+de+M%C3%A1quinas+de+A%C3%A7ai/data=!4m7!3m6!1s0x92a461d05724ee35:0x42ce20256135222b!8m2!3d-1.3552555!4d-48.4773911!16s%2Fg%2F11sv2kjvr9!19sChIJNe4kV9BhpJIRKyI1YSUgzkI?authuser=0&hl=en&g_ep=EgoyMDI2MDkyMS4wIJJjKgBIAVAD&rclk=1,açaí | casa de açaí | açaí delivery,"açaí na Pratinha, Belém, PA | casa de açaí na Pratinha, Belém, PA | açaí delivery na Pratinha, Belém, PA",Pratinha,3,2026-09-23
ChIJ25X81MhhpJIR6guMuGaYtWE,7040701159413910506,AÇAÍ DO JHON,Food manufacturing supply,Fornecedor / Distribuidor de Alimentos,Fornecedor de insumos alimentícios,Açaí + outro segmento,RB2_nome_acai_cat_outro,Nome contém açaí + categoria 'Food manufacturing supply' indica outro segmento,nome contém açaí ('AÇAÍ DO JHON'); ocorrências: 2; categoria: 'Food manufacturing supply',"AÇAÍ DO JHON - Passagem john Engelhard N° 95 Pratinha 2, Passagem John Engelhard, 95 - Pratinha, Belém - PA, 66816-730",Pratinha,Pratinha,Belém,PA,-1.361439,-48.470045,1.4133,Normal,91992031092,,0.0,0,,,https://www.google.com/maps/place/A%C3%87A%C3%8D+DO+JHON/data=!4m7!3m6!1s0x92a461c8d4fc95db:0x61b59866b88c0bea!8m2!3d-1.3614391!4d-48.470045!16s%2Fg%2F11ly_pk2lw!19sChIJ25X81MhhpJIR6guMuGaYtWE?authuser=0&hl=en&g_ep=EgoyMDI2MDkyMS4wIJJjKgBIAVAD&rclk=1,açaí | açaí delivery,"açaí na Pratinha, Belém, PA | açaí delivery na Pratinha, Belém, PA",Pratinha,2,2026-09-23
ChIJxTxenO1hpJIR7UuTt-P0HNY,15428475682339113965,Açai 2 Irmãos,Restaurant,Restaurante,Categoria genérica de restaurante,Açaí + outro segmento,RB2_nome_acai_cat_outro,Nome contém açaí + categoria 'Restaurant' indica outro segmento,nome contém açaí ('Açai 2 Irmãos'); ocorrências: 3; categoria: 'Restaurant',"Açai 2 Irmãos - Pratinha, Belém - PA, 66816-640",Pratinha,Pratinha,Belém,PA,-1.358877,-48.467937,1.7815,Normal,,,5.0,1,,,https://www.google.com/maps/place/A%C3%A7ai+2+Irm%C3%A3os/data=!4m7!3m6!1s0x92a461ed9c5e3cc5:0xd61cf4e3b7934bed!8m2!3d-1.3588773!4d-48.4679369!16s%2Fg%2F11j7dddwrx!19sChIJxTxenO1hpJIR7UuTt-P0HNY?authuser=0&hl=en&g_ep=EgoyMDI2MDkyMS4wIJJjKgBIAVAD&rclk=1,açaí | açaí delivery,"açaí na Pratinha, Belém, PA | açaí delivery na Pratinha, Belém, PA | açaí delivery no São Clemente, Belém, PA",Pratinha | São Clemente,3,2026-09-23
ChIJE0sNCg6KpJIRv-fnH3n7L7Y,13127987936453191615,Açaí Do Pinto,Restaurant,Restaurante,Categoria genérica de restaurante,Açaí + outro segmento,RB2_nome_acai_cat_outro,Nome contém açaí + categoria 'Restaurant' indica outro segmento,nome contém açaí ('Açaí Do Pinto'); ocorrências: 3; categoria: 'Restaurant',"Açaí Do Pinto - R. Ajax de Oliveira, 568 - Benguí, Belém - PA, 66630-000",Pratinha,Benguí,Belém,PA,-1.378038,-48.463832,1.8484,Normal,,,5.0,2,,,https://www.google.com/maps/place/A%C3%A7a%C3%AD+Do+Pinto/data=!4m7!3m6!1s0x92a48a0e0a0d4b13:0xb62ffb791fe7e7bf!8m2!3d-1.378038!4d-48.4638321!16s%2Fg%2F11h8l1p1h0!19sChIJE0sNCg6KpJIRv-fnH3n7L7Y?authuser=0&hl=en&g_ep=EgoyMDI2MDkyMS4wIJJjKgBIAVAD&rclk=1,açaí | açaí delivery,"açaí na Pratinha, Belém, PA | açaí delivery na Pratinha, Belém, PA | açaí delivery no Benguí, Belém, PA",Pratinha | Benguí,3,2026-09-23
ChIJld7_SlqLpJIRXsZNGPTJpeQ,16475796862021781086,Açaí do Rocha,Restaurant,Restaurante,Categoria genérica de restaurante,Açaí + outro segmento,RB2_nome_acai_cat_outro,Nome contém açaí + categoria 'Restaurant' indica outro segmento,nome contém açaí ('Açaí do Rocha'); ocorrências: 2; categoria: 'Restaurant',"Açaí do Rocha - Tv. Seis, 01 - Mangueirão, Belém - PA, 66640-310",Pratinha,Revisar,Belém,PA,-1.381952,-48.459611,2.4684,Normal,,,4.7,14,,,https://www.google.com/maps/place/A%C3%A7a%C3%AD+do+Rocha/data=!4m7!3m6!1s0x92a48b5a4affde95:0xe4a5c9f4184dc65e!8m2!3d-1.3819521!4d-48.4596111!16s%2Fg%2F11h42ykh0f!19sChIJld7_SlqLpJIRXsZNGPTJpeQ?authuser=0&hl=en&g_ep=EgoyMDI2MDkyMS4wIJJjKgBIAVAD&rclk=1,açaí | açaí delivery,"açaí na Pratinha, Belém, PA | açaí delivery na Pratinha, Belém, PA",Pratinha,2,2026-09-23
ChIJN2h54YCLpJIRjjJPrdPOqlw,6677376806071251598,Rota do Açaí,Restaurant,Restaurante,Categoria genérica de restaurante,Açaí + outro segmento,RB2_nome_acai_cat_outro,Nome contém açaí + categoria 'Restaurant' indica outro segmento,nome contém açaí ('Rota do Açaí'); ocorrências: 4; categoria: 'Restaurant',"Rota do Açaí - R. Ajax de Oliveira, 126 - Benguí, Belém - PA, 66630-000",Pratinha,Benguí,Belém,PA,-1.376523,-48.457499,2.4497,Normal,91985149608,,5.0,1,,,https://www.google.com/maps/place/Rota+do+A%C3%A7a%C3%AD/data=!4m7!3m6!1s0x92a48b80e1796837:0x5caaced3ad4f328e!8m2!3d-1.3765232!4d-48.4574989!16s%2Fg%2F11mw8jby01!19sChIJN2h54YCLpJIRjjJPrdPOqlw?authuser=0&hl=en&g_ep=EgoyMDI2MDkyMS4wIJJjKgBIAVAD&rclk=1,açaí | açaí delivery,"açaí na Pratinha, Belém, PA | açaí delivery na Pratinha, Belém, PA | açaí delivery no Benguí, Belém, PA | açaí delivery no São Clemente, Belém, PA",Pratinha | Benguí | São Clemente,4,2026-09-23
ChIJ6W5FcgBhpJIRgmdl_tpiYPo,18041528799956658050,AÇAÍ DU BOM,Açaí shop,Açaíteria / Loja de Açaí,Categoria original indica especialização em açaí,Especializado em açaí,RA_cat_acai_direto,Categoria 'Açaí shop' — evidência forte de especialização,nome contém açaí ('AÇAÍ DU BOM'); ocorrências: 7; categoria: 'Açaí shop',"AÇAÍ DU BOM - R. São João Batista, 126 - Tapanã, Belém - PA, 67125-065",Pratinha,Tapanã,Belém,PA,-1.352741,-48.464998,2.5151,Normal,,,5.0,4,,,https://www.google.com/maps/place/A%C3%87A%C3%8D+DU+BOM/data=!4m7!3m6!1s0x92a4610072456ee9:0xfa6062dafe656782!8m2!3d-1.3527409!4d-48.4649981!16s%2Fg%2F11vx1b2x82!19sChIJ6W5FcgBhpJIRgmdl_tpiYPo?authuser=0&hl=en&g_ep=EgoyMDI2MDkyMS4wIJJjKgBIAVAD&rclk=1,açaí | ponto de açaí | açaí delivery | casa de açaí,"açaí na Pratinha, Belém, PA | ponto de açaí na Pratinha, Belém, PA | açaí delivery na Pratinha, Belém, PA | casa de açaí no Coqueiro, Belém, PA | ponto de açaí no Coqueiro, Belém, PA | casa de açaí no São Clemente, Belém, PA | ponto de açaí no São Clemente, Belém, PA",Pratinha | Coqueiro | São Clemente,7,2026-09-23
ChIJHeOXgjdhpJIR-wGiLlSjPTQ,3764344445506552315,Papa açai,Restaurant,Restaurante,Categoria genérica de restaurante,Açaí + outro segmento,RB2_nome_acai_cat_outro,Nome contém açaí + categoria 'Restaurant' indica outro segmento,nome contém açaí ('Papa açai'); ocorrências: 4; categoria: 'Restaurant',"Papa açai - R. Acapú - Tapanã, Belém - PA, 66830-670",Pratinha,Tapanã,Belém,PA,-1.35723,-48.464764,2.1591,Normal,,,4.3,10,,,https://www.google.com/maps/place/Papa+a%C3%A7ai/data=!4m7!3m6!1s0x92a461378297e31d:0x343da3542ea201fb!8m2!3d-1.3572297!4d-48.4647644!16s%2Fg%2F11gxns71xb!19sChIJHeOXgjdhpJIR-wGiLlSjPTQ?authuser=0&hl=en&g_ep=EgoyMDI2MDkyMS4wIJJjKgBIAVAD&rclk=1,açaí | açaí delivery,"açaí na Pratinha, Belém, PA | açaí delivery na Pratinha, Belém, PA | açaí no Coqueiro, Belém, PA | açaí delivery no Coqueiro, Belém, PA",Pratinha | Coqueiro,4,2026-09-23
ChIJM9qIx0CLpJIRLT9XlVL8c7k,13363301950961434413,Açaizeiros Pavulagem - Loja Cristal,Brazilian pastelaria,Lanchonete,Pastelaria,Açaí + outro segmento,RB2_nome_acai_cat_outro,Nome contém açaí + categoria 'Brazilian pastelaria' indica outro segmento,nome contém açaí ('Açaizeiros Pavulagem - Loja Cristal'); ocorrências: 2; categoria: 'Brazilian pastelaria',"Açaizeiros Pavulagem - Loja Cristal - Av. Centenário, 2000 - Mangueirão, Belém - PA, 66630-278",Pratinha,Revisar,Belém,PA,-1.385934,-48.459728,2.7096,Normal,,,4.0,4,,,https://www.google.com/maps/place/A%C3%A7aizeiros+Pavulagem+-+Loja+Cristal/data=!4m7!3m6!1s0x92a48b40c788da33:0xb973fc5295573f2d!8m2!3d-1.385934!4d-48.4597277!16s%2Fg%2F11l5ltpccp!19sChIJM9qIx0CLpJIRLT9XlVL8c7k?authuser=0&hl=en&g_ep=EgoyMDI2MDkyMS4wIJJjKgBIAVAD&rclk=1,açaí | açaí delivery,"açaí na Pratinha, Belém, PA | açaí delivery na Pratinha, Belém, PA",Pratinha,2,2026-09-23
ChIJM_A2bwBhpJIRS0gkz7GAlgs,834996282096633931,Pratinha 2,Store,Loja / Comércio,Loja genérica,Outro estabelecimento,RC3_cat_generico_sem_evidencia,Categoria 'Store' alimentícia genérica; sem evidência textual de açaí,categoria: 'Store',"Pratinha 2 - Pratinha, Belém - PA, 66816-730",Pratinha,Pratinha,Belém,PA,-1.361546,-48.476639,1.0447,Normal,,,0.0,0,,,https://www.google.com/maps/place/Pratinha+2/data=!4m7!3m6!1s0x92a461006f36f033:0xb9680b1cf24484b!8m2!3d-1.3615458!4d-48.4766388!16s%2Fg%2F11njyr6jx2!19sChIJM_A2bwBhpJIRS0gkz7GAlgs?authuser=0&hl=en&g_ep=EgoyMDI2MDkyMS4wIJJjKgBIAVAD&rclk=1,casa de açaí,"casa de açaí na Pratinha, Belém, PA",Pratinha,1,2026-09-23
ChIJA6QSipJhpJIR1ElKvJJuj_s,18126828601692801492,Açai da neila,Açaí shop,Açaíteria / Loja de Açaí,Categoria original indica especialização em açaí,Especializado em açaí,RA_cat_acai_direto,Categoria 'Açaí shop' — evidência forte de especialização,nome contém açaí ('Açai da neila'); ocorrências: 2; categoria: 'Açaí shop',"Açai da neila - Rod. Arthur Bernardes, 2 - Pratinha, Belém - PA, 66816-150",Pratinha,Pratinha,Belém,PA,-1.344536,-48.47816,2.9101,Normal,93940040404,,0.0,0,,,https://www.google.com/maps/place/A%C3%A7ai+da+neila/data=!4m7!3m6!1s0x92a461928a12a403:0xfb8f6e92bc4a49d4!8m2!3d-1.344536!4d-48.4781597!16s%2Fg%2F11sn87d07q!19sChIJA6QSipJhpJIR1ElKvJJuj_s?authuser=0&hl=en&g_ep=EgoyMDI2MDkyMS4wIJJjKgBIAVAD&rclk=1,casa de açaí | ponto de açaí,"casa de açaí na Pratinha, Belém, PA | ponto de açaí na Pratinha, Belém, PA",Pratinha,2,2026-09-23
ChIJJzi8JgBhpJIR1GRYC2bwLzA,3472258158793614548,Assembleia de Deus Ministerio Casa do Oleiro,Church,Outro (Não Alimentício),Igreja,Outro estabelecimento,R0_nome_nao_acai,Nome indica atividade não relacionada a açaí,categoria: 'Church',"Assembleia de Deus Ministerio Casa do Oleiro - Rua Açai 127 Pratinha 2, Belém - PA, 66816-870",Pratinha,Pratinha,Belém,PA,-1.358515,-48.472381,1.5289,Normal,,,5.0,2,,,https://www.google.com/maps/place/Assembleia+de+Deus+Ministerio+Casa+do+Oleiro/data=!4m7!3m6!1s0x92a4610026bc3827:0x302ff0660b5864d4!8m2!3d-1.3585151!4d-48.4723807!16s%2Fg%2F11lv260z29!19sChIJJzi8JgBhpJIR1GRYC2bwLzA?authuser=0&hl=en&g_ep=EgoyMDI2MDkyMS4wIJJjKgBIAVAD&rclk=1,casa de açaí,"casa de açaí na Pratinha, Belém, PA",Pratinha,1,2026-09-23
ChIJFejiQO9hpJIRwma7TbP2034,9138919318828574402,Açaí Do Bijú,Açaí shop,Açaíteria / Loja de Açaí,Categoria original indica especialização em açaí,Especializado em açaí,RA_cat_acai_direto,Categoria 'Açaí shop' — evidência forte de especialização,nome contém açaí ('Açaí Do Bijú'); ocorrências: 2; categoria: 'Açaí shop',"Açaí Do Bijú - R. São Clemente - São Clemente, Belém - PA, 66816-214",Pratinha,São Clemente,Belém,PA,-1.363327,-48.464776,1.7567,Normal,,,5.0,6,,,https://www.google.com/maps/place/A%C3%A7a%C3%AD+Do+Bij%C3%BA/data=!4m7!3m6!1s0x92a461ef40e2e815:0x7ed3f6b34dbb66c2!8m2!3d-1.3633269!4d-48.4647761!16s%2Fg%2F11h8l1hs2p!19sChIJFejiQO9hpJIRwma7TbP2034?authuser=0&hl=en&g_ep=EgoyMDI2MDkyMS4wIJJjKgBIAVAD&rclk=1,ponto de açaí | açaí delivery,"ponto de açaí na Pratinha, Belém, PA | açaí delivery no São Clemente, Belém, PA",Pratinha | São Clemente,2,2026-09-23
ChIJhVy6pHFhpJIRO7bSuTOUW6w,12419683347286111803,Point do Açaí Tenoné,Organic food store,Loja de Produtos Naturais / Orgânicos,Loja de produtos naturais/orgânicos,Especializado em açaí,RA2_cat_suporte_texto_acai,Categoria 'Organic food store' + evidência textual de açaí,nome contém açaí ('Point do Açaí Tenoné'); ocorrências: 4; categoria: 'Organic food store',"Point do Açaí Tenoné - Tv. WE 02, QD C - Tenoné, Belém - PA, 66820-004",Tenoné,Tenoné,Belém,PA,-1.322126,-48.435081,0.3502,Normal,91992129704,,5.0,42,,,https://www.google.com/maps/place/Point+do+A%C3%A7a%C3%AD+Tenon%C3%A9/data=!4m7!3m6!1s0x92a46171a4ba5c85:0xac5b9433b9d2b63b!8m2!3d-1.3221256!4d-48.4350811!16s%2Fg%2F11x5wszxmc!19sChIJhVy6pHFhpJIRO7bSuTOUW6w?authuser=0&hl=en&g_ep=EgoyMDI2MDkyMS4wIJJjKgBIAVAD&rclk=1,açaí | ponto de açaí | casa de açaí,"açaí no Tenoné, Belém, PA | ponto de açaí no Coqueiro, Belém, PA | açaí no Parque Guajará, Belém, PA | casa de açaí no Parque Guajará, Belém, PA",Tenoné | Coqueiro | Parque Guajará,4,2026-09-23
ChIJoaamO8hhpJIRso21ab0-FKc,12039316687111425458,King Açaí,Açaí shop,Açaíteria / Loja de Açaí,Categoria original indica especialização em açaí,Especializado em açaí,RA_cat_acai_direto,Categoria 'Açaí shop' — evidência forte de especialização,nome contém açaí ('King Açaí'); ocorrências: 3; categoria: 'Açaí shop',"Esquina com a - Rua das Laranjeiras, N 2, Passagem Sexta Linha, do - Tenoné, Belém - PA, 66820-866",Tenoné,Tenoné,Belém,PA,-1.317737,-48.436318,0.6678,Normal,91996011820,,5.0,7,,,https://www.google.com/maps/place/King+A%C3%A7a%C3%AD/data=!4m7!3m6!1s0x92a461c83ba6a6a1:0xa7143ebd69b58db2!8m2!3d-1.3177374!4d-48.4363185!16s%2Fg%2F11p10dghtx!19sChIJoaamO8hhpJIRso21ab0-FKc?authuser=0&hl=en&g_ep=EgoyMDI2MDkyMS4wIJJjKgBIAVAD&rclk=1,açaí | açaíteria | casa de açaí,"açaí no Tenoné, Belém, PA | açaíteria no Parque Guajará, Belém, PA | casa de açaí no Parque Guajará, Belém, PA",Tenoné | Parque Guajará,3,2026-09-23
ChIJxbBTLCdhpJIR7Om7u5Gp7wI,211574150894709228,AÇAI KARIBE,,Não informado,Categoria não retornada pelo scraper,Especializado em açaí,RA3_nome_acai_cat_compativel,Nome contém açaí + categoria compatível ou vazia,nome contém açaí ('AÇAI KARIBE'); ocorrências: 6,"AÇAI KARIBE - Passagem Q.ta Linha - Tenoné, Belém - PA, 66820-160",Tenoné,Tenoné,Belém,PA,-1.323358,-48.4408,0.3229,Normal,,,0.0,0,,,https://www.google.com/maps/place/A%C3%87AI+KARIBE/data=!4m7!3m6!1s0x92a461272c53b0c5:0x2efa991bbbbe9ec!8m2!3d-1.3233582!4d-48.4407999!16s%2Fg%2F11lp52g5yp!19sChIJxbBTLCdhpJIR7Om7u5Gp7wI?authuser=0&hl=en&g_ep=EgoyMDI2MDkyMS4wIJJjKgBIAVAD&rclk=1,açaí | açaíteria | casa de açaí | ponto de açaí | açaí na tigela | açaí delivery,"açaí no Tenoné, Belém, PA | açaíteria no Tenoné, Belém, PA | casa de açaí no Tenoné, Belém, PA | ponto de açaí no Tenoné, Belém, PA | açaí na tigela no Tenoné, Belém, PA | açaí delivery no Tenoné, Belém, PA",Tenoné,6,2026-09-23
ChIJSx4Hj5JhpJIRUk6GZuJ-qAk,695945653276528210,Açaí do Abraão,Restaurant,Restaurante,Categoria genérica de restaurante,Açaí + outro segmento,RB2_nome_acai_cat_outro,Nome contém açaí + categoria 'Restaurant' indica outro segmento,nome contém açaí ('Açaí do Abraão'); ocorrências: 4; categoria: 'Restaurant',"Açaí do Abraão - Tv. We 9 Cj Satelite, 656 - Coqueiro, Belém - PA, 66670-230",Tenoné,Coqueiro,Belém,PA,-1.340731,-48.443412,2.0083,Normal,,,4.9,23,,,https://www.google.com/maps/place/A%C3%A7a%C3%AD+do+Abra%C3%A3o/data=!4m7!3m6!1s0x92a461928f071e4b:0x9a87ee266864e52!8m2!3d-1.3407305!4d-48.4434117!16s%2Fg%2F11hyxsppy6!19sChIJSx4Hj5JhpJIRUk6GZuJ-qAk?authuser=0&hl=en&g_ep=EgoyMDI2MDkyMS4wIJJjKgBIAVAD&rclk=1,açaí | açaí delivery,"açaí no Tenoné, Belém, PA | açaí delivery no Tenoné, Belém, PA | açaí no Parque Guajará, Belém, PA | açaí delivery no Parque Guajará, Belém, PA",Tenoné | Parque Guajará,4,2026-09-23
ChIJCUfVmBdhpJIRFVNn8rnD6gY,498425912181084949,DISTRIBUIDORA DE AÇAÍ E FARINHA SOARES,Food products supplier,Fornecedor / Distribuidor de Alimentos,Fornecedor de produtos alimentícios,Açaí + outro segmento,RB2_nome_acai_cat_outro,Nome contém açaí + categoria 'Food products supplier' indica outro segmento,nome contém açaí ('DISTRIBUIDORA DE AÇAÍ E FARINHA SOARES'); ocorrências: 4; categoria: 'Food products supplier',"DISTRIBUIDORA DE AÇAÍ E FARINHA SOARES - Avenida Augusto Montenegro, 8 Parque Guajara - Icoaraci, Belém - PA, 66821-030",Tenoné,Parque Guajará,Belém,PA,-1.328923,-48.449893,1.4618,Normal,91991568351,https://www.partiupedido.com.br/menu-distribuidora-soares,3.8,13,,,https://www.google.com/maps/place/DISTRIBUIDORA+DE+A%C3%87A%C3%8D+E+FARINHA+SOARES/data=!4m7!3m6!1s0x92a4611798d54709:0x6eac3b9f2675315!8m2!3d-1.3289234!4d-48.4498934!16s%2Fg%2F11jx4qr70f!19sChIJCUfVmBdhpJIRFVNn8rnD6gY?authuser=0&hl=en&g_ep=EgoyMDI2MDkyMS4wIJJjKgBIAVAD&rclk=1,açaí | açaí delivery,"açaí no Tenoné, Belém, PA | açaí delivery no Tenoné, Belém, PA | açaí delivery no Coqueiro, Belém, PA | açaí delivery no Parque Guajará, Belém, PA",Tenoné | Coqueiro | Parque Guajará,4,2026-09-23
ChIJWYoIj-FgpJIRaxzC7NM_Xpw,11267513497170353259,Açaí do Juruba,Restaurant,Restaurante,Categoria genérica de restaurante,Açaí + outro segmento,RB2_nome_acai_cat_outro,Nome contém açaí + categoria 'Restaurant' indica outro segmento,nome contém açaí ('Açaí do Juruba'); ocorrências: 4; categoria: 'Restaurant',"Açaí do Juruba - Av. Principal - Coqueiro, Belém - PA, 66823-072",Tenoné,Coqueiro,Belém,PA,-1.330379,-48.437043,0.7674,Normal,91993546521,,5.0,1,,,https://www.google.com/maps/place/A%C3%A7a%C3%AD+do+Juruba/data=!4m7!3m6!1s0x92a460e18f088a59:0x9c5e3fd3ecc21c6b!8m2!3d-1.3303792!4d-48.4370432!16s%2Fg%2F11h9cx0llz!19sChIJWYoIj-FgpJIRaxzC7NM_Xpw?authuser=0&hl=en&g_ep=EgoyMDI2MDkyMS4wIJJjKgBIAVAD&rclk=1,açaí | açaí delivery,"açaí no Tenoné, Belém, PA | açaí delivery no Tenoné, Belém, PA | açaí no Parque Guajará, Belém, PA | açaí delivery no Parque Guajará, Belém, PA",Tenoné | Parque Guajará,4,2026-09-23
ChIJOfOcYgBhpJIRMIzw0tYKj8M,14091493676843830320,Açaí Puro sabor,Açaí shop,Açaíteria / Loja de Açaí,Categoria original indica especialização em açaí,Especializado em açaí,RA_cat_acai_direto,Categoria 'Açaí shop' — evidência forte de especialização,nome contém açaí ('Açaí Puro sabor'); ocorrências: 4; categoria: 'Açaí shop',"Conjunto Maguari - Av. Principal - Coqueiro, Belém - PA, 66823-095",Tenoné,Coqueiro,Belém,PA,-1.329282,-48.432431,0.8824,Normal,,,0.0,0,,,https://www.google.com/maps/place/A%C3%A7a%C3%AD+Puro+sabor/data=!4m7!3m6!1s0x92a46100629cf339:0xc38f0ad6d2f08c30!8m2!3d-1.3292818!4d-48.4324313!16s%2Fg%2F11ntc6skwc!19sChIJOfOcYgBhpJIRMIzw0tYKj8M?authuser=0&hl=en&g_ep=EgoyMDI2MDkyMS4wIJJjKgBIAVAD&rclk=1,açaí | casa de açaí | ponto de açaí,"açaí no Tenoné, Belém, PA | casa de açaí no Tenoné, Belém, PA | ponto de açaí no Tenoné, Belém, PA | casa de açaí no Parque Guajará, Belém, PA",Tenoné | Parque Guajará,4,2026-09-23
ChIJX6vKnk9hpJIRDnAdGhj4--c,16716227224316768270,açaí com tudo,Restaurant,Restaurante,Categoria genérica de restaurante,Açaí + outro segmento,RB2_nome_acai_cat_outro,Nome contém açaí + categoria 'Restaurant' indica outro segmento,nome contém açaí ('açaí com tudo'); ocorrências: 2; categoria: 'Restaurant',"açaí com tudo - Rod. Augusto Montenegro - Coqueiro, Belém - PA, 66823-390",Tenoné,Coqueiro,Belém,PA,-1.329097,-48.44983,1.4635,Normal,91985160019,,0.0,0,,,https://www.google.com/maps/place/a%C3%A7a%C3%AD+com+tudo/data=!4m7!3m6!1s0x92a4614f9ecaab5f:0xe7fbf8181a1d700e!8m2!3d-1.3290968!4d-48.4498302!16s%2Fg%2F11y0q1wwm3!19sChIJX6vKnk9hpJIRDnAdGhj4--c?authuser=0&hl=en&g_ep=EgoyMDI2MDkyMS4wIJJjKgBIAVAD&rclk=1,açaí,"açaí no Tenoné, Belém, PA | açaí no Parque Guajará, Belém, PA",Tenoné | Parque Guajará,2,2026-09-23
ChIJu-M0UwdhpJIRiIG0GAw3Rcg,14431001106072240520,Saulo Acaiteria e sorveteria,Ice cream shop,Açaíteria / Sorveteria,"Categoria de sorvete/gelado, frequentemente vende açaí",Especializado em açaí,RA2_cat_suporte_texto_acai,Categoria 'Ice cream shop' + evidência textual de açaí,nome contém açaí ('Saulo Acaiteria e sorveteria'); ocorrências: 7; categoria: 'Ice cream shop',"Conjunto roraima amapa - travessa aporema quadra 39, 01 - Curuçambá, Ananindeua - PA, 67146-468",Tenoné,Revisar,Belém,PA,-1.338142,-48.418316,2.7165,Normal,,,5.0,5,,,https://www.google.com/maps/place/Saulo+Acaiteria+e+sorveteria/data=!4m7!3m6!1s0x92a461075334e3bb:0xc845370c18b48188!8m2!3d-1.3381416!4d-48.4183164!16s%2Fg%2F11ycl4ppc2!19sChIJu-M0UwdhpJIRiIG0GAw3Rcg?authuser=0&hl=en&g_ep=EgoyMDI2MDkyMS4wIJJjKgBIAVAD&rclk=1,açaíteria | açaí na tigela | casa de açaí | ponto de açaí,"açaíteria no Tenoné, Belém, PA | açaí na tigela no Tenoné, Belém, PA | casa de açaí no Coqueiro, Belém, PA | ponto de açaí no Coqueiro, Belém, PA | açaí na tigela no Coqueiro, Belém, PA | açaí na tigela na Cabanagem, Belém, PA | açaíteria no Parque Guajará, Belém, PA",Tenoné | Coqueiro | Cabanagem | Parque Guajará,7,2026-09-23
ChIJlyY3D7WLpJIRq1L7QmTq19o,15769330336602477227,AÇAITERIA ON7,Ice cream shop,Açaíteria / Sorveteria,"Categoria de sorvete/gelado, frequentemente vende açaí",Especializado em açaí,RA2_cat_suporte_texto_acai,Categoria 'Ice cream shop' + evidência textual de açaí,nome contém açaí ('AÇAITERIA ON7'); ocorrências: 5; categoria: 'Ice cream shop',"AÇAITERIA ON7 - R. da Mata, 808 - Marambaia, Belém - PA, 66623-710",Tenoné,Revisar,Belém,PA,-1.40182,-48.44612,8.7532,Atenção,,,5.0,1,,,https://www.google.com/maps/place/A%C3%87AITERIA+ON7/data=!4m7!3m6!1s0x92a48bb50f372697:0xdad7ea6442fb52ab!8m2!3d-1.4018203!4d-48.4461196!16s%2Fg%2F11vdxz_5ys!19sChIJlyY3D7WLpJIRq1L7QmTq19o?authuser=0&hl=en&g_ep=EgoyMDI2MDkyMS4wIJJjKgBIAVAD&rclk=1,açaíteria,"açaíteria no Tenoné, Belém, PA | açaíteria no Benguí, Belém, PA | açaíteria no São Clemente, Belém, PA | açaíteria no Una, Belém, PA | açaíteria na Cabanagem, Belém, PA",Tenoné | Benguí | São Clemente | Una | Cabanagem,5,2026-09-23
ChIJW0KUVo1hpJIRe--1rLtDfZI,10555667574961860475,Açaí Moriá,Restaurant,Restaurante,Categoria genérica de restaurante,Açaí + outro segmento,RB2_nome_acai_cat_outro,Nome contém açaí + categoria 'Restaurant' indica outro segmento,nome contém açaí ('Açaí Moriá'); ocorrências: 4; categoria: 'Restaurant',"Açaí Moriá - R. Bolonha - Tapanã, Belém - PA, 66823-060",Tenoné,Tapanã,Belém,PA,-1.343447,-48.457201,3.0835,Normal,91989799434,,4.8,4,,,https://www.google.com/maps/place/A%C3%A7a%C3%AD+Mori%C3%A1/data=!4m7!3m6!1s0x92a4618d5694425b:0x927d43bbacb5ef7b!8m2!3d-1.343447!4d-48.457201!16s%2Fg%2F11t657cg73!19sChIJW0KUVo1hpJIRe--1rLtDfZI?authuser=0&hl=en&g_ep=EgoyMDI2MDkyMS4wIJJjKgBIAVAD&rclk=1,açaíteria | açaí delivery,"açaíteria no Tenoné, Belém, PA | açaíteria na Cabanagem, Belém, PA | açaíteria no Parque Guajará, Belém, PA | açaí delivery no Parque Guajará, Belém, PA",Tenoné | Cabanagem | Parque Guajará,4,2026-09-23
ChIJEVRBt4ZhpJIRYlTv0GCupqQ,11864361999199589474,Açaiteria Mestre do Açaí - Stelio Maroja,Organic food store,Loja de Produtos Naturais / Orgânicos,Loja de produtos naturais/orgânicos,Especializado em açaí,RA2_cat_suporte_texto_acai,Categoria 'Organic food store' + evidência textual de açaí,nome contém açaí ('Açaiteria Mestre do Açaí - Stelio Maroja'); ocorrências: 3; categoria: 'Organic food store',"Açaiteria Mestre do Açaí - Stelio Maroja - Rua BL, 18 - Quadra G, Bloco I n° 101/D1 - Coqueiro, Ananindeua - PA, 67115-680",Tenoné,Coqueiro,Belém,PA,-1.351306,-48.41424,4.0566,Normal,,,5.0,2,,,https://www.google.com/maps/place/A%C3%A7aiteria+Mestre+do+A%C3%A7a%C3%AD+-+Stelio+Maroja/data=!4m7!3m6!1s0x92a46186b7415411:0xa4a6ae60d0ef5462!8m2!3d-1.3513058!4d-48.4142402!16s%2Fg%2F11y367_gy3!19sChIJEVRBt4ZhpJIRYlTv0GCupqQ?authuser=0&hl=en&g_ep=EgoyMDI2MDkyMS4wIJJjKgBIAVAD&rclk=1,açaíteria,"açaíteria no Tenoné, Belém, PA | açaíteria no Una, Belém, PA | açaíteria na Cabanagem, Belém, PA",Tenoné | Una | Cabanagem,3,2026-09-23
ChIJJb7l7dNfpJIR1n2toO36MXY,8516864268844236246,Boca Roxa Açaiteria e Sorveteria,Ice cream shop,Açaíteria / Sorveteria,"Categoria de sorvete/gelado, frequentemente vende açaí",Especializado em açaí,RA2_cat_suporte_texto_acai,Categoria 'Ice cream shop' + evidência textual de açaí,nome contém açaí ('Boca Roxa Açaiteria e Sorveteria'); ocorrências: 3; categoria: 'Ice cream shop',"Boca Roxa Açaiteria e Sorveteria - Cj Paar, Estr. Curuçambá Oeste - Maguari, Ananindeua - PA, 67125-882",Tenoné,Revisar,Belém,PA,-1.335044,-48.38856,5.6323,Atenção,91986204476,,5.0,1,,,https://www.google.com/maps/place/Boca+Roxa+A%C3%A7aiteria+e+Sorveteria/data=!4m7!3m6!1s0x92a45fd3ede5be25:0x7631faeda0ad7dd6!8m2!3d-1.3350438!4d-48.3885598!16s%2Fg%2F11xvd18wpd!19sChIJJb7l7dNfpJIR1n2toO36MXY?authuser=0&hl=en&g_ep=EgoyMDI2MDkyMS4wIJJjKgBIAVAD&rclk=1,açaíteria,"açaíteria no Tenoné, Belém, PA | açaíteria na Cabanagem, Belém, PA | açaíteria no Parque Guajará, Belém, PA",Tenoné | Cabanagem | Parque Guajará,3,2026-09-23
ChIJG7mOJNVhpJIRFGnLZ5WQHIE,9303469901606512916,Happy - Açaiteria,Ice cream shop,Açaíteria / Sorveteria,"Categoria de sorvete/gelado, frequentemente vende açaí",Especializado em açaí,RA2_cat_suporte_texto_acai,Categoria 'Ice cream shop' + evidência textual de açaí,nome contém açaí ('Happy - Açaiteria'); ocorrências: 6; categoria: 'Ice cream shop',"Happy - Açaiteria - Tv. We 35, 5 - Coqueiro, Ananindeua - PA, 67133-180",Tenoné,Coqueiro,Belém,PA,-1.359341,-48.409429,5.0865,Atenção,91993316581,,4.3,8,,,https://www.google.com/maps/place/Happy+-+A%C3%A7aiteria/data=!4m7!3m6!1s0x92a461d5248eb91b:0x811c909567cb6914!8m2!3d-1.3593407!4d-48.409429!16s%2Fg%2F11s4bj7cxp!19sChIJG7mOJNVhpJIRFGnLZ5WQHIE?authuser=0&hl=en&g_ep=EgoyMDI2MDkyMS4wIJJjKgBIAVAD&rclk=1,açaíteria | casa de açaí,"açaíteria no Tenoné, Belém, PA | açaíteria no São Clemente, Belém, PA | açaíteria no Una, Belém, PA | casa de açaí no Una, Belém, PA | açaíteria na Cabanagem, Belém, PA | açaíteria no Parque Guajará, Belém, PA",Tenoné | São Clemente | Una | Cabanagem | Parque Guajará,6,2026-09-23
ChIJfYleq4mNpJIRL6P7MUrx_QU,431766440265884463,Nutelagem Açaiteria e Doceria,Ice cream shop,Açaíteria / Sorveteria,"Categoria de sorvete/gelado, frequentemente vende açaí",Especializado em açaí,RA2_cat_suporte_texto_acai,Categoria 'Ice cream shop' + evidência textual de açaí,nome contém açaí ('Nutelagem Açaiteria e Doceria'); ocorrências: 2; categoria: 'Ice cream shop',"Nutelagem Açaiteria e Doceria - Av. Marquês de Herval - Pedreira, Belém - PA, 66085-314",Tenoné,Revisar,Belém,PA,-1.430095,-48.469711,12.3658,Revisar,91974003096,https://www.instagram.com/nutelagem_acaiteria/profilecard/?igsh=MTJzeGFhN2IxcmptdA==,5.0,3,,,https://www.google.com/maps/place/Nutelagem+A%C3%A7aiteria+e+Doceria/data=!4m7!3m6!1s0x92a48d89ab5e897d:0x5fdf14a31fba32f!8m2!3d-1.4300955!4d-48.4697106!16s%2Fg%2F11ykjv_0bz!19sChIJfYleq4mNpJIRL6P7MUrx_QU?authuser=0&hl=en&g_ep=EgoyMDI2MDkyMS4wIJJjKgBIAVAD&rclk=1,açaíteria,"açaíteria no Tenoné, Belém, PA | açaíteria no São Clemente, Belém, PA",Tenoné | São Clemente,2,2026-09-23
ChIJo4w-WgBfpJIRoofmfD0Pdcg,14444468136623638434,Açaíteria do Enzo,Restaurant,Restaurante,Categoria genérica de restaurante,Açaí + outro segmento,RB2_nome_acai_cat_outro,Nome contém açaí + categoria 'Restaurant' indica outro segmento,nome contém açaí ('Açaíteria do Enzo'); categoria: 'Restaurant',"Açaíteria do Enzo - Av. Rio Solimões, 33c - Maguari, Ananindeua - PA, 67145-100",Tenoné,Revisar,Belém,PA,-1.336534,-48.387923,5.7408,Atenção,,,0.0,0,,,https://www.google.com/maps/place/A%C3%A7a%C3%ADteria+do+Enzo/data=!4m7!3m6!1s0x92a45f005a3e8ca3:0xc8750f3d7ce687a2!8m2!3d-1.3365344!4d-48.3879235!16s%2Fg%2F11ms4lhdr2!19sChIJo4w-WgBfpJIRoofmfD0Pdcg?authuser=0&hl=en&g_ep=EgoyMDI2MDkyMS4wIJJjKgBIAVAD&rclk=1,açaíteria,"açaíteria no Tenoné, Belém, PA",Tenoné,1,2026-09-23
ChIJnzpsNq-LpJIRkClHr3225BA,1217298450224720272,Açai da Verena,Juice shop,Lanchonete / Sucos e Vitaminas,Loja de sucos,Especializado em açaí,RA2_cat_suporte_texto_acai,Categoria 'Juice shop' + evidência textual de açaí,nome contém açaí ('Açai da Verena'); ocorrências: 2; categoria: 'Juice shop',"Açai da Verena - R. Anchieta, 42 - Marambaia, Belém - PA, 66615-030",Tenoné,Revisar,Belém,PA,-1.406527,-48.444116,9.2546,Atenção,9132384500,,4.8,17,,,https://www.google.com/maps/place/A%C3%A7ai+da+Verena/data=!4m7!3m6!1s0x92a48baf366c3a9f:0x10e4b67daf472990!8m2!3d-1.4065271!4d-48.4441156!16s%2Fg%2F1q2whc44b!19sChIJnzpsNq-LpJIRkClHr3225BA?authuser=0&hl=en&g_ep=EgoyMDI2MDkyMS4wIJJjKgBIAVAD&rclk=1,açaíteria,"açaíteria no Tenoné, Belém, PA | açaíteria na Cabanagem, Belém, PA",Tenoné | Cabanagem,2,2026-09-23
ChIJC5MiWaiOpJIRPO2NznHioUQ,4945482844254104892,Açaí Umarizal Belém,Restaurant,Restaurante,Categoria genérica de restaurante,Açaí + outro segmento,RB2_nome_acai_cat_outro,Nome contém açaí + categoria 'Restaurant' indica outro segmento,nome contém açaí ('Açaí Umarizal Belém'); ocorrências: 2; categoria: 'Restaurant',"Açaí Umarizal Belém - Tv. 14 de Março, 246 - Umarizal, Belém - PA, 66050-430",Tenoné,Revisar,Belém,PA,-1.436385,-48.48107,13.4351,Revisar,91982174043,,4.7,16,,,https://www.google.com/maps/place/A%C3%A7a%C3%AD+Umarizal+Bel%C3%A9m/data=!4m7!3m6!1s0x92a48ea85922930b:0x44a1e271ce8ded3c!8m2!3d-1.4363848!4d-48.4810699!16s%2Fg%2F11j3vjz46r!19sChIJC5MiWaiOpJIRPO2NznHioUQ?authuser=0&hl=en&g_ep=EgoyMDI2MDkyMS4wIJJjKgBIAVAD&rclk=1,açaíteria,"açaíteria no Tenoné, Belém, PA | açaíteria no São Clemente, Belém, PA",Tenoné | São Clemente,2,2026-09-23
ChIJ-1_vDQCLpJIRYcItCKQ4Xv8,18401207404645433953,Açaíteria Paranoá,Ice cream shop,Açaíteria / Sorveteria,"Categoria de sorvete/gelado, frequentemente vende açaí",Especializado em açaí,RA2_cat_suporte_texto_acai,Categoria 'Ice cream shop' + evidência textual de açaí,nome contém açaí ('Açaíteria Paranoá'); ocorrências: 4; categoria: 'Ice cream shop',"Açaíteria Paranoá - R. Nova, 1069 - Sacramenta, Belém - PA, 66083-443",Tenoné,Revisar,Belém,PA,-1.422788,-48.476026,11.8226,Revisar,91980390083,https://www.instagram.com/acaiteriaparanoa?igsh=bmM2Z2kxdHd3ZWl6,5.0,7,,,https://www.google.com/maps/place/A%C3%A7a%C3%ADteria+Parano%C3%A1/data=!4m7!3m6!1s0x92a48b000def5ffb:0xff5e38a4082dc261!8m2!3d-1.4227878!4d-48.4760259!16s%2Fg%2F11vx4bthj4!19sChIJ-1_vDQCLpJIRYcItCKQ4Xv8?authuser=0&hl=en&g_ep=EgoyMDI2MDkyMS4wIJJjKgBIAVAD&rclk=1,açaíteria,"açaíteria no Tenoné, Belém, PA | açaíteria no São Clemente, Belém, PA | açaíteria no Una, Belém, PA | açaíteria na Cabanagem, Belém, PA",Tenoné | São Clemente | Una | Cabanagem,4,2026-09-23
ChIJ7U3UuSFnpJIRhaCeXRHLFiM,2528431516260671621,Açaí Deus é fiel,Restaurant,Restaurante,Categoria genérica de restaurante,Açaí + outro segmento,RB2_nome_acai_cat_outro,Nome contém açaí + categoria 'Restaurant' indica outro segmento,nome contém açaí ('Açaí Deus é fiel'); ocorrências: 4; categoria: 'Restaurant',"entre berredos e Andradas - R. Oito de Maio - Agulha, Belém - PA, 66811-767",Tenoné,Revisar,Belém,PA,-1.306854,-48.468978,3.9210,Normal,91987490035,https://instagram.com/acai_deusefiel?igshid=MzNlNGNkZWQ4Mg==,4.7,49,,,https://www.google.com/maps/place/A%C3%A7a%C3%AD+Deus+%C3%A9+fiel/data=!4m7!3m6!1s0x92a46721b9d44ded:0x2316cb115d9ea085!8m2!3d-1.3068537!4d-48.4689778!16s%2Fg%2F11hz0f_wzw!19sChIJ7U3UuSFnpJIRhaCeXRHLFiM?authuser=0&hl=en&g_ep=EgoyMDI2MDkyMS4wIJJjKgBIAVAD&rclk=1,açaíteria | açaí | açaí delivery,"açaíteria no Tenoné, Belém, PA | açaí no Parque Guajará, Belém, PA | açaíteria no Parque Guajará, Belém, PA | açaí delivery no Parque Guajará, Belém, PA",Tenoné | Parque Guajará,4,2026-09-23
ChIJJ8TLo5plpJIRJ3sMpz0BqhI,1344888803030760231,Açaí.com - Delivery em Icoaraci,Restaurant,Restaurante,Categoria genérica de restaurante,Açaí + outro segmento,RB2_nome_acai_cat_outro,Nome contém açaí + categoria 'Restaurant' indica outro segmento,nome contém açaí ('Açaí.com - Delivery em Icoaraci'); ocorrências: 4; categoria: 'Restaurant',"Açaí.com - Delivery em Icoaraci - Tv. Berredos, 585 - Ponta Grossa, Belém - PA, 66812-440",Tenoné,Revisar,Belém,PA,-1.30637,-48.483517,5.4182,Atenção,91985495889,https://www.instagram.com/acai.com__/,4.5,8,,,https://www.google.com/maps/place/A%C3%A7a%C3%AD.com+-+Delivery+em+Icoaraci/data=!4m7!3m6!1s0x92a4659aa3cbc427:0x12aa013da70c7b27!8m2!3d-1.3063702!4d-48.483517!16s%2Fg%2F11q4gll5y7!19sChIJJ8TLo5plpJIRJ3sMpz0BqhI?authuser=0&hl=en&g_ep=EgoyMDI2MDkyMS4wIJJjKgBIAVAD&rclk=1,açaíteria | açaí delivery,"açaíteria no Tenoné, Belém, PA | açaí delivery no Tenoné, Belém, PA | açaíteria no Parque Guajará, Belém, PA | açaí delivery no Parque Guajará, Belém, PA",Tenoné | Parque Guajará,4,2026-09-23
ChIJRWG2YiiPpJIRnTXUZ426muY,16616798891631981981,GRÃO-PARÁ AÇAITERIA E SABORES,Ice cream shop,Açaíteria / Sorveteria,"Categoria de sorvete/gelado, frequentemente vende açaí",Especializado em açaí,RA2_cat_suporte_texto_acai,Categoria 'Ice cream shop' + evidência textual de açaí,nome contém açaí ('GRÃO-PARÁ AÇAITERIA E SABORES'); categoria: 'Ice cream shop',"EM FRENTE AO ASSAÍ ATACADISTA - Av. Roberto Camelier, 121 - LOJA 04 - Batista Campos, Belém - PA, 66025-420",Tenoné,Revisar,Belém,PA,-1.463297,-48.493771,16.7363,Revisar,91986288303,https://grao-para-acaiteria-e-sabores.ola.click/,5.0,8,,,https://www.google.com/maps/place/GR%C3%83O-PAR%C3%81+A%C3%87AITERIA+E+SABORES/data=!4m7!3m6!1s0x92a48f2862b66145:0xe69aba8d67d4359d!8m2!3d-1.4632975!4d-48.4937714!16s%2Fg%2F11yynmn34z!19sChIJRWG2YiiPpJIRnTXUZ426muY?authuser=0&hl=en&g_ep=EgoyMDI2MDkyMS4wIJJjKgBIAVAD&rclk=1,açaíteria,"açaíteria no Tenoné, Belém, PA",Tenoné,1,2026-09-23
ChIJfV2aj8P1pJIR3cGLcur4w_I,17493099063464935901,AÇAÍ OLIVEIRA (Águas lindas Olga Benário),Açaí shop,Açaíteria / Loja de Açaí,Categoria original indica especialização em açaí,Especializado em açaí,RA_cat_acai_direto,Categoria 'Açaí shop' — evidência forte de especialização,nome contém açaí ('AÇAÍ OLIVEIRA (Águas lindas Olga Benário'); ocorrências: 3; categoria: 'Açaí shop',"AÇAÍ OLIVEIRA (Águas lindas Olga Benário) - R. Frei Tito, 4 - Águas Lindas, Belém - PA, 66690-340",Tenoné,Revisar,Belém,PA,-1.406602,-48.393061,10.4961,Revisar,91986319614,,5.0,11,,,https://www.google.com/maps/place/A%C3%87A%C3%8D+OLIVEIRA+%28%C3%81guas+lindas+Olga+Ben%C3%A1rio%29/data=!4m7!3m6!1s0x92a4f5c38f9a5d7d:0xf2c3f8ea728bc1dd!8m2!3d-1.4066024!4d-48.3930613!16s%2Fg%2F11l1lt38b4!19sChIJfV2aj8P1pJIR3cGLcur4w_I?authuser=0&hl=en&g_ep=EgoyMDI2MDkyMS4wIJJjKgBIAVAD&rclk=1,açaíteria,"açaíteria no Tenoné, Belém, PA | açaíteria no Benguí, Belém, PA | açaíteria no Una, Belém, PA",Tenoné | Benguí | Una,3,2026-09-23
ChIJxUUYFxphpJIRp88R7zHS3b0,13681322354927587239,AÇAI KIDELÍCIA,Restaurant,Restaurante,Categoria genérica de restaurante,Açaí + outro segmento,RB2_nome_acai_cat_outro,Nome contém açaí + categoria 'Restaurant' indica outro segmento,nome contém açaí ('AÇAI KIDELÍCIA'); ocorrências: 2; categoria: 'Restaurant',"AÇAI KIDELÍCIA - Av. Principal - Coqueiro, Belém - PA, 66823-060",Tenoné,Coqueiro,Belém,PA,-1.331471,-48.447725,1.4044,Normal,,,0.0,0,,,https://www.google.com/maps/place/A%C3%87AI+KIDEL%C3%8DCIA/data=!4m7!3m6!1s0x92a4611a171845c5:0xbdddd231ef11cfa7!8m2!3d-1.3314713!4d-48.4477255!16s%2Fg%2F11wj2r9vd7!19sChIJxUUYFxphpJIRp88R7zHS3b0?authuser=0&hl=en&g_ep=EgoyMDI2MDkyMS4wIJJjKgBIAVAD&rclk=1,açaíteria,"açaíteria no Tenoné, Belém, PA | açaíteria no Parque Guajará, Belém, PA",Tenoné | Parque Guajará,2,2026-09-23
ChIJo3OANQBnpJIRJ0KJbFK-8PM,17577758606844576295,Açai do Lucas,Açaí shop,Açaíteria / Loja de Açaí,Categoria original indica especialização em açaí,Especializado em açaí,RA_cat_acai_direto,Categoria 'Açaí shop' — evidência forte de especialização,nome contém açaí ('Açai do Lucas'); ocorrências: 5; categoria: 'Açaí shop',"Açai do Lucas - 68, R. L Um, 2 - Paracuri, Belém - PA",Tenoné,Revisar,Belém,PA,-1.312134,-48.471523,3.9467,Normal,,,0.0,0,,,https://www.google.com/maps/place/A%C3%A7ai+do+Lucas/data=!4m7!3m6!1s0x92a46700358073a3:0xf3f0be526c894227!8m2!3d-1.3121341!4d-48.471523!16s%2Fg%2F11zyxj9gfq!19sChIJo3OANQBnpJIRJ0KJbFK-8PM?authuser=0&hl=en&g_ep=EgoyMDI2MDkyMS4wIJJjKgBIAVAD&rclk=1,casa de açaí | ponto de açaí | açaí,"casa de açaí no Tenoné, Belém, PA | ponto de açaí no Tenoné, Belém, PA | açaí no Parque Guajará, Belém, PA | casa de açaí no Parque Guajará, Belém, PA | ponto de açaí no Parque Guajará, Belém, PA",Tenoné | Parque Guajará,5,2026-09-23
ChIJIXGalrxhpJIRqh5fJ4ZqZ28,8027501985229905578,Açaí & Cia - Pará 2,Açaí shop,Açaíteria / Loja de Açaí,Categoria original indica especialização em açaí,Especializado em açaí,RA_cat_acai_direto,Categoria 'Açaí shop' — evidência forte de especialização,nome contém açaí ('Açaí & Cia - Pará 2'); ocorrências: 3; categoria: 'Açaí shop',"Açaí & Cia - Pará 2 - Estrada do Icui Guajará II - Icuí-Guajará, Ananindeua - PA",Tenoné,Revisar,Belém,PA,-1.327582,-48.417524,2.3095,Normal,91991408549,,5.0,4,,,https://www.google.com/maps/place/A%C3%A7a%C3%AD+%26+Cia+-+Par%C3%A1+2/data=!4m7!3m6!1s0x92a461bc969a7121:0x6f676a86275f1eaa!8m2!3d-1.3275823!4d-48.4175236!16s%2Fg%2F11q3__d9sr!19sChIJIXGalrxhpJIRqh5fJ4ZqZ28?authuser=0&hl=en&g_ep=EgoyMDI2MDkyMS4wIJJjKgBIAVAD&rclk=1,casa de açaí | ponto de açaí,"casa de açaí no Tenoné, Belém, PA | casa de açaí no Coqueiro, Belém, PA | ponto de açaí no Coqueiro, Belém, PA",Tenoné | Coqueiro,3,2026-09-23
ChIJQRq7SwBhpJIRB3ah95Il-dQ,15346338518391682567,Açaí do jimy,Açaí shop,Açaíteria / Loja de Açaí,Categoria original indica especialização em açaí,Especializado em açaí,RA_cat_acai_direto,Categoria 'Açaí shop' — evidência forte de especialização,nome contém açaí ('Açaí do jimy'); ocorrências: 4; categoria: 'Açaí shop',"Açaí do jimy - R. dos Funcionários - Coqueiro, Belém - PA, 66823-060",Tenoné,Coqueiro,Belém,PA,-1.342108,-48.450549,2.4988,Normal,,,0.0,0,,,https://www.google.com/maps/place/A%C3%A7a%C3%AD+do+jimy/data=!4m7!3m6!1s0x92a461004bbb1a41:0xd4f92592f7a17607!8m2!3d-1.3421076!4d-48.4505492!16s%2Fg%2F11npg15z6n!19sChIJQRq7SwBhpJIRB3ah95Il-dQ?authuser=0&hl=en&g_ep=EgoyMDI2MDkyMS4wIJJjKgBIAVAD&rclk=1,casa de açaí | açaí | ponto de açaí,"casa de açaí no Tenoné, Belém, PA | açaí no Coqueiro, Belém, PA | casa de açaí no Coqueiro, Belém, PA | ponto de açaí no Coqueiro, Belém, PA",Tenoné | Coqueiro,4,2026-09-23
ChIJeTCkFhxhpJIRE0FcnnSNfJg,10987812722889736467,AÇAÍ O PIAUÍ,Variety store,Loja / Comércio,Loja de variedades,Açaí + outro segmento,RB2_nome_acai_cat_outro,Nome contém açaí + categoria 'Variety store' indica outro segmento,nome contém açaí ('AÇAÍ O PIAUÍ'); ocorrências: 5; categoria: 'Variety store',"AÇAÍ O PIAUÍ - Av. Principal, 780-844 - Coqueiro, Belém - PA, 66823-072",Tenoné,Coqueiro,Belém,PA,-1.331599,-48.443136,1.0694,Normal,981391541,,4.0,8,,,https://www.google.com/maps/place/A%C3%87A%C3%8D+O+PIAU%C3%8D/data=!4m7!3m6!1s0x92a4611c16a43079:0x987c8d749e5c4113!8m2!3d-1.3315991!4d-48.4431364!16s%2Fg%2F11dylygxh2!19sChIJeTCkFhxhpJIRE0FcnnSNfJg?authuser=0&hl=en&g_ep=EgoyMDI2MDkyMS4wIJJjKgBIAVAD&rclk=1,casa de açaí | ponto de açaí | açaí,"casa de açaí no Tenoné, Belém, PA | ponto de açaí no Tenoné, Belém, PA | açaí no Parque Guajará, Belém, PA | casa de açaí no Parque Guajará, Belém, PA | ponto de açaí no Parque Guajará, Belém, PA",Tenoné | Parque Guajará,5,2026-09-23
ChIJ89v8Hhi9Q2cRdcLxBCrRlMU,14237234300426764917,Sabor Do Açaí,Organic food store,Loja de Produtos Naturais / Orgânicos,Loja de produtos naturais/orgânicos,Especializado em açaí,RA2_cat_suporte_texto_acai,Categoria 'Organic food store' + evidência textual de açaí,nome contém açaí ('Sabor Do Açaí'); ocorrências: 3; categoria: 'Organic food store',"Conjunto maguari - Av. Principal, 50 - Lj 1 - Coqueiro, Belém - PA, 66823-061",Tenoné,Coqueiro,Belém,PA,-1.331703,-48.448768,1.5117,Normal,91989828407,https://wa.me/5591989828407,3.0,6,,,https://www.google.com/maps/place/Sabor+Do+A%C3%A7a%C3%AD/data=!4m7!3m6!1s0x6743bd181efcdbf3:0xc594d12a04f1c275!8m2!3d-1.3317029!4d-48.4487682!16s%2Fg%2F11ygpq582h!19sChIJ89v8Hhi9Q2cRdcLxBCrRlMU?authuser=0&hl=en&g_ep=EgoyMDI2MDkyMS4wIJJjKgBIAVAD&rclk=1,casa de açaí | ponto de açaí,"casa de açaí no Tenoné, Belém, PA | ponto de açaí no Tenoné, Belém, PA | ponto de açaí no Parque Guajará, Belém, PA",Tenoné | Parque Guajará,3,2026-09-23
ChIJ1cji6oJhpJIRhSnR8TQzk-E,16254391782598584709,Açaí Roots Belem,Natural goods store,Loja de Produtos Naturais / Orgânicos,Loja de produtos naturais,Especializado em açaí,RA2_cat_suporte_texto_acai,Categoria 'Natural goods store' + evidência textual de açaí,nome contém açaí ('Açaí Roots Belem'); ocorrências: 5; categoria: 'Natural goods store',"Açaí Roots Belem - R. da Piçarreira, N: 60 - Parque Guajará, Belém - PA, 66821-691",Tenoné,Parque Guajará,Belém,PA,-1.33132,-48.456849,2.2775,Normal,91920031773,,0.0,0,,,https://www.google.com/maps/place/A%C3%A7a%C3%AD+Roots+Belem/data=!4m7!3m6!1s0x92a46182eae2c8d5:0xe1933334f1d12985!8m2!3d-1.3313197!4d-48.456849!16s%2Fg%2F11z5s4c_my!19sChIJ1cji6oJhpJIRhSnR8TQzk-E?authuser=0&hl=en&g_ep=EgoyMDI2MDkyMS4wIJJjKgBIAVAD&rclk=1,casa de açaí | ponto de açaí | açaí,"casa de açaí no Tenoné, Belém, PA | ponto de açaí no Tenoné, Belém, PA | açaí no Coqueiro, Belém, PA | casa de açaí no Coqueiro, Belém, PA | ponto de açaí no Parque Guajará, Belém, PA",Tenoné | Coqueiro | Parque Guajará,5,2026-09-23
ChIJgdJZxGlhpJIRb2PaEZuLKxE,1237236020779049839,Açaí & Cia - Pará,Store,Loja / Comércio,Loja genérica,Açaí + outro segmento,RB2_nome_acai_cat_outro,Nome contém açaí + categoria 'Store' indica outro segmento,nome contém açaí ('Açaí & Cia - Pará'); ocorrências: 4; categoria: 'Store',"Açaí & Cia - Pará - Estr. Icuí-Guajará, 108 - Icuí-Guajará, Ananindeua - PA, 67125-000",Tenoné,Revisar,Belém,PA,-1.329431,-48.414584,2.6737,Normal,91984659613,,5.0,1,,,https://www.google.com/maps/place/A%C3%A7a%C3%AD+%26+Cia+-+Par%C3%A1/data=!4m7!3m6!1s0x92a46169c459d281:0x112b8b9b11da636f!8m2!3d-1.3294309!4d-48.4145841!16s%2Fg%2F11szdccfml!19sChIJgdJZxGlhpJIRb2PaEZuLKxE?authuser=0&hl=en&g_ep=EgoyMDI2MDkyMS4wIJJjKgBIAVAD&rclk=1,casa de açaí | ponto de açaí | açaí delivery,"casa de açaí no Tenoné, Belém, PA | casa de açaí no Coqueiro, Belém, PA | ponto de açaí no Coqueiro, Belém, PA | açaí delivery no Coqueiro, Belém, PA",Tenoné | Coqueiro,4,2026-09-23
ChIJy97lWplhpJIRif3WeYhTLNc,15504859462754565513,Hora do Açaí,Açaí shop,Açaíteria / Loja de Açaí,Categoria original indica especialização em açaí,Especializado em açaí,RA_cat_acai_direto,Categoria 'Açaí shop' — evidência forte de especialização,nome contém açaí ('Hora do Açaí'); ocorrências: 3; categoria: 'Açaí shop',"Hora do Açaí - Rod. Augusto Montenegro, 4100 - Sl 103 N - Parque Verde, Belém - PA, 66635-110",Tenoné,Parque Verde,Belém,PA,-1.327082,-48.449708,1.3707,Normal,91984986915,https://hora-do-acai-15.ola.click/products,0.0,0,,,https://www.google.com/maps/place/Hora+do+A%C3%A7a%C3%AD/data=!4m7!3m6!1s0x92a461995ae5decb:0xd72c538879d6fd89!8m2!3d-1.3270819!4d-48.4497083!16s%2Fg%2F11tdl1dlh6!19sChIJy97lWplhpJIRif3WeYhTLNc?authuser=0&hl=en&g_ep=EgoyMDI2MDkyMS4wIJJjKgBIAVAD&rclk=1,casa de açaí | ponto de açaí,"casa de açaí no Tenoné, Belém, PA | ponto de açaí no Tenoné, Belém, PA | ponto de açaí no Parque Guajará, Belém, PA",Tenoné | Parque Guajará,3,2026-09-23
ChIJvaZ9pWlhpJIRlI8EsqKNf9M,15240055393955909524,Açaí do A.LOPES,Açaí shop,Açaíteria / Loja de Açaí,Categoria original indica especialização em açaí,Especializado em açaí,RA_cat_acai_direto,Categoria 'Açaí shop' — evidência forte de especialização,nome contém açaí ('Açaí do A.LOPES'); ocorrências: 7; categoria: 'Açaí shop',"Açaí do A.LOPES - Estr. da Piçarreira, n° 3 - Tapanã, Belém - PA, 66825-410",Tenoné,Tapanã,Belém,PA,-1.331112,-48.469227,3.5830,Normal,91991351030,,5.0,1,,,https://www.google.com/maps/place/A%C3%A7a%C3%AD+do+A.LOPES/data=!4m7!3m6!1s0x92a46169a57da6bd:0xd37f8da2b2048f94!8m2!3d-1.3311116!4d-48.4692274!16s%2Fg%2F11zwp3rf2h!19sChIJvaZ9pWlhpJIRlI8EsqKNf9M?authuser=0&hl=en&g_ep=EgoyMDI2MDkyMS4wIJJjKgBIAVAD&rclk=1,casa de açaí | ponto de açaí | açaí | açaí delivery,"casa de açaí no Tenoné, Belém, PA | ponto de açaí no Tenoné, Belém, PA | casa de açaí no Coqueiro, Belém, PA | açaí no Parque Guajará, Belém, PA | casa de açaí no Parque Guajará, Belém, PA | ponto de açaí no Parque Guajará, Belém, PA | açaí delivery no Parque Guajará, Belém, PA",Tenoné | Coqueiro | Parque Guajará,7,2026-09-23
ChIJ36rhdl5hpJIR4KgY-LHuEUo,5337309481549736160,Açaí três irmãos Tapanã,Organic food store,Loja de Produtos Naturais / Orgânicos,Loja de produtos naturais/orgânicos,Especializado em açaí,RA2_cat_suporte_texto_acai,Categoria 'Organic food store' + evidência textual de açaí,nome contém açaí ('Açaí três irmãos Tapanã'); ocorrências: 4; categoria: 'Organic food store',"Açaí três irmãos Tapanã - R. da Piçarreira, 160 - box1, Belém - PA, 66821-691",Tenoné,Tapanã,Belém,PA,-1.333674,-48.45648,2.3533,Normal,91993836204,,0.0,0,,,https://www.google.com/maps/place/A%C3%A7a%C3%AD+tr%C3%AAs+irm%C3%A3os+Tapan%C3%A3/data=!4m7!3m6!1s0x92a4615e76e1aadf:0x4a11eeb1f818a8e0!8m2!3d-1.3336737!4d-48.4564802!16s%2Fg%2F11y01ydhwd!19sChIJ36rhdl5hpJIR4KgY-LHuEUo?authuser=0&hl=en&g_ep=EgoyMDI2MDkyMS4wIJJjKgBIAVAD&rclk=1,casa de açaí | ponto de açaí,"casa de açaí no Tenoné, Belém, PA | ponto de açaí no Tenoné, Belém, PA | casa de açaí no Parque Guajará, Belém, PA | ponto de açaí no Parque Guajará, Belém, PA",Tenoné | Parque Guajará,4,2026-09-23
ChIJ-T6u6NZhpJIRzH3CsbMDc0Y,5076405275293023692,Maná Açaí Fruit,Frozen food store,Loja de Alimentos Congelados,Loja de congelados,Açaí + outro segmento,RB2_nome_acai_cat_outro,Nome contém açaí + categoria 'Frozen food store' indica outro segmento,nome contém açaí ('Maná Açaí Fruit'); ocorrências: 3; categoria: 'Frozen food store',"Maná Açaí Fruit - Rod. Augusto Montenegro - Parque Guajará, Belém - PA, 66821-000",Tenoné,Parque Guajará,Belém,PA,-1.327707,-48.449406,1.3607,Normal,91991203749,,0.0,0,,,https://www.google.com/maps/place/Man%C3%A1+A%C3%A7a%C3%AD+Fruit/data=!4m7!3m6!1s0x92a461d6e8ae3ef9:0x467303b3b1c27dcc!8m2!3d-1.3277068!4d-48.4494065!16s%2Fg%2F11ltr_tclg!19sChIJ-T6u6NZhpJIRzH3CsbMDc0Y?authuser=0&hl=en&g_ep=EgoyMDI2MDkyMS4wIJJjKgBIAVAD&rclk=1,casa de açaí | ponto de açaí,"casa de açaí no Tenoné, Belém, PA | ponto de açaí no Tenoné, Belém, PA | ponto de açaí no Parque Guajará, Belém, PA",Tenoné | Parque Guajará,3,2026-09-23
ChIJn3jOY6dnpJIRn1PiIkaKpPY,17772482063348421535,Açaí Deus é fiel(Delivery),Açaí shop,Açaíteria / Loja de Açaí,Categoria original indica especialização em açaí,Especializado em açaí,RA_cat_acai_direto,Categoria 'Açaí shop' — evidência forte de especialização,nome contém açaí ('Açaí Deus é fiel(Delivery)'); ocorrências: 5; categoria: 'Açaí shop',"Açaí Deus é fiel(Delivery) - Rod. Augusto Montenegro, 20 - Agulha, Belém - PA, 66816",Tenoné,Revisar,Belém,PA,-1.305433,-48.46432,3.5603,Normal,91987490035,https://instagram.com/acai_deusefiel?igshid=MzNlNGNkZWQ4Mg==,5.0,3,,,https://www.google.com/maps/place/A%C3%A7a%C3%AD+Deus+%C3%A9+fiel%28Delivery%29/data=!4m7!3m6!1s0x92a467a763ce789f:0xf6a48a4622e2539f!8m2!3d-1.3054334!4d-48.4643199!16s%2Fg%2F11v0mqb22x!19sChIJn3jOY6dnpJIRn1PiIkaKpPY?authuser=0&hl=en&g_ep=EgoyMDI2MDkyMS4wIJJjKgBIAVAD&rclk=1,casa de açaí | ponto de açaí | açaí delivery,"casa de açaí no Tenoné, Belém, PA | ponto de açaí no Tenoné, Belém, PA | açaí delivery no Tenoné, Belém, PA | casa de açaí no Parque Guajará, Belém, PA | açaí delivery no Parque Guajará, Belém, PA",Tenoné | Parque Guajará,5,2026-09-23
ChIJ8fHnwz5hpJIRFRcYvBm-YrY,13142275680359683861,Delicias e Sabores,Ice cream shop,Açaíteria / Sorveteria,"Categoria de sorvete/gelado, frequentemente vende açaí",Açaí + outro segmento,RB1_cat_suporte_sem_confirmacao,Categoria 'Ice cream shop' sugere açaí/sorvete mas sem confirmação textual,ocorrências: 2; categoria: 'Ice cream shop',"Delicias e Sabores - Alameda Ns-3, 52 Conjunto Maguari - Coqueiro, Belém - PA, 66823-062",Tenoné,Coqueiro,Belém,PA,-1.331345,-48.448284,1.4448,Normal,91985348039,,4.8,18,,,https://www.google.com/maps/place/Delicias+e+Sabores/data=!4m7!3m6!1s0x92a4613ec3e7f1f1:0xb662be19bc181715!8m2!3d-1.3313455!4d-48.4482844!16s%2Fg%2F11jj2gznwb!19sChIJ8fHnwz5hpJIRFRcYvBm-YrY?authuser=0&hl=en&g_ep=EgoyMDI2MDkyMS4wIJJjKgBIAVAD&rclk=1,casa de açaí | ponto de açaí,"casa de açaí no Tenoné, Belém, PA | ponto de açaí no Tenoné, Belém, PA",Tenoné,2,2026-09-23
ChIJuzYiTl5hpJIRHVjtjpdgwdY,15474755998675982365,Mercadão do Açaí - Augusto Montenegro,Food manufacturing supply,Fornecedor / Distribuidor de Alimentos,Fornecedor de insumos alimentícios,Açaí + outro segmento,RB2_nome_acai_cat_outro,Nome contém açaí + categoria 'Food manufacturing supply' indica outro segmento,nome contém açaí ('Mercadão do Açaí - Augusto Montenegro'); categoria: 'Food manufacturing supply',"lado do Banco Sicoob- Próximo ao Feirão da Construção, Condomínio Cidade Jardim 2 - Rod. Augusto Montenegro, 6955 - QD 2 LT 07 Loja 01 Ao - Parque Verde, Belém - PA, 66635-110",Tenoné,Parque Verde,Belém,PA,-1.345417,-48.45241,2.9196,Normal,91984118467,https://www.instagram.com/omercadaodoacai?igsh=MXJvNmt3eTNmejMzOA==,5.0,3,,,https://www.google.com/maps/place/Mercad%C3%A3o+do+A%C3%A7a%C3%AD+-+Augusto+Montenegro/data=!4m7!3m6!1s0x92a4615e4e2236bb:0xd6c160978eed581d!8m2!3d-1.3454172!4d-48.4524098!16s%2Fg%2F11xlpr5qhg!19sChIJuzYiTl5hpJIRHVjtjpdgwdY?authuser=0&hl=en&g_ep=EgoyMDI2MDkyMS4wIJJjKgBIAVAD&rclk=1,casa de açaí,"casa de açaí no Tenoné, Belém, PA",Tenoné,1,2026-09-23
ChIJET7MEnVhpJIRyENice-veOI,16318986692711302088,Açaí da tcheila,Açaí shop,Açaíteria / Loja de Açaí,Categoria original indica especialização em açaí,Especializado em açaí,RA_cat_acai_direto,Categoria 'Açaí shop' — evidência forte de especialização,nome contém açaí ('Açaí da tcheila'); categoria: 'Açaí shop',"Açaí da tcheila - R. Paulo Assunção - Icuí-Guajará, Ananindeua - PA, 67124-200",Tenoné,Revisar,Belém,PA,-1.323967,-48.415882,2.4481,Normal,91984170457,,5.0,2,,,https://www.google.com/maps/place/A%C3%A7a%C3%AD+da+tcheila/data=!4m7!3m6!1s0x92a4617512cc3e11:0xe278afef716243c8!8m2!3d-1.3239675!4d-48.4158817!16s%2Fg%2F11l30blvx3!19sChIJET7MEnVhpJIRyENice-veOI?authuser=0&hl=en&g_ep=EgoyMDI2MDkyMS4wIJJjKgBIAVAD&rclk=1,casa de açaí,"casa de açaí no Tenoné, Belém, PA",Tenoné,1,2026-09-23
ChIJ-ddzVZVhpJIRK6pSZSxJU2Q,7229202281887083051,Açaí da samara,Açaí shop,Açaíteria / Loja de Açaí,Categoria original indica especialização em açaí,Especializado em açaí,RA_cat_acai_direto,Categoria 'Açaí shop' — evidência forte de especialização,nome contém açaí ('Açaí da samara'); ocorrências: 3; categoria: 'Açaí shop',"Açaí da samara - R. Rui Barbosa, 52 - Tocantins, Belém - PA, 66640-040",Tenoné,Revisar,Belém,PA,-1.329294,-48.451176,1.6089,Normal,91980964784,https://www.acai.samara.com/,0.0,0,,,https://www.google.com/maps/place/A%C3%A7a%C3%AD+da+samara/data=!4m7!3m6!1s0x92a461955573d7f9:0x6453492c6552aa2b!8m2!3d-1.3292944!4d-48.4511764!16s%2Fg%2F11lz5rtw0l!19sChIJ-ddzVZVhpJIRK6pSZSxJU2Q?authuser=0&hl=en&g_ep=EgoyMDI2MDkyMS4wIJJjKgBIAVAD&rclk=1,casa de açaí | ponto de açaí,"casa de açaí no Tenoné, Belém, PA | ponto de açaí no Tenoné, Belém, PA | ponto de açaí no Parque Guajará, Belém, PA",Tenoné | Parque Guajará,3,2026-09-23
ChIJVb8vEwBhpJIRGqS5btCawdY,15474820014623269914,Point do açaí,Açaí shop,Açaíteria / Loja de Açaí,Categoria original indica especialização em açaí,Especializado em açaí,RA_cat_acai_direto,Categoria 'Açaí shop' — evidência forte de especialização,nome contém açaí ('Point do açaí'); ocorrências: 2; categoria: 'Açaí shop',"Point do açaí - R. Paulo Paixão, 132 - Icuí-Laranjeira, Ananindeua - PA, 67125-230",Tenoné,Revisar,Belém,PA,-1.328121,-48.412873,2.8286,Normal,,,5.0,2,,,https://www.google.com/maps/place/Point+do+a%C3%A7a%C3%AD/data=!4m7!3m6!1s0x92a46100132fbf55:0xd6c19ad06eb9a41a!8m2!3d-1.3281212!4d-48.4128727!16s%2Fg%2F11wg4znbf5!19sChIJVb8vEwBhpJIRGqS5btCawdY?authuser=0&hl=en&g_ep=EgoyMDI2MDkyMS4wIJJjKgBIAVAD&rclk=1,casa de açaí | ponto de açaí,"casa de açaí no Tenoné, Belém, PA | ponto de açaí no Coqueiro, Belém, PA",Tenoné | Coqueiro,2,2026-09-23
ChIJH0mMbIdhpJIRRvzaJS_5ARI,1297592148553301062,Açai Do Nenê,Store,Loja / Comércio,Loja genérica,Açaí + outro segmento,RB2_nome_acai_cat_outro,Nome contém açaí + categoria 'Store' indica outro segmento,nome contém açaí ('Açai Do Nenê'); categoria: 'Store',"Açai Do Nenê - Av. Gov. Hélio Gueiros, 30a - Quarenta Horas, Ananindeua - PA, 67120-235",Tenoné,Revisar,Belém,PA,-1.342102,-48.422527,2.6804,Normal,91983216274,,4.5,18,,,https://www.google.com/maps/place/A%C3%A7ai+Do+Nen%C3%AA/data=!4m7!3m6!1s0x92a461876c8c491f:0x1201f92f25dafc46!8m2!3d-1.3421019!4d-48.4225274!16s%2Fg%2F11gmh3dbnm!19sChIJH0mMbIdhpJIRRvzaJS_5ARI?authuser=0&hl=en&g_ep=EgoyMDI2MDkyMS4wIJJjKgBIAVAD&rclk=1,casa de açaí,"casa de açaí no Tenoné, Belém, PA",Tenoné,1,2026-09-23
ChIJzb3hU49hpJIRquM_5tZGq5Q,10712734027430749098,Tom's Açaí,Açaí shop,Açaíteria / Loja de Açaí,Categoria original indica especialização em açaí,Especializado em açaí,RA_cat_acai_direto,Categoria 'Açaí shop' — evidência forte de especialização,nome contém açaí ('Tom's Açaí'); ocorrências: 3; categoria: 'Açaí shop',"Tom's Açaí - Estr. do Icuí Guajará II, 1308-1410 - Icuí-Guajará, Ananindeua - PA, 67125-024",Tenoné,Revisar,Belém,PA,-1.342557,-48.420255,2.8850,Normal,91984602697,,4.6,13,,,https://www.google.com/maps/place/Tom%27s+A%C3%A7a%C3%AD/data=!4m7!3m6!1s0x92a4618f53e1bdcd:0x94ab46d6e63fe3aa!8m2!3d-1.3425574!4d-48.4202554!16s%2Fg%2F11gnr_scqs!19sChIJzb3hU49hpJIRquM_5tZGq5Q?authuser=0&hl=en&g_ep=EgoyMDI2MDkyMS4wIJJjKgBIAVAD&rclk=1,casa de açaí | ponto de açaí,"casa de açaí no Tenoné, Belém, PA | casa de açaí no Coqueiro, Belém, PA | ponto de açaí no Coqueiro, Belém, PA",Tenoné | Coqueiro,3,2026-09-23
ChIJO6MCeABhpJIRuEjT8XZn19Q,15336840816594471096,PONTO DO AÇAÍ,Açaí shop,Açaíteria / Loja de Açaí,Categoria original indica especialização em açaí,Especializado em açaí,RA_cat_acai_direto,Categoria 'Açaí shop' — evidência forte de especialização,nome contém açaí ('PONTO DO AÇAÍ'); ocorrências: 3; categoria: 'Açaí shop',"PONTO DO AÇAÍ - Tv. We-8, 5 - Conjunto Satelite, Belém - PA, 66670-220",Tenoné,Revisar,Belém,PA,-1.340736,-48.443607,2.0155,Normal,91986247405,,0.0,0,,,https://www.google.com/maps/place/PONTO+DO+A%C3%87A%C3%8D/data=!4m7!3m6!1s0x92a461007802a33b:0xd4d76776f1d348b8!8m2!3d-1.3407365!4d-48.4436074!16s%2Fg%2F11w7fmbgg2!19sChIJO6MCeABhpJIRuEjT8XZn19Q?authuser=0&hl=en&g_ep=EgoyMDI2MDkyMS4wIJJjKgBIAVAD&rclk=1,casa de açaí | ponto de açaí,"casa de açaí no Tenoné, Belém, PA | ponto de açaí no Tenoné, Belém, PA | ponto de açaí no Parque Guajará, Belém, PA",Tenoné | Parque Guajará,3,2026-09-23
ChIJqQfO7QSNpJIReH4H4vONo3g,8692947784363900536,La casa do açaí,,Não informado,Categoria não retornada pelo scraper,Especializado em açaí,RA3_nome_acai_cat_compativel,Nome contém açaí + categoria compatível ou vazia,nome contém açaí ('La casa do açaí'); ocorrências: 2,"La casa do açaí - Passagem Tucunduba, 1551 - Guamá, Belém - PA, 66075-045",Tenoné,Revisar,Belém,PA,-1.467238,-48.4547,16.0882,Revisar,91982547467,,5.0,1,,,https://www.google.com/maps/place/La+casa+do+a%C3%A7a%C3%AD/data=!4m7!3m6!1s0x92a48d04edce07a9:0x78a38df3e2077e78!8m2!3d-1.4672379!4d-48.4547!16s%2Fg%2F11l32z_0w3!19sChIJqQfO7QSNpJIReH4H4vONo3g?authuser=0&hl=en&g_ep=EgoyMDI2MDkyMS4wIJJjKgBIAVAD&rclk=1,casa de açaí,"casa de açaí no Tenoné, Belém, PA | casa de açaí no Una, Belém, PA",Tenoné | Una,2,2026-09-23
ChIJ9XyoECxhpJIRrdbm318oTMY,14288840109983192749,Açai da principal,Organic food store,Loja de Produtos Naturais / Orgânicos,Loja de produtos naturais/orgânicos,Especializado em açaí,RA2_cat_suporte_texto_acai,Categoria 'Organic food store' + evidência textual de açaí,nome contém açaí ('Açai da principal'); ocorrências: 4; categoria: 'Organic food store',"Açai da principal - Número 200 Box B entre alameda 8 e 9 - Coqueiro, Belém - PA, 66823-095",Tenoné,Coqueiro,Belém,PA,-1.330975,-48.445266,1.1643,Normal,91982739755,,1.0,1,,,https://www.google.com/maps/place/A%C3%A7ai+da+principal/data=!4m7!3m6!1s0x92a4612c10a87cf5:0xc64c285fdfe6d6ad!8m2!3d-1.3309752!4d-48.4452657!16s%2Fg%2F11r_q1f817!19sChIJ9XyoECxhpJIRrdbm318oTMY?authuser=0&hl=en&g_ep=EgoyMDI2MDkyMS4wIJJjKgBIAVAD&rclk=1,casa de açaí | ponto de açaí,"casa de açaí no Tenoné, Belém, PA | ponto de açaí no Tenoné, Belém, PA | casa de açaí no Parque Guajará, Belém, PA | ponto de açaí no Parque Guajará, Belém, PA",Tenoné | Parque Guajará,4,2026-09-23
ChIJE6eI2PlgpJIRXV-bYyuog40,10197178885605121885,Ponto do Açaí,Meal delivery,Entrega de Refeições / Delivery,Serviço de delivery de refeições,Açaí + outro segmento,RB2_nome_acai_cat_outro,Nome contém açaí + categoria 'Meal delivery' indica outro segmento,nome contém açaí ('Ponto do Açaí'); ocorrências: 6; categoria: 'Meal delivery',"Ponto do Açaí - Quarenta Horas, Ananindeua - PA, 67120-370",Tenoné,Revisar,Belém,PA,-1.339521,-48.423335,2.4048,Normal,91993631859,,4.4,25,,,https://www.google.com/maps/place/Ponto+do+A%C3%A7a%C3%AD/data=!4m7!3m6!1s0x92a460f9d888a713:0x8d83a82b639b5f5d!8m2!3d-1.339521!4d-48.4233348!16s%2Fg%2F11gb3yyltm!19sChIJE6eI2PlgpJIRXV-bYyuog40?authuser=0&hl=en&g_ep=EgoyMDI2MDkyMS4wIJJjKgBIAVAD&rclk=1,ponto de açaí | açaí delivery | açaí,"ponto de açaí no Tenoné, Belém, PA | açaí delivery no Tenoné, Belém, PA | açaí no Coqueiro, Belém, PA | ponto de açaí no Coqueiro, Belém, PA | açaí delivery no Coqueiro, Belém, PA | açaí delivery no Parque Guajará, Belém, PA",Tenoné | Coqueiro | Parque Guajará,6,2026-09-23
ChIJfdwmLhRhpJIR9V5ki9tT4yY,2802175595556134645,Ponto Do açaí,Snack bar,Lanchonete,Lanchonete / petiscos,Especializado em açaí,RA2_cat_suporte_texto_acai,Categoria 'Snack bar' + evidência textual de açaí,nome contém açaí ('Ponto Do açaí'); ocorrências: 3; categoria: 'Snack bar',"Ponto Do açaí - R. Rui Barbosa, 129-121 - Parque Guajará, Belém - PA, 66821-040",Tenoné,Parque Guajará,Belém,PA,-1.329546,-48.454566,1.9697,Normal,91981638171,,3.8,5,,,https://www.google.com/maps/place/Ponto+Do+a%C3%A7a%C3%AD/data=!4m7!3m6!1s0x92a461142e26dc7d:0x26e353db8b645ef5!8m2!3d-1.3295456!4d-48.4545656!16s%2Fg%2F11gc5gv9xj!19sChIJfdwmLhRhpJIR9V5ki9tT4yY?authuser=0&hl=en&g_ep=EgoyMDI2MDkyMS4wIJJjKgBIAVAD&rclk=1,ponto de açaí,"ponto de açaí no Tenoné, Belém, PA | ponto de açaí no Coqueiro, Belém, PA | ponto de açaí no Parque Guajará, Belém, PA",Tenoné | Coqueiro | Parque Guajará,3,2026-09-23
ChIJC7P6XHePpJIRcpld6E5Vnjc,4007734515800578418,Ponto do Açaí,Restaurant,Restaurante,Categoria genérica de restaurante,Açaí + outro segmento,RB2_nome_acai_cat_outro,Nome contém açaí + categoria 'Restaurant' indica outro segmento,nome contém açaí ('Ponto do Açaí'); categoria: 'Restaurant',"Ponto do Açaí - Tv. Bom Jardim, 1758 - Jurunas, Belém - PA, 66025-184",Tenoné,Una,Belém,PA,-1.471623,-48.490446,17.4723,Revisar,91992017154,,4.5,13,,,https://www.google.com/maps/place/Ponto+do+A%C3%A7a%C3%AD/data=!4m7!3m6!1s0x92a48f775cfab30b:0x379e554ee85d9972!8m2!3d-1.4716231!4d-48.490446!16s%2Fg%2F11k7462stf!19sChIJC7P6XHePpJIRcpld6E5Vnjc?authuser=0&hl=en&g_ep=EgoyMDI2MDkyMS4wIJJjKgBIAVAD&rclk=1,ponto de açaí,"ponto de açaí no Tenoné, Belém, PA",Tenoné,1,2026-09-23
ChIJg3hDm0xhpJIRgebUUs9mp9g,15611559673937061505,Point Flour,Organic food store,Loja de Produtos Naturais / Orgânicos,Loja de produtos naturais/orgânicos,Açaí + outro segmento,RB1_cat_suporte_sem_confirmacao,Categoria 'Organic food store' sugere açaí/sorvete mas sem confirmação textual,ocorrências: 2; categoria: 'Organic food store',"Point Flour - R. 17 de Abril - Parque Guajará, Belém - PA, 66821-510",Tenoné,Parque Guajará,Belém,PA,-1.317117,-48.463756,2.9614,Normal,,,4.4,79,,,https://www.google.com/maps/place/Point+Flour/data=!4m7!3m6!1s0x92a4614c9b437883:0xd8a766cf52d4e681!8m2!3d-1.317117!4d-48.463756!16s%2Fg%2F11g7ksnrl1!19sChIJg3hDm0xhpJIRgebUUs9mp9g?authuser=0&hl=en&g_ep=EgoyMDI2MDkyMS4wIJJjKgBIAVAD&rclk=1,ponto de açaí,"ponto de açaí no Tenoné, Belém, PA | ponto de açaí no Parque Guajará, Belém, PA",Tenoné | Parque Guajará,2,2026-09-23
ChIJA1EEphFhpJIRmsA1Z2tH8oc,9795970666102898842,Açaí 100% Natural Sabor da Amazônia,Açaí shop,Açaíteria / Loja de Açaí,Categoria original indica especialização em açaí,Especializado em açaí,RA_cat_acai_direto,Categoria 'Açaí shop' — evidência forte de especialização,nome contém açaí ('Açaí 100% Natural Sabor da Amazônia'); ocorrências: 3; categoria: 'Açaí shop',"Açaí 100% Natural Sabor da Amazônia - R. Pres. Dutra - Tapanã, Belém - PA, 66825-050",Tenoné,Tapanã,Belém,PA,-1.340253,-48.477218,4.7498,Normal,91983393735,,4.0,2,,,https://www.google.com/maps/place/A%C3%A7a%C3%AD+100%25+Natural+Sabor+da+Amaz%C3%B4nia/data=!4m7!3m6!1s0x92a46111a6045103:0x87f2476b6735c09a!8m2!3d-1.3402526!4d-48.4772178!16s%2Fg%2F11rtc91sgr!19sChIJA1EEphFhpJIRmsA1Z2tH8oc?authuser=0&hl=en&g_ep=EgoyMDI2MDkyMS4wIJJjKgBIAVAD&rclk=1,ponto de açaí | casa de açaí,"ponto de açaí no Tenoné, Belém, PA | casa de açaí no Parque Guajará, Belém, PA | ponto de açaí no Parque Guajará, Belém, PA",Tenoné | Parque Guajará,3,2026-09-23
ChIJ2SOP0CBnpJIRHxKM1LDzU18,6869101797475881503,Açaí do Baixinho Icoaraci,Açaí shop,Açaíteria / Loja de Açaí,Categoria original indica especialização em açaí,Especializado em açaí,RA_cat_acai_direto,Categoria 'Açaí shop' — evidência forte de especialização,nome contém açaí ('Açaí do Baixinho Icoaraci'); ocorrências: 5; categoria: 'Açaí shop',"Rua - R. Pedro Álvares Cabral, 09 - Agulha, Belém - PA, 66811-240",Tenoné,Revisar,Belém,PA,-1.307036,-48.476637,4.6805,Normal,91981374406,https://www.facebook.com/pg/AcaiDoBaixinho/about/,4.9,21,,,https://www.google.com/maps/place/A%C3%A7a%C3%AD+do+Baixinho+Icoaraci/data=!4m7!3m6!1s0x92a46720d08f23d9:0x5f53f3b0d48c121f!8m2!3d-1.3070361!4d-48.4766369!16s%2Fg%2F11fsm44kh_!19sChIJ2SOP0CBnpJIRHxKM1LDzU18?authuser=0&hl=en&g_ep=EgoyMDI2MDkyMS4wIJJjKgBIAVAD&rclk=1,ponto de açaí | açaí | casa de açaí | açaí delivery,"ponto de açaí no Tenoné, Belém, PA | açaí no Parque Guajará, Belém, PA | casa de açaí no Parque Guajará, Belém, PA | ponto de açaí no Parque Guajará, Belém, PA | açaí delivery no Parque Guajará, Belém, PA",Tenoné | Parque Guajará,5,2026-09-23
ChIJ7_of4x1hpJIRL3YiqaU3c9Q,15308640743009187375,Açaí Real,Restaurant,Restaurante,Categoria genérica de restaurante,Açaí + outro segmento,RB2_nome_acai_cat_outro,Nome contém açaí + categoria 'Restaurant' indica outro segmento,nome contém açaí ('Açaí Real'); ocorrências: 5; categoria: 'Restaurant',"Açaí Real - Av. Principal - Coqueiro, Belém - PA",Tenoné,Coqueiro,Belém,PA,-1.330915,-48.439456,0.8391,Normal,,,3.5,6,,,https://www.google.com/maps/place/A%C3%A7a%C3%AD+Real/data=!4m7!3m6!1s0x92a4611de31ffaef:0xd47337a5a922762f!8m2!3d-1.3309152!4d-48.439456!16s%2Fg%2F11jx4sdy5g!19sChIJ7_of4x1hpJIRL3YiqaU3c9Q?authuser=0&hl=en&g_ep=EgoyMDI2MDkyMS4wIJJjKgBIAVAD&rclk=1,ponto de açaí | açaí delivery | açaí,"ponto de açaí no Tenoné, Belém, PA | açaí delivery no Tenoné, Belém, PA | açaí no Parque Guajará, Belém, PA | ponto de açaí no Parque Guajará, Belém, PA | açaí delivery no Parque Guajará, Belém, PA",Tenoné | Parque Guajará,5,2026-09-23
ChIJIUEQD4thpJIR3DK_Oqn6KG4,7937869947982525148,The Açaí King,Açaí shop,Açaíteria / Loja de Açaí,Categoria original indica especialização em açaí,Especializado em açaí,RA_cat_acai_direto,Categoria 'Açaí shop' — evidência forte de especialização,nome contém açaí ('The Açaí King'); ocorrências: 6; categoria: 'Açaí shop',"The Açaí King - Quadra J, 13 - Jibóia Branca, Ananindeua - PA, 67120-760",Tenoné,Revisar,Belém,PA,-1.340565,-48.427515,2.2182,Normal,91982152307,,4.3,3,,,https://www.google.com/maps/place/The+A%C3%A7a%C3%AD+King/data=!4m7!3m6!1s0x92a4618b0f104121:0x6e28faa93abf32dc!8m2!3d-1.3405653!4d-48.4275148!16s%2Fg%2F11h7ptn2h8!19sChIJIUEQD4thpJIR3DK_Oqn6KG4?authuser=0&hl=en&g_ep=EgoyMDI2MDkyMS4wIJJjKgBIAVAD&rclk=1,ponto de açaí | açaí | casa de açaí | açaí delivery,"ponto de açaí no Tenoné, Belém, PA | açaí no Coqueiro, Belém, PA | casa de açaí no Coqueiro, Belém, PA | ponto de açaí no Coqueiro, Belém, PA | açaí delivery no Coqueiro, Belém, PA | casa de açaí no Parque Guajará, Belém, PA",Tenoné | Coqueiro | Parque Guajará,6,2026-09-23
ChIJx-W9WwBhpJIRpelgZ-6Hb5g,10984147474186299813,Açaí do Rogério,Açaí shop,Açaíteria / Loja de Açaí,Categoria original indica especialização em açaí,Especializado em açaí,RA_cat_acai_direto,Categoria 'Açaí shop' — evidência forte de especialização,nome contém açaí ('Açaí do Rogério'); ocorrências: 2; categoria: 'Açaí shop',"Açaí do Rogério - Av. Secundária - Ariramba, Belém - PA",Tenoné,Revisar,Belém,PA,-1.332419,-48.443548,1.1709,Normal,91984807452,,0.0,0,,,https://www.google.com/maps/place/A%C3%A7a%C3%AD+do+Rog%C3%A9rio/data=!4m7!3m6!1s0x92a461005bbde5c7:0x986f87ee6760e9a5!8m2!3d-1.3324194!4d-48.4435485!16s%2Fg%2F11y75fb5sf!19sChIJx-W9WwBhpJIRpelgZ-6Hb5g?authuser=0&hl=en&g_ep=EgoyMDI2MDkyMS4wIJJjKgBIAVAD&rclk=1,ponto de açaí | casa de açaí,"ponto de açaí no Tenoné, Belém, PA | casa de açaí no Parque Guajará, Belém, PA",Tenoné | Parque Guajará,2,2026-09-23
ChIJG8S_3M5hpJIRN9YNtydslbU,13084483210225505847,Açaí e Assados Salmo 23,Restaurant,Restaurante,Categoria genérica de restaurante,Açaí + outro segmento,RB2_nome_acai_cat_outro,Nome contém açaí + categoria 'Restaurant' indica outro segmento,nome contém açaí ('Açaí e Assados Salmo 23'); ocorrências: 2; categoria: 'Restaurant',"Açaí e Assados Salmo 23 - Tv. We-8, 595 - Coqueiro, Belém - PA, 66670-220",Tenoné,Coqueiro,Belém,PA,-1.341029,-48.443896,2.0567,Normal,91983130104,,3.6,20,,,https://www.google.com/maps/place/A%C3%A7a%C3%AD+e+Assados+Salmo+23/data=!4m7!3m6!1s0x92a461cedcbfc41b:0xb5956c27b70dd637!8m2!3d-1.3410291!4d-48.4438962!16s%2Fg%2F11g0tpn60b!19sChIJG8S_3M5hpJIRN9YNtydslbU?authuser=0&hl=en&g_ep=EgoyMDI2MDkyMS4wIJJjKgBIAVAD&rclk=1,ponto de açaí | açaí delivery,"ponto de açaí no Tenoné, Belém, PA | açaí delivery no Tenoné, Belém, PA",Tenoné,2,2026-09-23
ChIJPUQldoJnpJIRW2S3Ppf6QAk,666808272350045275,Império do açai gourmet,Ice cream shop,Açaíteria / Sorveteria,"Categoria de sorvete/gelado, frequentemente vende açaí",Especializado em açaí,RA2_cat_suporte_texto_acai,Categoria 'Ice cream shop' + evidência textual de açaí,nome contém açaí ('Império do açai gourmet'); ocorrências: 4; categoria: 'Ice cream shop',"Império do açai gourmet - R. Jutaí, 17 - Icoaraci, Belém - PA, 66814-210",Tenoné,Revisar,Belém,PA,-1.312528,-48.478527,4.6791,Normal,91984122680,,0.0,0,,,https://www.google.com/maps/place/Imp%C3%A9rio+do+a%C3%A7ai+gourmet/data=!4m7!3m6!1s0x92a467827625443d:0x940fa973eb7645b!8m2!3d-1.3125279!4d-48.4785266!16s%2Fg%2F11zbpnv1dk!19sChIJPUQldoJnpJIRW2S3Ppf6QAk?authuser=0&hl=en&g_ep=EgoyMDI2MDkyMS4wIJJjKgBIAVAD&rclk=1,ponto de açaí | açaí | casa de açaí,"ponto de açaí no Tenoné, Belém, PA | açaí no Parque Guajará, Belém, PA | casa de açaí no Parque Guajará, Belém, PA | ponto de açaí no Parque Guajará, Belém, PA",Tenoné | Parque Guajará,4,2026-09-23
ChIJzY0spPFhpJIRexKQ9VWwNpI,10535802261518422651,Açai Do Nenê,Dollar store,Loja / Comércio,"Loja de R$1,99",Outro estabelecimento,RC1_nome_acai_cat_nao_acai,Categoria 'Dollar store' indica atividade não alimentícia,nome contém açaí ('Açai Do Nenê'); categoria: 'Dollar store',"Açai Do Nenê - Elhos, Tv. Hélio Gueiros, Ananindeua - PA, 67120-170",Tenoné,Revisar,Belém,PA,-1.338157,-48.419735,2.5928,Normal,55983216274,,5.0,3,,,https://www.google.com/maps/place/A%C3%A7ai+Do+Nen%C3%AA/data=!4m7!3m6!1s0x92a461f1a42c8dcd:0x9236b055f590127b!8m2!3d-1.3381575!4d-48.4197355!16s%2Fg%2F11fkz0p0zb!19sChIJzY0spPFhpJIRexKQ9VWwNpI?authuser=0&hl=en&g_ep=EgoyMDI2MDkyMS4wIJJjKgBIAVAD&rclk=1,ponto de açaí,"ponto de açaí no Tenoné, Belém, PA",Tenoné,1,2026-09-23
ChIJfXd6OR9hpJIRd_pMnj9bYCQ,2621195311926540919,Shopping do açaí,Açaí shop,Açaíteria / Loja de Açaí,Categoria original indica especialização em açaí,Especializado em açaí,RA_cat_acai_direto,Categoria 'Açaí shop' — evidência forte de especialização,nome contém açaí ('Shopping do açaí'); categoria: 'Açaí shop',"Shopping do açaí - Passagem Uberaba, 71 - Tapanã, Belém - PA, 66825-779",Tenoné,Tapanã,Belém,PA,-1.335616,-48.474604,4.2958,Normal,91983063748,,5.0,1,,,https://www.google.com/maps/place/Shopping+do+a%C3%A7a%C3%AD/data=!4m7!3m6!1s0x92a4611f397a777d:0x24605b3f9e4cfa77!8m2!3d-1.3356162!4d-48.4746038!16s%2Fg%2F11vwyfjnj9!19sChIJfXd6OR9hpJIRd_pMnj9bYCQ?authuser=0&hl=en&g_ep=EgoyMDI2MDkyMS4wIJJjKgBIAVAD&rclk=1,ponto de açaí,"ponto de açaí no Tenoné, Belém, PA",Tenoné,1,2026-09-23
ChIJX-zhvIlnpJIRhyzuDNiCDms,7714247076173720711,Acaimaxx,Açaí shop,Açaíteria / Loja de Açaí,Categoria original indica especialização em açaí,Especializado em açaí,RA_cat_acai_direto,Categoria 'Açaí shop' — evidência forte de especialização,nome contém açaí ('Acaimaxx'); ocorrências: 2; categoria: 'Açaí shop',"lu artesanato - Tv. da Soledade, 409 - Frente a - Parque Guajará, Belém - PA, 66812-030",Tenoné,Parque Guajará,Belém,PA,-1.309238,-48.468442,3.7488,Normal,91980636483,,0.0,0,,,https://www.google.com/maps/place/Acaimaxx/data=!4m7!3m6!1s0x92a46789bce1ec5f:0x6b0e82d80cee2c87!8m2!3d-1.3092377!4d-48.4684425!16s%2Fg%2F11y__x99fp!19sChIJX-zhvIlnpJIRhyzuDNiCDms?authuser=0&hl=en&g_ep=EgoyMDI2MDkyMS4wIJJjKgBIAVAD&rclk=1,ponto de açaí,"ponto de açaí no Tenoné, Belém, PA | ponto de açaí no Parque Guajará, Belém, PA",Tenoné | Parque Guajará,2,2026-09-23
ChIJVei_HoOJpJIRpx-Nc4L-ins,8902207449689038759,O point do açaí,Açaí shop,Açaíteria / Loja de Açaí,Categoria original indica especialização em açaí,Especializado em açaí,RA_cat_acai_direto,Categoria 'Açaí shop' — evidência forte de especialização,nome contém açaí ('O point do açaí'); ocorrências: 3; categoria: 'Açaí shop',"O point do açaí - Passagem das Flôres - Telégrafo, Belém - PA, 66113",Tenoné,Revisar,Belém,PA,-1.424445,-48.484884,12.3771,Revisar,,,4.4,5,,,https://www.google.com/maps/place/O+point+do+a%C3%A7a%C3%AD/data=!4m7!3m6!1s0x92a489831ebfe855:0x7b8afe82738d1fa7!8m2!3d-1.424445!4d-48.4848838!16s%2Fg%2F11nmgtpky2!19sChIJVei_HoOJpJIRpx-Nc4L-ins?authuser=0&hl=en&g_ep=EgoyMDI2MDkyMS4wIJJjKgBIAVAD&rclk=1,ponto de açaí | açaí na tigela,"ponto de açaí no Tenoné, Belém, PA | açaí na tigela no Coqueiro, Belém, PA | ponto de açaí no São Clemente, Belém, PA",Tenoné | Coqueiro | São Clemente,3,2026-09-23
ChIJTVQnGiNhpJIRRxmdPHHtoKY,12006857677173758279,Açaí Deus Proverá Primavera,Açaí shop,Açaíteria / Loja de Açaí,Categoria original indica especialização em açaí,Especializado em açaí,RA_cat_acai_direto,Categoria 'Açaí shop' — evidência forte de especialização,nome contém açaí ('Açaí Deus Proverá Primavera'); categoria: 'Açaí shop',"em frente ao Condomínio Viver Primavera - Rua do Ranario.3 box1 - Tapanã, Belém - PA, 66825-440",Tenoné,Tapanã,Belém,PA,-1.325417,-48.464598,2.9753,Normal,91986021148,,0.0,0,,,https://www.google.com/maps/place/A%C3%A7a%C3%AD+Deus+Prover%C3%A1+Primavera/data=!4m7!3m6!1s0x92a461231a27544d:0xa6a0ed713c9d1947!8m2!3d-1.3254174!4d-48.464598!16s%2Fg%2F11t1rpzdpd!19sChIJTVQnGiNhpJIRRxmdPHHtoKY?authuser=0&hl=en&g_ep=EgoyMDI2MDkyMS4wIJJjKgBIAVAD&rclk=1,ponto de açaí,"ponto de açaí no Tenoné, Belém, PA",Tenoné,1,2026-09-23
ChIJu0-7mS9hpJIRIVDIyfesWUQ,4925157847748595745,Açai do Naldo icui,Restaurant,Restaurante,Categoria genérica de restaurante,Açaí + outro segmento,RB2_nome_acai_cat_outro,Nome contém açaí + categoria 'Restaurant' indica outro segmento,nome contém açaí ('Açai do Naldo icui'); ocorrências: 4; categoria: 'Restaurant',"Açai do Naldo icui - Estr. Icuí-Guajará, 39 - Icuí-Guajará, Ananindeua - PA, 67125-000",Tenoné,Revisar,Belém,PA,-1.328155,-48.417936,2.2781,Normal,91988061740,https://www.instagram.com/acaidonaldoicui/,5.0,2,,,https://www.google.com/maps/place/A%C3%A7ai+do+Naldo+icui/data=!4m7!3m6!1s0x92a4612f99bb4fbb:0x4459acf7c9c85021!8m2!3d-1.3281554!4d-48.4179363!16s%2Fg%2F11y97qzcf3!19sChIJu0-7mS9hpJIRIVDIyfesWUQ?authuser=0&hl=en&g_ep=EgoyMDI2MDkyMS4wIJJjKgBIAVAD&rclk=1,açaí na tigela,"açaí na tigela no Tenoné, Belém, PA | açaí na tigela no Coqueiro, Belém, PA | açaí na tigela na Cabanagem, Belém, PA | açaí na tigela no Parque Guajará, Belém, PA",Tenoné | Coqueiro | Cabanagem | Parque Guajará,4,2026-09-23
ChIJyYO6imxnpJIRbuwsi19mzJc,10938230155518995566,Açaí Betel,Food manufacturer,Fabricante de Alimentos,Fabricante de alimentos,Açaí + outro segmento,RB2_nome_acai_cat_outro,Nome contém açaí + categoria 'Food manufacturer' indica outro segmento,nome contém açaí ('Açaí Betel'); ocorrências: 3; categoria: 'Food manufacturer',"Açaí Betel - Tv. da Soledade, 16 - Icoaraci, Belém - PA, 66812-030",Tenoné,Revisar,Belém,PA,-1.309543,-48.470882,3.9827,Normal,91989252081,https://wa.me/559189252081,3.7,3,,,https://www.google.com/maps/place/A%C3%A7a%C3%AD+Betel/data=!4m7!3m6!1s0x92a4676c8aba83c9:0x97cc665f8b2cec6e!8m2!3d-1.3095429!4d-48.4708818!16s%2Fg%2F11xmxbfwj8!19sChIJyYO6imxnpJIRbuwsi19mzJc?authuser=0&hl=en&g_ep=EgoyMDI2MDkyMS4wIJJjKgBIAVAD&rclk=1,açaí delivery | açaí,"açaí delivery no Tenoné, Belém, PA | açaí no Parque Guajará, Belém, PA | açaí delivery no Parque Guajará, Belém, PA",Tenoné | Parque Guajará,3,2026-09-23
ChIJC7UJgRFhpJIRe6jltkVD4gs,856320845854124155,Açaí Ouro Do Pará,Restaurant,Restaurante,Categoria genérica de restaurante,Açaí + outro segmento,RB2_nome_acai_cat_outro,Nome contém açaí + categoria 'Restaurant' indica outro segmento,nome contém açaí ('Açaí Ouro Do Pará'); ocorrências: 3; categoria: 'Restaurant',"Açaí Ouro Do Pará - Coqueiro, Belém - PA, 66823-072",Tenoné,Coqueiro,Belém,PA,-1.330265,-48.437276,0.7520,Normal,91989602259,https://instagram.com/acai_ouro_do_para_?utm_source=ig_profile_share&igshid=1cb40x4fju04e,4.3,6,,,https://www.google.com/maps/place/A%C3%A7a%C3%AD+Ouro+Do+Par%C3%A1/data=!4m7!3m6!1s0x92a461118109b50b:0xbe24345b6e5a87b!8m2!3d-1.3302646!4d-48.4372758!16s%2Fg%2F11fhqj780z!19sChIJC7UJgRFhpJIRe6jltkVD4gs?authuser=0&hl=en&g_ep=EgoyMDI2MDkyMS4wIJJjKgBIAVAD&rclk=1,açaí delivery | açaí,"açaí delivery no Tenoné, Belém, PA | açaí no Parque Guajará, Belém, PA | açaí delivery no Parque Guajará, Belém, PA",Tenoné | Parque Guajará,3,2026-09-23
ChIJ0ZbAqKVhpJIR3u-Vum7R6wg,642837645337423838,Açaí Saborear,Meal delivery,Entrega de Refeições / Delivery,Serviço de delivery de refeições,Açaí + outro segmento,RB2_nome_acai_cat_outro,Nome contém açaí + categoria 'Meal delivery' indica outro segmento,nome contém açaí ('Açaí Saborear'); ocorrências: 2; categoria: 'Meal delivery',"Açaí Saborear - R. Campos Sáles, 275-417 - Icuí-Guajará, Ananindeua - PA, 67125-087",Tenoné,Revisar,Belém,PA,-1.327514,-48.419927,2.0465,Normal,91988413843,,5.0,1,,,https://www.google.com/maps/place/A%C3%A7a%C3%AD+Saborear/data=!4m7!3m6!1s0x92a461a5a8c096d1:0x8ebd16eba95efde!8m2!3d-1.3275144!4d-48.4199274!16s%2Fg%2F11shc2mj0q!19sChIJ0ZbAqKVhpJIR3u-Vum7R6wg?authuser=0&hl=en&g_ep=EgoyMDI2MDkyMS4wIJJjKgBIAVAD&rclk=1,açaí delivery,"açaí delivery no Tenoné, Belém, PA | açaí delivery no Coqueiro, Belém, PA",Tenoné | Coqueiro,2,2026-09-23
ChIJNcvIGbdnpJIREu36m2IHmz0,4439149977808858386,Açaí favorito,Meal delivery,Entrega de Refeições / Delivery,Serviço de delivery de refeições,Açaí + outro segmento,RB2_nome_acai_cat_outro,Nome contém açaí + categoria 'Meal delivery' indica outro segmento,nome contém açaí ('Açaí favorito'); categoria: 'Meal delivery',"Açaí favorito - R. Monsenhor José Maria Azevedo, 812 - Campina de Icoaraci, Belém - PA, 66813-640, Belém - PA, 66813-640",Tenoné,Revisar,Belém,PA,-1.294738,-48.471799,4.9448,Normal,91984464702,,0.0,0,,,https://www.google.com/maps/place/A%C3%A7a%C3%AD+favorito/data=!4m7!3m6!1s0x92a467b719c8cb35:0x3d9b07629bfaed12!8m2!3d-1.2947381!4d-48.4717987!16s%2Fg%2F11zfbb_299!19sChIJNcvIGbdnpJIREu36m2IHmz0?authuser=0&hl=en&g_ep=EgoyMDI2MDkyMS4wIJJjKgBIAVAD&rclk=1,açaí delivery,"açaí delivery no Tenoné, Belém, PA",Tenoné,1,2026-09-23
ChIJ9T_eGGNhpJIRthh7Z-24njE,3575498483961632950,Açai da Drika,Meal delivery,Entrega de Refeições / Delivery,Serviço de delivery de refeições,Açaí + outro segmento,RB2_nome_acai_cat_outro,Nome contém açaí + categoria 'Meal delivery' indica outro segmento,nome contém açaí ('Açai da Drika'); ocorrências: 2; categoria: 'Meal delivery',"Açai da Drika - R. C Branco, 123 - Parque Guajara-icoar, Belém - PA, 66821-205",Tenoné,Parque Guajará,Belém,PA,-1.317137,-48.461975,2.7691,Normal,91984019488,,5.0,1,,,https://www.google.com/maps/place/A%C3%A7ai+da+Drika/data=!4m7!3m6!1s0x92a4616318de3ff5:0x319eb8ed677b18b6!8m2!3d-1.3171375!4d-48.4619751!16s%2Fg%2F11p01vtlrz!19sChIJ9T_eGGNhpJIRthh7Z-24njE?authuser=0&hl=en&g_ep=EgoyMDI2MDkyMS4wIJJjKgBIAVAD&rclk=1,açaí delivery,"açaí delivery no Tenoné, Belém, PA | açaí delivery no Parque Guajará, Belém, PA",Tenoné | Parque Guajará,2,2026-09-23
ChIJ9b1jp11hpJIRkGPzo3_9aA8,1110416032800138128,Açaí do Ronaldo,Snack bar,Lanchonete,Lanchonete / petiscos,Especializado em açaí,RA2_cat_suporte_texto_acai,Categoria 'Snack bar' + evidência textual de açaí,nome contém açaí ('Açaí do Ronaldo'); ocorrências: 2; categoria: 'Snack bar',"Açaí do Ronaldo - R. Esperantista, 428-392 - Coqueiro, Belém - PA, 66650-427",Tenoné,Coqueiro,Belém,PA,-1.347332,-48.43915,2.6502,Normal,,,4.9,35,,,https://www.google.com/maps/place/A%C3%A7a%C3%AD+do+Ronaldo/data=!4m7!3m6!1s0x92a4615da763bdf5:0xf68fd7fa3f36390!8m2!3d-1.3473319!4d-48.4391503!16s%2Fg%2F11fmh48y07!19sChIJ9b1jp11hpJIRkGPzo3_9aA8?authuser=0&hl=en&g_ep=EgoyMDI2MDkyMS4wIJJjKgBIAVAD&rclk=1,açaí delivery,"açaí delivery no Tenoné, Belém, PA | açaí delivery no São Clemente, Belém, PA",Tenoné | São Clemente,2,2026-09-23
ChIJ-XhjkAphpJIRWfB5czh_CqE,11604227270305771609,Açaí Balão,Restaurant,Restaurante,Categoria genérica de restaurante,Açaí + outro segmento,RB2_nome_acai_cat_outro,Nome contém açaí + categoria 'Restaurant' indica outro segmento,nome contém açaí ('Açaí Balão'); categoria: 'Restaurant',"Açaí Balão - R. Bolonha - Tapanã, Belém - PA, 66833-530",Tenoné,Tapanã,Belém,PA,-1.341565,-48.457016,2.9218,Normal,,,5.0,3,,,https://www.google.com/maps/place/A%C3%A7a%C3%AD+Bal%C3%A3o/data=!4m7!3m6!1s0x92a4610a906378f9:0xa10a7f387379f059!8m2!3d-1.3415652!4d-48.4570164!16s%2Fg%2F11wtpy_jq4!19sChIJ-XhjkAphpJIRWfB5czh_CqE?authuser=0&hl=en&g_ep=EgoyMDI2MDkyMS4wIJJjKgBIAVAD&rclk=1,açaí delivery,"açaí delivery no Tenoné, Belém, PA",Tenoné,1,2026-09-23
ChIJB1o4OdthpJIR1Ga39-wj1jg,4095500411815290580,Açaí Especial da polimix,Food manufacturing supply,Fornecedor / Distribuidor de Alimentos,Fornecedor de insumos alimentícios,Açaí + outro segmento,RB2_nome_acai_cat_outro,Nome contém açaí + categoria 'Food manufacturing supply' indica outro segmento,nome contém açaí ('Açaí Especial da polimix'); ocorrências: 2; categoria: 'Food manufacturing supply',"Açaí Especial da polimix - Alameda Santa Rosa, 42 - Parque Guajara (Icoaraci, Belém - PA, 66821-000",Tenoné,Parque Guajará,Belém,PA,-1.32001,-48.461288,2.6292,Normal,91992650456,,5.0,3,,,https://www.google.com/maps/place/A%C3%A7a%C3%AD+Especial+da+polimix/data=!4m7!3m6!1s0x92a461db39385a07:0x38d623ecf7b766d4!8m2!3d-1.3200105!4d-48.4612881!16s%2Fg%2F11vdxlh3pz!19sChIJB1o4OdthpJIR1Ga39-wj1jg?authuser=0&hl=en&g_ep=EgoyMDI2MDkyMS4wIJJjKgBIAVAD&rclk=1,açaí delivery,"açaí delivery no Tenoné, Belém, PA | açaí delivery no Parque Guajará, Belém, PA",Tenoné | Parque Guajará,2,2026-09-23
ChIJq_ElGkKPpJIRNNr9i8g711A,5825190375555193396,Ô Açaí Belém,Açaí shop,Açaíteria / Loja de Açaí,Categoria original indica especialização em açaí,Especializado em açaí,RA_cat_acai_direto,Categoria 'Açaí shop' — evidência forte de especialização,nome contém açaí ('Ô Açaí Belém'); ocorrências: 2; categoria: 'Açaí shop',"Ô Açaí Belém - Avenida Senador Lemos n•, 330 A - Umarizal, Belém - PA, 66050-000",Tenoné,Revisar,Belém,PA,-1.440297,-48.488947,14.1696,Revisar,91985569305,,4.7,13,,,https://www.google.com/maps/place/%C3%94+A%C3%A7a%C3%AD+Bel%C3%A9m/data=!4m7!3m6!1s0x92a48f421a25f1ab:0x50d73bc88bfdda34!8m2!3d-1.440297!4d-48.488947!16s%2Fg%2F11h37ms1ws!19sChIJq_ElGkKPpJIRNNr9i8g711A?authuser=0&hl=en&g_ep=EgoyMDI2MDkyMS4wIJJjKgBIAVAD&rclk=1,açaí delivery | açaí na tigela,"açaí delivery no Tenoné, Belém, PA | açaí na tigela no Coqueiro, Belém, PA",Tenoné | Coqueiro,2,2026-09-23
ChIJqWnFXqtfpJIRoN9ku0lIJyU,2677187985008811936,açai pirão,Food manufacturing supply,Fornecedor / Distribuidor de Alimentos,Fornecedor de insumos alimentícios,Açaí + outro segmento,RB2_nome_acai_cat_outro,Nome contém açaí + categoria 'Food manufacturing supply' indica outro segmento,nome contém açaí ('açai pirão'); ocorrências: 6; categoria: 'Food manufacturing supply',"e belem - travessa sao paulo 2 entre ruas rio de janeiro, Ananindeua - PA, 67035-450",Tenoné,Revisar,Belém,PA,-1.345434,-48.359822,9.0148,Atenção,91983933753,https://www.acaipirao.com/,5.0,14,,,https://www.google.com/maps/place/a%C3%A7ai+pir%C3%A3o/data=!4m7!3m6!1s0x92a45fab5ec569a9:0x25274849bb64dfa0!8m2!3d-1.3454343!4d-48.3598217!16s%2Fg%2F11s4z5mybp!19sChIJqWnFXqtfpJIRoN9ku0lIJyU?authuser=0&hl=en&g_ep=EgoyMDI2MDkyMS4wIJJjKgBIAVAD&rclk=1,açaí delivery | açaí | casa de açaí,"açaí delivery no Tenoné, Belém, PA | açaí no Coqueiro, Belém, PA | casa de açaí no Coqueiro, Belém, PA | açaí delivery no Coqueiro, Belém, PA | açaí no Parque Guajará, Belém, PA | casa de açaí no Parque Guajará, Belém, PA",Tenoné | Coqueiro | Parque Guajará,6,2026-09-23
ChIJ34jyAWKJpJIRANaJaSyneaQ,11851687703593211392,Açaí da PP,Restaurant,Restaurante,Categoria genérica de restaurante,Açaí + outro segmento,RB2_nome_acai_cat_outro,Nome contém açaí + categoria 'Restaurant' indica outro segmento,nome contém açaí ('Açaí da PP'); ocorrências: 2; categoria: 'Restaurant',"Açaí da PP - R. 15A, 92 - Maracangalha, Belém - PA, 66110-060",Tenoné,Revisar,Belém,PA,-1.397551,-48.480231,9.4809,Atenção,91999916136,,4.8,25,,,https://www.google.com/maps/place/A%C3%A7a%C3%AD+da+PP/data=!4m7!3m6!1s0x92a4896201f288df:0xa479a72c6989d600!8m2!3d-1.3975506!4d-48.4802307!16s%2Fg%2F11hf9x9n9w!19sChIJ34jyAWKJpJIRANaJaSyneaQ?authuser=0&hl=en&g_ep=EgoyMDI2MDkyMS4wIJJjKgBIAVAD&rclk=1,açaí delivery,"açaí delivery no Tenoné, Belém, PA | açaí delivery no Coqueiro, Belém, PA",Tenoné | Coqueiro,2,2026-09-23
ChIJ4Zz6kwZhpJIRRVL2wp2FILI,12835405850633196101,Açaí Mix Frozen,Açaí shop,Açaíteria / Loja de Açaí,Categoria original indica especialização em açaí,Especializado em açaí,RA_cat_acai_direto,Categoria 'Açaí shop' — evidência forte de especialização,nome contém açaí ('Açaí Mix Frozen'); ocorrências: 7; categoria: 'Açaí shop',"Açaí Mix Frozen - Av. São Pedro - Coqueiro, Belém - PA, 66650-020",Coqueiro,Coqueiro,Belém,PA,-1.353571,-48.437416,1.1119,Normal,91982442775,,3.5,2,,,https://www.google.com/maps/place/A%C3%A7a%C3%AD+Mix+Frozen/data=!4m7!3m6!1s0x92a4610693fa9ce1:0xb220859dc2f65245!8m2!3d-1.3535705!4d-48.437416!16s%2Fg%2F11y41gzrsz!19sChIJ4Zz6kwZhpJIRRVL2wp2FILI?authuser=0&hl=en&g_ep=EgoyMDI2MDkyMS4wIJJjKgBIAVAD&rclk=1,açaí | casa de açaí | ponto de açaí | açaí na tigela | açaí delivery,"açaí no Coqueiro, Belém, PA | casa de açaí no Coqueiro, Belém, PA | ponto de açaí no Coqueiro, Belém, PA | açaí na tigela no Coqueiro, Belém, PA | açaí delivery no Coqueiro, Belém, PA | casa de açaí no São Clemente, Belém, PA | casa de açaí na Cabanagem, Belém, PA",Coqueiro | São Clemente | Cabanagem,7,2026-09-23
ChIJdbdJcJphpJIR0LO-IZe6Oms,7726693268976481232,Açaí ki delícia,Food manufacturing supply,Fornecedor / Distribuidor de Alimentos,Fornecedor de insumos alimentícios,Açaí + outro segmento,RB2_nome_acai_cat_outro,Nome contém açaí + categoria 'Food manufacturing supply' indica outro segmento,nome contém açaí ('Açaí ki delícia'); ocorrências: 11; categoria: 'Food manufacturing supply',"Açaí ki delícia - Passagem São Pedro - Cabanagem, Belém - PA, 66625-410",Coqueiro,Cabanagem,Belém,PA,-1.359128,-48.439603,1.5781,Normal,91980885683,https://www.facebook.com/kidelicia55/,5.0,3,,,https://www.google.com/maps/place/A%C3%A7a%C3%AD+ki+del%C3%ADcia/data=!4m7!3m6!1s0x92a4619a7049b775:0x6b3aba9721beb3d0!8m2!3d-1.3591278!4d-48.4396029!16s%2Fg%2F11fw7hlz4s!19sChIJdbdJcJphpJIR0LO-IZe6Oms?authuser=0&hl=en&g_ep=EgoyMDI2MDkyMS4wIJJjKgBIAVAD&rclk=1,açaí | açaíteria | açaí delivery | casa de açaí | açaí na tigela,"açaí no Coqueiro, Belém, PA | açaí no Benguí, Belém, PA | açaíteria no Benguí, Belém, PA | açaí delivery no Benguí, Belém, PA | açaíteria no São Clemente, Belém, PA | açaí delivery no São Clemente, Belém, PA | açaí na Cabanagem, Belém, PA | açaíteria na Cabanagem, Belém, PA | casa de açaí na Cabanagem, Belém, PA | açaí na tigela na Cabanagem, Belém, PA | açaí delivery na Cabanagem, Belém, PA",Coqueiro | Benguí | São Clemente | Cabanagem,11,2026-09-23
ChIJjarUCGhgpJIRQ-SVIXQrcOU,16532762009856762947,Açaí do Raí,Health food restaurant,Restaurante Saudável,Restaurante com foco em alimentação saudável,Especializado em açaí,RA2_cat_suporte_texto_acai,Categoria 'Health food restaurant' + evidência textual de açaí,nome contém açaí ('Açaí do Raí'); ocorrências: 2; categoria: 'Health food restaurant',"Açaí do Raí - Travessa Liberdade, Av. Gov. Hélio Gueiros, 164 - 236, Ananindeua - PA, 67120-569",Coqueiro,Revisar,Belém,PA,-1.34864,-48.418807,2.7320,Normal,,,4.2,17,,,https://www.google.com/maps/place/A%C3%A7a%C3%AD+do+Ra%C3%AD/data=!4m7!3m6!1s0x92a4606808d4aa8d:0xe5702b742195e443!8m2!3d-1.34864!4d-48.4188073!16s%2Fg%2F11bzq10yml!19sChIJjarUCGhgpJIRQ-SVIXQrcOU?authuser=0&hl=en&g_ep=EgoyMDI2MDkyMS4wIJJjKgBIAVAD&rclk=1,açaí | açaí delivery,"açaí no Coqueiro, Belém, PA | açaí delivery no Coqueiro, Belém, PA",Coqueiro,2,2026-09-23
ChIJzQGoNx5hpJIRafXmQ9bLI6Y,11971636355603559785,Açaí tropical,Meal delivery,Entrega de Refeições / Delivery,Serviço de delivery de refeições,Açaí + outro segmento,RB2_nome_acai_cat_outro,Nome contém açaí + categoria 'Meal delivery' indica outro segmento,nome contém açaí ('Açaí tropical'); ocorrências: 2; categoria: 'Meal delivery',"Açaí tropical - Passagem Santa Clara - Quarenta Horas, Ananindeua - PA, 67120-485",Coqueiro,Revisar,Belém,PA,-1.341866,-48.419773,2.6299,Normal,91981195820,,5.0,3,,,https://www.google.com/maps/place/A%C3%A7a%C3%AD+tropical/data=!4m7!3m6!1s0x92a4611e37a801cd:0xa623cbd643e6f569!8m2!3d-1.3418661!4d-48.4197726!16s%2Fg%2F11fmbdvz4w!19sChIJzQGoNx5hpJIRafXmQ9bLI6Y?authuser=0&hl=en&g_ep=EgoyMDI2MDkyMS4wIJJjKgBIAVAD&rclk=1,açaí | açaí delivery,"açaí no Coqueiro, Belém, PA | açaí delivery no Coqueiro, Belém, PA",Coqueiro,2,2026-09-23
ChIJ906UBYthpJIRn6OCPpT7Tr4,13713174529512219551,AÇAI DO MIKAEL,Food products supplier,Fornecedor / Distribuidor de Alimentos,Fornecedor de produtos alimentícios,Açaí + outro segmento,RB2_nome_acai_cat_outro,Nome contém açaí + categoria 'Food products supplier' indica outro segmento,nome contém açaí ('AÇAI DO MIKAEL'); ocorrências: 2; categoria: 'Food products supplier',"AÇAI DO MIKAEL - Passagem Jiboia Branca, 496 - Jibóia Branca, Ananindeua - PA, 67120-698",Coqueiro,Revisar,Belém,PA,-1.344516,-48.42702,1.7976,Normal,91984304976,,5.0,1,,,https://www.google.com/maps/place/A%C3%87AI+DO+MIKAEL/data=!4m7!3m6!1s0x92a4618b05944ef7:0xbe4efb943e82a39f!8m2!3d-1.3445162!4d-48.4270198!16s%2Fg%2F11rw6m_qwl!19sChIJ906UBYthpJIRn6OCPpT7Tr4?authuser=0&hl=en&g_ep=EgoyMDI2MDkyMS4wIJJjKgBIAVAD&rclk=1,açaí | açaí delivery,"açaí no Coqueiro, Belém, PA | açaí delivery no Coqueiro, Belém, PA",Coqueiro,2,2026-09-23
ChIJU9BUvQBfpJIRusuaDV6sUd4,16019774869488716730,Açai Brasil,Restaurant,Restaurante,Categoria genérica de restaurante,Açaí + outro segmento,RB2_nome_acai_cat_outro,Nome contém açaí + categoria 'Restaurant' indica outro segmento,nome contém açaí ('Açai Brasil'); categoria: 'Restaurant',"Açai Brasil - Av. Brasil - Distrito Industrial, Ananindeua - PA, 67035-300",Coqueiro,Revisar,Belém,PA,-1.34275,-48.358245,9.4449,Atenção,,,4.5,2,,,https://www.google.com/maps/place/A%C3%A7ai+Brasil/data=!4m7!3m6!1s0x92a45f00bd54d053:0xde51ac5e0d9acbba!8m2!3d-1.3427499!4d-48.3582453!16s%2Fg%2F11j3vjzp3y!19sChIJU9BUvQBfpJIRusuaDV6sUd4?authuser=0&hl=en&g_ep=EgoyMDI2MDkyMS4wIJJjKgBIAVAD&rclk=1,açaí,"açaí no Coqueiro, Belém, PA",Coqueiro,1,2026-09-23
ChIJX1D3AgBhpJIRISz7K1_9PW0,7871726308915096609,Açaí Ágape,Farm,Outro (Não Alimentício),Sítio / fazenda,Outro estabelecimento,RC1_nome_acai_cat_nao_acai,Categoria 'Farm' indica atividade não alimentícia,nome contém açaí ('Açaí Ágape'); ocorrências: 2; categoria: 'Farm',"Açaí Ágape - R. Santo Antônio, 456-470 - Cabanagem, Belém - PA, 66625-670",Coqueiro,Cabanagem,Belém,PA,-1.358827,-48.441871,1.5010,Normal,,,0.0,0,,,https://www.google.com/maps/place/A%C3%A7a%C3%AD+%C3%81gape/data=!4m7!3m6!1s0x92a4610002f7505f:0x6d3dfd5f2bfb2c21!8m2!3d-1.358827!4d-48.4418714!16s%2Fg%2F11nq2yzzlk!19sChIJX1D3AgBhpJIRISz7K1_9PW0?authuser=0&hl=en&g_ep=EgoyMDI2MDkyMS4wIJJjKgBIAVAD&rclk=1,açaí,"açaí no Coqueiro, Belém, PA | açaí na Cabanagem, Belém, PA",Coqueiro | Cabanagem,2,2026-09-23
ChIJlcgXohVhpJIRU2Yw1ugI3Fo,6547117754408789587,AÇAI DEUS É FIEL,Food court,Praça de Alimentação / Shopping,Praça de alimentação,Açaí + outro segmento,RB2_nome_acai_cat_outro,Nome contém açaí + categoria 'Food court' indica outro segmento,nome contém açaí ('AÇAI DEUS É FIEL'); categoria: 'Food court',"De canto com a - Travessa icui guajara, Passagem Santa Clara, 40 - horas, Ananindeua - PA, 66833-110",Coqueiro,Revisar,Belém,PA,-1.341862,-48.419765,2.6309,Normal,91991681615,,5.0,3,,,https://www.google.com/maps/place/A%C3%87AI+DEUS+%C3%89+FIEL/data=!4m7!3m6!1s0x92a46115a217c895:0x5adc08e8d6306653!8m2!3d-1.3418624!4d-48.419765!16s%2Fg%2F11s6440h4r!19sChIJlcgXohVhpJIRU2Yw1ugI3Fo?authuser=0&hl=en&g_ep=EgoyMDI2MDkyMS4wIJJjKgBIAVAD&rclk=1,açaí,"açaí no Coqueiro, Belém, PA",Coqueiro,1,2026-09-23
ChIJv95KmsxhpJIRJO6xYsAJ-cw,14769847174832451108,Acai NORTE,Dessert shop,Açaíteria / Doceria,Loja de sobremesas,Especializado em açaí,RA2_cat_suporte_texto_acai,Categoria 'Dessert shop' + evidência textual de açaí,nome contém açaí ('Acai NORTE'); ocorrências: 6; categoria: 'Dessert shop',"Acai NORTE - Passagem Dom Pedro, 38 - Cidade Velha, Belém - PA, 66020-230",Coqueiro,Revisar,Belém,PA,-1.3603,-48.440405,1.6861,Normal,,,0.0,0,,,https://www.google.com/maps/place/Acai+NORTE/data=!4m7!3m6!1s0x92a461cc9a4adebf:0xccf909c062b1ee24!8m2!3d-1.3603!4d-48.4404053!16s%2Fg%2F11zfnlgh_9!19sChIJv95KmsxhpJIRJO6xYsAJ-cw?authuser=0&hl=en&g_ep=EgoyMDI2MDkyMS4wIJJjKgBIAVAD&rclk=1,açaí | casa de açaí | ponto de açaí,"açaí no Coqueiro, Belém, PA | casa de açaí no Coqueiro, Belém, PA | ponto de açaí no Coqueiro, Belém, PA | açaí no Una, Belém, PA | casa de açaí na Cabanagem, Belém, PA | ponto de açaí na Cabanagem, Belém, PA",Coqueiro | Una | Cabanagem,6,2026-09-23
ChIJ87mz3jJgpJIR2ug0hM475_g,17935369799193651418,Acai Salmo 128,Restaurant,Restaurante,Categoria genérica de restaurante,Açaí + outro segmento,RB2_nome_acai_cat_outro,Nome contém açaí + categoria 'Restaurant' indica outro segmento,nome contém açaí ('Acai Salmo 128'); ocorrências: 2; categoria: 'Restaurant',"Acai Salmo 128 - Passagem Bom Jesus, 46 - Cabanagem, Belém - PA, 66625-440",Coqueiro,Cabanagem,Belém,PA,-1.361915,-48.437808,1.9316,Normal,,,0.0,0,,,https://www.google.com/maps/place/Acai+Salmo+128/data=!4m7!3m6!1s0x92a46032deb3b9f3:0xf8e73bce8434e8da!8m2!3d-1.3619154!4d-48.4378078!16s%2Fg%2F11nk0tr716!19sChIJ87mz3jJgpJIR2ug0hM475_g?authuser=0&hl=en&g_ep=EgoyMDI2MDkyMS4wIJJjKgBIAVAD&rclk=1,açaí,"açaí no Coqueiro, Belém, PA | açaí na Cabanagem, Belém, PA",Coqueiro | Cabanagem,2,2026-09-23
ChIJAZYb5mRhpJIRuKPkPPmnNGU,7292638385529988024,Barões do Açaí,Restaurant,Restaurante,Categoria genérica de restaurante,Açaí + outro segmento,RB2_nome_acai_cat_outro,Nome contém açaí + categoria 'Restaurant' indica outro segmento,nome contém açaí ('Barões do Açaí'); ocorrências: 2; categoria: 'Restaurant',"Barões do Açaí - Av. Perimetral, 285b - Tapanã, Belém - PA, 66830-360",Coqueiro,Tapanã,Belém,PA,-1.348375,-48.464571,2.4024,Normal,91982431390,,4.6,5,,,https://www.google.com/maps/place/Bar%C3%B5es+do+A%C3%A7a%C3%AD/data=!4m7!3m6!1s0x92a46164e61b9601:0x6534a7f93ce4a3b8!8m2!3d-1.348375!4d-48.4645705!16s%2Fg%2F11gmyvf1q1!19sChIJAZYb5mRhpJIRuKPkPPmnNGU?authuser=0&hl=en&g_ep=EgoyMDI2MDkyMS4wIJJjKgBIAVAD&rclk=1,açaí | açaí delivery,"açaí no Coqueiro, Belém, PA | açaí delivery no Coqueiro, Belém, PA",Coqueiro,2,2026-09-23
ChIJATHliGBhpJIRJo0QgZeYiZY,10847368953971379494,Açaí da Saty,Raw food restaurant,Restaurante Saudável,Restaurante de alimentos naturais,Especializado em açaí,RA2_cat_suporte_texto_acai,Categoria 'Raw food restaurant' + evidência textual de açaí,nome contém açaí ('Açaí da Saty'); ocorrências: 3; categoria: 'Raw food restaurant',"Açaí da Saty - Av. Brasil - Cabanagem, Belém - PA, 66625-670",Coqueiro,Cabanagem,Belém,PA,-1.359314,-48.43988,1.5908,Normal,91981718618,https://instagram.com/acaidasaty?utm_medium=copy_link,5.0,2,,,https://www.google.com/maps/place/A%C3%A7a%C3%AD+da+Saty/data=!4m7!3m6!1s0x92a4616088e53101:0x9689989781108d26!8m2!3d-1.359314!4d-48.4398803!16s%2Fg%2F11rftc0s8h!19sChIJATHliGBhpJIRJo0QgZeYiZY?authuser=0&hl=en&g_ep=EgoyMDI2MDkyMS4wIJJjKgBIAVAD&rclk=1,açaí | açaí delivery,"açaí no Coqueiro, Belém, PA | açaí na Cabanagem, Belém, PA | açaí delivery na Cabanagem, Belém, PA",Coqueiro | Cabanagem,3,2026-09-23
ChIJUTjUqcaLpJIR47kh45z1BjE,3532781011893074403,Açaí do Yuri,Açaí shop,Açaíteria / Loja de Açaí,Categoria original indica especialização em açaí,Especializado em açaí,RA_cat_acai_direto,Categoria 'Açaí shop' — evidência forte de especialização,nome contém açaí ('Açaí do Yuri'); ocorrências: 7; categoria: 'Açaí shop',"Açaí do Yuri - Passagem Santa Teresinha - Coqueiro, Ananindeua - PA, 67000-000",Coqueiro,Coqueiro,Belém,PA,-1.380388,-48.416941,4.8625,Normal,91980363197,,4.6,14,,,https://www.google.com/maps/place/A%C3%A7a%C3%AD+do+Yuri/data=!4m7!3m6!1s0x92a48bc6a9d43851:0x3106f59ce321b9e3!8m2!3d-1.380388!4d-48.4169406!16s%2Fg%2F11s614k6yf!19sChIJUTjUqcaLpJIR47kh45z1BjE?authuser=0&hl=en&g_ep=EgoyMDI2MDkyMS4wIJJjKgBIAVAD&rclk=1,açaí | casa de açaí | ponto de açaí | açaí delivery,"açaí no Coqueiro, Belém, PA | casa de açaí no Coqueiro, Belém, PA | ponto de açaí no Coqueiro, Belém, PA | açaí no Una, Belém, PA | casa de açaí no Una, Belém, PA | ponto de açaí no Una, Belém, PA | açaí delivery no Una, Belém, PA",Coqueiro | Una,7,2026-09-23
ChIJpyV5-HNhpJIRELiOCqO6FgY,438743223134763024,PUROO AÇAI,Restaurant,Restaurante,Categoria genérica de restaurante,Açaí + outro segmento,RB2_nome_acai_cat_outro,Nome contém açaí + categoria 'Restaurant' indica outro segmento,nome contém açaí ('PUROO AÇAI'); ocorrências: 3; categoria: 'Restaurant',"PUROO AÇAI - Rua união quadra 174. N° 62 Esquina com a, Passagem São João - Cabanagem, Belém - PA, 66625-800",Coqueiro,Cabanagem,Belém,PA,-1.363406,-48.437032,2.1162,Normal,9155443322,,5.0,5,,,https://www.google.com/maps/place/PUROO+A%C3%87AI/data=!4m7!3m6!1s0x92a46173f87925a7:0x616baa30a8eb810!8m2!3d-1.3634064!4d-48.437032!16s%2Fg%2F11h_bnyzw_!19sChIJpyV5-HNhpJIRELiOCqO6FgY?authuser=0&hl=en&g_ep=EgoyMDI2MDkyMS4wIJJjKgBIAVAD&rclk=1,açaí | açaí delivery,"açaí no Coqueiro, Belém, PA | açaí na Cabanagem, Belém, PA | açaí delivery na Cabanagem, Belém, PA",Coqueiro | Cabanagem,3,2026-09-23
ChIJj3knwZFhpJIRwfyq7K9I414,6837388579705650369,Açaí Cremmy Indústria de Alimentos,Frozen food manufacturer,Fabricante de Alimentos,Fabricante de congelados,Açaí + outro segmento,RB2_nome_acai_cat_outro,Nome contém açaí + categoria 'Frozen food manufacturer' indica outro segmento,nome contém açaí ('Açaí Cremmy Indústria de Alimentos'); categoria: 'Frozen food manufacturer',"Esquina com - Passagem Santa Clara, Passagem Moreira, 70 - Quarenta Horas, Ananindeua - PA, 67120-485",Coqueiro,Revisar,Belém,PA,-1.341094,-48.420261,2.5908,Normal,9130743363,,5.0,5,,,https://www.google.com/maps/place/A%C3%A7a%C3%AD+Cremmy+Ind%C3%BAstria+de+Alimentos/data=!4m7!3m6!1s0x92a46191c127798f:0x5ee348afecaafcc1!8m2!3d-1.3410936!4d-48.4202606!16s%2Fg%2F11rcq8bkfd!19sChIJj3knwZFhpJIRwfyq7K9I414?authuser=0&hl=en&g_ep=EgoyMDI2MDkyMS4wIJJjKgBIAVAD&rclk=1,açaí,"açaí no Coqueiro, Belém, PA",Coqueiro,1,2026-09-23
ChIJy1Uh61NhpJIR9SOk-HXrD8w,14704230200303166453,Açaí CASA DO PÃO,Restaurant,Restaurante,Categoria genérica de restaurante,Açaí + outro segmento,RB2_nome_acai_cat_outro,Nome contém açaí + categoria 'Restaurant' indica outro segmento,nome contém açaí ('Açaí CASA DO PÃO'); ocorrências: 2; categoria: 'Restaurant',"Açaí CASA DO PÃO - Conj Porto Laranjeira, Q15 N490 - Tenoné, Belém - PA",Coqueiro,Tenoné,Belém,PA,-1.326179,-48.431419,2.5038,Normal,91981128727,,4.7,3,,,https://www.google.com/maps/place/A%C3%A7a%C3%AD+CASA+DO+P%C3%83O/data=!4m7!3m6!1s0x92a46153eb2155cb:0xcc0feb75f8a423f5!8m2!3d-1.3261793!4d-48.4314189!16s%2Fg%2F11j15d4ygf!19sChIJy1Uh61NhpJIR9SOk-HXrD8w?authuser=0&hl=en&g_ep=EgoyMDI2MDkyMS4wIJJjKgBIAVAD&rclk=1,casa de açaí,"casa de açaí no Coqueiro, Belém, PA | casa de açaí no Parque Guajará, Belém, PA",Coqueiro | Parque Guajará,2,2026-09-23
ChIJCY2pSABfpJIRdEjBj8lzsKc,12083285109772470388,Império do Açaí,Açaí shop,Açaíteria / Loja de Açaí,Categoria original indica especialização em açaí,Especializado em açaí,RA_cat_acai_direto,Categoria 'Açaí shop' — evidência forte de especialização,nome contém açaí ('Império do Açaí'); categoria: 'Açaí shop',"Império do Açaí - Conj. Geraldo Palmeira, casa 2 quadra 2 - Distrito Industrial, Ananindeua - PA, 67000-000",Coqueiro,Revisar,Belém,PA,-1.350711,-48.363062,8.9244,Atenção,,,5.0,1,,,https://www.google.com/maps/place/Imp%C3%A9rio+do+A%C3%A7a%C3%AD/data=!4m7!3m6!1s0x92a45f0048a98d09:0xa7b073c98fc14874!8m2!3d-1.3507113!4d-48.3630618!16s%2Fg%2F11yftp57q6!19sChIJCY2pSABfpJIRdEjBj8lzsKc?authuser=0&hl=en&g_ep=EgoyMDI2MDkyMS4wIJJjKgBIAVAD&rclk=1,casa de açaí,"casa de açaí no Coqueiro, Belém, PA",Coqueiro,1,2026-09-23
ChIJYUpZFQ5fpJIRj0l85vkU2js,4312782656706988431,Casa do açaí do Iris,Organic food store,Loja de Produtos Naturais / Orgânicos,Loja de produtos naturais/orgânicos,Especializado em açaí,RA2_cat_suporte_texto_acai,Categoria 'Organic food store' + evidência textual de açaí,nome contém açaí ('Casa do açaí do Iris'); ocorrências: 2; categoria: 'Organic food store',"Casa do açaí do Iris - R. Oscar de Souza, N° 87 - Distrito Industrial, Ananindeua - PA, 67030-680",Coqueiro,Revisar,Belém,PA,-1.347963,-48.367122,8.4583,Atenção,,,4.4,10,,,https://www.google.com/maps/place/Casa+do+a%C3%A7a%C3%AD+do+Iris/data=!4m7!3m6!1s0x92a45f0e15594a61:0x3bda14f9e67c498f!8m2!3d-1.347963!4d-48.3671223!16s%2Fg%2F11gv050t71!19sChIJYUpZFQ5fpJIRj0l85vkU2js?authuser=0&hl=en&g_ep=EgoyMDI2MDkyMS4wIJJjKgBIAVAD&rclk=1,casa de açaí,"casa de açaí no Coqueiro, Belém, PA | casa de açaí no Parque Guajará, Belém, PA",Coqueiro | Parque Guajará,2,2026-09-23
ChIJTW-SFQBhpJIRZW2wVDwqUes,16956380510633880933,Açaí Araújo,Açaí shop,Açaíteria / Loja de Açaí,Categoria original indica especialização em açaí,Especializado em açaí,RA_cat_acai_direto,Categoria 'Açaí shop' — evidência forte de especialização,nome contém açaí ('Açaí Araújo'); categoria: 'Açaí shop',"Açaí Araújo - Tv. Primeira, 43 - Quarenta Horas, Ananindeua - PA",Coqueiro,Revisar,Belém,PA,-1.343244,-48.414446,3.2017,Normal,,,0.0,0,,,https://www.google.com/maps/place/A%C3%A7a%C3%AD+Ara%C3%BAjo/data=!4m7!3m6!1s0x92a4610015926f4d:0xeb512a3c54b06d65!8m2!3d-1.3432439!4d-48.4144464!16s%2Fg%2F11zx2rd8wr!19sChIJTW-SFQBhpJIRZW2wVDwqUes?authuser=0&hl=en&g_ep=EgoyMDI2MDkyMS4wIJJjKgBIAVAD&rclk=1,casa de açaí,"casa de açaí no Coqueiro, Belém, PA",Coqueiro,1,2026-09-23
ChIJDVI9QQBfpJIR01vZpJpYRp8,11476958121614203859,Lá Casa De Açaí,Store,Loja / Comércio,Loja genérica,Açaí + outro segmento,RB2_nome_acai_cat_outro,Nome contém açaí + categoria 'Store' indica outro segmento,nome contém açaí ('Lá Casa De Açaí'); ocorrências: 2; categoria: 'Store',"Lá Casa De Açaí - Av. Zacarias de Assunção, 85 - Heliolandia, Ananindeua - PA, 67030-180",Coqueiro,Revisar,Belém,PA,-1.351525,-48.364418,8.7806,Atenção,,,0.0,0,,,https://www.google.com/maps/place/L%C3%A1+Casa+De+A%C3%A7a%C3%AD/data=!4m7!3m6!1s0x92a45f00413d520d:0x9f46589aa4d95bd3!8m2!3d-1.3515246!4d-48.3644183!16s%2Fg%2F11mcs42ygf!19sChIJDVI9QQBfpJIR01vZpJpYRp8?authuser=0&hl=en&g_ep=EgoyMDI2MDkyMS4wIJJjKgBIAVAD&rclk=1,casa de açaí,"casa de açaí no Coqueiro, Belém, PA | casa de açaí no Una, Belém, PA",Coqueiro | Una,2,2026-09-23
ChIJw30XOQBfpJIRU9NldRSHxYc,9783374287470973779,Açaí do wil,Açaí shop,Açaíteria / Loja de Açaí,Categoria original indica especialização em açaí,Especializado em açaí,RA_cat_acai_direto,Categoria 'Açaí shop' — evidência forte de especialização,nome contém açaí ('Açaí do wil'); categoria: 'Açaí shop',"Açaí do wil - R. Oscar de Souza, 155 - Distrito Industrial, Ananindeua - PA, 67030-680",Coqueiro,Revisar,Belém,PA,-1.348701,-48.366342,8.5481,Atenção,,,5.0,1,,,https://www.google.com/maps/place/A%C3%A7a%C3%AD+do+wil/data=!4m7!3m6!1s0x92a45f0039177dc3:0x87c587147565d353!8m2!3d-1.348701!4d-48.366342!16s%2Fg%2F11zgflynmr!19sChIJw30XOQBfpJIRU9NldRSHxYc?authuser=0&hl=en&g_ep=EgoyMDI2MDkyMS4wIJJjKgBIAVAD&rclk=1,casa de açaí,"casa de açaí no Coqueiro, Belém, PA",Coqueiro,1,2026-09-23
ChIJhTW0nolgpJIR5_5S4nAqRcg,14430987245300416231,Island's Açaí,Açaí shop,Açaíteria / Loja de Açaí,Categoria original indica especialização em açaí,Especializado em açaí,RA_cat_acai_direto,Categoria 'Açaí shop' — evidência forte de especialização,nome contém açaí ('Island's Açaí'); categoria: 'Açaí shop',"Island's Açaí - Estr. do Icuí Guajará II, 143 - Icuí-Guajará, Ananindeua - PA, 67125-000",Coqueiro,Revisar,Belém,PA,-1.339512,-48.412733,3.4457,Normal,91988916919,,5.0,4,,,https://www.google.com/maps/place/Island%27s+A%C3%A7a%C3%AD/data=!4m7!3m6!1s0x92a460899eb43585:0xc8452a70e252fee7!8m2!3d-1.3395121!4d-48.4127328!16s%2Fg%2F11f30phcbq!19sChIJhTW0nolgpJIR5_5S4nAqRcg?authuser=0&hl=en&g_ep=EgoyMDI2MDkyMS4wIJJjKgBIAVAD&rclk=1,casa de açaí,"casa de açaí no Coqueiro, Belém, PA",Coqueiro,1,2026-09-23
ChIJ93i7KdNhpJIRjtdksfJByns,8920014522574755726,Açai do Pará,Deli,Delicatessen,Delicatessen,Açaí + outro segmento,RB2_nome_acai_cat_outro,Nome contém açaí + categoria 'Deli' indica outro segmento,nome contém açaí ('Açai do Pará'); categoria: 'Deli',"Açai do Pará - R. São Jorge, 30 - Quarenta Horas, Ananindeua - PA, 67125-085",Coqueiro,Revisar,Belém,PA,-1.33679,-48.420421,2.7034,Normal,91998078582,,0.0,0,,,https://www.google.com/maps/place/A%C3%A7ai+do+Par%C3%A1/data=!4m7!3m6!1s0x92a461d329bb78f7:0x7bca41f2b164d78e!8m2!3d-1.3367903!4d-48.4204206!16s%2Fg%2F11j0k10bp3!19sChIJ93i7KdNhpJIRjtdksfJByns?authuser=0&hl=en&g_ep=EgoyMDI2MDkyMS4wIJJjKgBIAVAD&rclk=1,casa de açaí,"casa de açaí no Coqueiro, Belém, PA",Coqueiro,1,2026-09-23
ChIJtcXvUWBhpJIRLFoV-Mzxo_w,18204659981399448108,Açaí VIP Independência,Açaí shop,Açaíteria / Loja de Açaí,Categoria original indica especialização em açaí,Especializado em açaí,RA_cat_acai_direto,Categoria 'Açaí shop' — evidência forte de especialização,nome contém açaí ('Açaí VIP Independência'); ocorrências: 14; categoria: 'Açaí shop',"Açaí VIP Independência - Av. Independência, 1124 - Cabanagem, Belém - PA, 66635-894",Coqueiro,Cabanagem,Belém,PA,-1.366017,-48.435292,2.4550,Normal,91985993599,,4.8,5,,,https://www.google.com/maps/place/A%C3%A7a%C3%AD+VIP+Independ%C3%AAncia/data=!4m7!3m6!1s0x92a4616051efc5b5:0xfca3f1ccf8155a2c!8m2!3d-1.3660169!4d-48.4352922!16s%2Fg%2F11q8srch1f!19sChIJtcXvUWBhpJIRLFoV-Mzxo_w?authuser=0&hl=en&g_ep=EgoyMDI2MDkyMS4wIJJjKgBIAVAD&rclk=1,casa de açaí | ponto de açaí | açaí delivery | açaí,"casa de açaí no Coqueiro, Belém, PA | ponto de açaí no Coqueiro, Belém, PA | casa de açaí no Benguí, Belém, PA | ponto de açaí no Benguí, Belém, PA | açaí delivery no Benguí, Belém, PA | casa de açaí no São Clemente, Belém, PA | açaí no Una, Belém, PA | casa de açaí no Una, Belém, PA | ponto de açaí no Una, Belém, PA | açaí delivery no Una, Belém, PA | açaí na Cabanagem, Belém, PA | casa de açaí na Cabanagem, Belém, PA | ponto de açaí na Cabanagem, Belém, PA | açaí delivery na Cabanagem, Belém, PA",Coqueiro | Benguí | São Clemente | Una | Cabanagem,14,2026-09-23
ChIJN1YVJzVhpJIRCK9vVPxDbI0,10190594807860014856,Açaí Prime,Açaí shop,Açaíteria / Loja de Açaí,Categoria original indica especialização em açaí,Especializado em açaí,RA_cat_acai_direto,Categoria 'Açaí shop' — evidência forte de especialização,nome contém açaí ('Açaí Prime'); ocorrências: 6; categoria: 'Açaí shop',"Açaí Prime - Passagem Dom Pedro, 2 - Cabanagem, Belém - PA, 66020-230",Coqueiro,Cabanagem,Belém,PA,-1.359293,-48.43989,1.5883,Normal,91984300676,https://instagram.com/acaiprimer91?igshid=MzRlODBiNWFlZA==,0.0,0,,,https://www.google.com/maps/place/A%C3%A7a%C3%AD+Prime/data=!4m7!3m6!1s0x92a4613527155637:0x8d6c43fc546faf08!8m2!3d-1.3592926!4d-48.4398901!16s%2Fg%2F11v5ym4mlj!19sChIJN1YVJzVhpJIRCK9vVPxDbI0?authuser=0&hl=en&g_ep=EgoyMDI2MDkyMS4wIJJjKgBIAVAD&rclk=1,casa de açaí | ponto de açaí | açaí | açaí delivery,"casa de açaí no Coqueiro, Belém, PA | ponto de açaí no Coqueiro, Belém, PA | açaí na Cabanagem, Belém, PA | casa de açaí na Cabanagem, Belém, PA | ponto de açaí na Cabanagem, Belém, PA | açaí delivery na Cabanagem, Belém, PA",Coqueiro | Cabanagem,6,2026-09-23
ChIJCUbnFyRhpJIR7eKv9HhV46Q,11881434219923104493,Ponto de açaí,Family restaurant,Restaurante,Restaurante familiar,Açaí + outro segmento,RB2_nome_acai_cat_outro,Nome contém açaí + categoria 'Family restaurant' indica outro segmento,nome contém açaí ('Ponto de açaí'); ocorrências: 4; categoria: 'Family restaurant',"Ponto de açaí - Tv. Paulo Freire Lot. Cordolina Fontele, 44 a - Tenoné, Belém - PA, 66820-000",Coqueiro,Tenoné,Belém,PA,-1.32153,-48.441599,2.6589,Normal,,,5.0,2,,,https://www.google.com/maps/place/Ponto+de+a%C3%A7a%C3%AD/data=!4m7!3m6!1s0x92a4612417e74609:0xa4e35578f4afe2ed!8m2!3d-1.3215295!4d-48.4415994!16s%2Fg%2F11jny9zdtn!19sChIJCUbnFyRhpJIR7eKv9HhV46Q?authuser=0&hl=en&g_ep=EgoyMDI2MDkyMS4wIJJjKgBIAVAD&rclk=1,ponto de açaí | açaí | açaí delivery,"ponto de açaí no Coqueiro, Belém, PA | açaí no Parque Guajará, Belém, PA | ponto de açaí no Parque Guajará, Belém, PA | açaí delivery no Parque Guajará, Belém, PA",Coqueiro | Parque Guajará,4,2026-09-23
ChIJac1FZABhpJIRD390LvFrrPw,18207046077162749711,👑IMPÉRIO DO AÇAÍ,Store,Loja / Comércio,Loja genérica,Açaí + outro segmento,RB2_nome_acai_cat_outro,Nome contém açaí + categoria 'Store' indica outro segmento,nome contém açaí ('👑IMPÉRIO DO AÇAÍ'); ocorrências: 3; categoria: 'Store',"👑IMPÉRIO DO AÇAÍ - Rua Helena Coutinho - Tenoné, Belém - PA, 66820-170",Coqueiro,Tenoné,Belém,PA,-1.31822,-48.435594,3.1363,Normal,,,5.0,1,,,https://www.google.com/maps/place/%F0%9F%91%91IMP%C3%89RIO+DO+A%C3%87A%C3%8D/data=!4m7!3m6!1s0x92a461006445cd69:0xfcac6bf12e747f0f!8m2!3d-1.3182204!4d-48.4355937!16s%2Fg%2F11x_nwq8qb!19sChIJac1FZABhpJIRD390LvFrrPw?authuser=0&hl=en&g_ep=EgoyMDI2MDkyMS4wIJJjKgBIAVAD&rclk=1,ponto de açaí | açaí | casa de açaí,"ponto de açaí no Coqueiro, Belém, PA | açaí no Parque Guajará, Belém, PA | casa de açaí no Parque Guajará, Belém, PA",Coqueiro | Parque Guajará,3,2026-09-23
ChIJ5UnOJt2LpJIRbvZqgbgPewM,250811489368864366,Açaí do rony,Açaí shop,Açaíteria / Loja de Açaí,Categoria original indica especialização em açaí,Especializado em açaí,RA_cat_acai_direto,Categoria 'Açaí shop' — evidência forte de especialização,nome contém açaí ('Açaí do rony'); ocorrências: 7; categoria: 'Açaí shop',"Açaí do rony - Passagem Val-de-Cães, 67 - Cabanagem, Belém - PA, 66625-157",Coqueiro,Cabanagem,Belém,PA,-1.371823,-48.43219,3.1824,Normal,,,5.0,1,,,https://www.google.com/maps/place/A%C3%A7a%C3%AD+do+rony/data=!4m7!3m6!1s0x92a48bdd26ce49e5:0x37b0fb8816af66e!8m2!3d-1.3718229!4d-48.4321902!16s%2Fg%2F11svzp3q6r!19sChIJ5UnOJt2LpJIRbvZqgbgPewM?authuser=0&hl=en&g_ep=EgoyMDI2MDkyMS4wIJJjKgBIAVAD&rclk=1,ponto de açaí | casa de açaí | açaí | açaí delivery,"ponto de açaí no Coqueiro, Belém, PA | ponto de açaí no Benguí, Belém, PA | casa de açaí no Una, Belém, PA | açaí na Cabanagem, Belém, PA | casa de açaí na Cabanagem, Belém, PA | ponto de açaí na Cabanagem, Belém, PA | açaí delivery na Cabanagem, Belém, PA",Coqueiro | Benguí | Una | Cabanagem,7,2026-09-23
ChIJN9l-OGphpJIR9tkb5DwlPPI,17454867199236495862,Açaí Jr,Juice shop,Lanchonete / Sucos e Vitaminas,Loja de sucos,Especializado em açaí,RA2_cat_suporte_texto_acai,Categoria 'Juice shop' + evidência textual de açaí,nome contém açaí ('Açaí Jr'); categoria: 'Juice shop',"Açaí Jr - Q. H, 85 - Quarenta Horas, Ananindeua - PA, 67120-760",Coqueiro,Revisar,Belém,PA,-1.339942,-48.426457,1.9539,Normal,91989238476,,0.0,0,,,https://www.google.com/maps/place/A%C3%A7a%C3%AD+Jr/data=!4m7!3m6!1s0x92a4616a387ed937:0xf23c253ce41bd9f6!8m2!3d-1.3399419!4d-48.4264569!16s%2Fg%2F11hd_fr_79!19sChIJN9l-OGphpJIR9tkb5DwlPPI?authuser=0&hl=en&g_ep=EgoyMDI2MDkyMS4wIJJjKgBIAVAD&rclk=1,ponto de açaí,"ponto de açaí no Coqueiro, Belém, PA",Coqueiro,1,2026-09-23
ChIJsRflTwBhpJIRF1LYLiaFrq8,12659202001626223127,Açaí DuElvis,Restaurant,Restaurante,Categoria genérica de restaurante,Açaí + outro segmento,RB2_nome_acai_cat_outro,Nome contém açaí + categoria 'Restaurant' indica outro segmento,nome contém açaí ('Açaí DuElvis'); ocorrências: 2; categoria: 'Restaurant',"Açaí DuElvis - Av. Principal, 37 - Coqueiro, Belém - PA, 66823-072",Coqueiro,Coqueiro,Belém,PA,-1.331087,-48.446869,1.6428,Normal,91982790105,https://www.instagram.com/acaiduelvis,1.0,4,,,https://www.google.com/maps/place/A%C3%A7a%C3%AD+DuElvis/data=!4m7!3m6!1s0x92a461004fe517b1:0xafae85262ed85217!8m2!3d-1.331087!4d-48.4468692!16s%2Fg%2F11y5typ98h!19sChIJsRflTwBhpJIRF1LYLiaFrq8?authuser=0&hl=en&g_ep=EgoyMDI2MDkyMS4wIJJjKgBIAVAD&rclk=1,açaí na tigela | açaí delivery,"açaí na tigela no Coqueiro, Belém, PA | açaí delivery no Coqueiro, Belém, PA",Coqueiro,2,2026-09-23
ChIJQ8zuKmL1pJIRo8ClmEVNTDE,3552299167397560483,Açaí da ilha,Açaí shop,Açaíteria / Loja de Açaí,Categoria original indica especialização em açaí,Especializado em açaí,RA_cat_acai_direto,Categoria 'Açaí shop' — evidência forte de especialização,nome contém açaí ('Açaí da ilha'); ocorrências: 3; categoria: 'Açaí shop',"Açaí da ilha - Rua zumbi dos palmares, Aurá, 25, Ananindeua - PA, 67032-031",Coqueiro,Revisar,Belém,PA,-1.376694,-48.37043,8.8031,Atenção,91993043502,,5.0,1,,,https://www.google.com/maps/place/A%C3%A7a%C3%AD+da+ilha/data=!4m7!3m6!1s0x92a4f5622aeecc43:0x314c4d4598a5c0a3!8m2!3d-1.3766942!4d-48.37043!16s%2Fg%2F11yr_hj4_6!19sChIJQ8zuKmL1pJIRo8ClmEVNTDE?authuser=0&hl=en&g_ep=EgoyMDI2MDkyMS4wIJJjKgBIAVAD&rclk=1,açaí na tigela,"açaí na tigela no Coqueiro, Belém, PA | açaí na tigela na Cabanagem, Belém, PA | açaí na tigela no Parque Guajará, Belém, PA",Coqueiro | Cabanagem | Parque Guajará,3,2026-09-23
ChIJzaf2_sVhpJIREdkygswB6Zo,11162455129283811601,Açaí Amazônia,Food court,Praça de Alimentação / Shopping,Praça de alimentação,Açaí + outro segmento,RB2_nome_acai_cat_outro,Nome contém açaí + categoria 'Food court' indica outro segmento,nome contém açaí ('Açaí Amazônia'); categoria: 'Food court',"Açaí Amazônia - Al. Amazônia - Parque Guajará, Belém - PA, 66825-285",Coqueiro,Parque Guajará,Belém,PA,-1.329194,-48.464624,2.9888,Normal,91989822427,,0.0,0,,,https://www.google.com/maps/place/A%C3%A7a%C3%AD+Amaz%C3%B4nia/data=!4m7!3m6!1s0x92a461c5fef6a7cd:0x9ae901cc8232d911!8m2!3d-1.3291938!4d-48.4646236!16s%2Fg%2F11xmvx4dtl!19sChIJzaf2_sVhpJIREdkygswB6Zo?authuser=0&hl=en&g_ep=EgoyMDI2MDkyMS4wIJJjKgBIAVAD&rclk=1,açaí na tigela,"açaí na tigela no Coqueiro, Belém, PA",Coqueiro,1,2026-09-23
ChIJYUwvQIn1pJIRkWaoxyVG2EY,5104907305701893777,AÇAÍ NATURAL,Non vegetarian restaurant,Restaurante,Restaurante,Açaí + outro segmento,RB2_nome_acai_cat_outro,Nome contém açaí + categoria 'Non vegetarian restaurant' indica outro segmento,nome contém açaí ('AÇAÍ NATURAL'); ocorrências: 3; categoria: 'Non vegetarian restaurant',"AÇAÍ NATURAL - R. Coletora Leste, 01B - Águas Lindas, Ananindeua - PA, 67020-454",Coqueiro,Revisar,Belém,PA,-1.386569,-48.382622,8.1403,Atenção,91984912541,,0.0,0,,,https://www.google.com/maps/place/A%C3%87A%C3%8D+NATURAL/data=!4m7!3m6!1s0x92a4f589402f4c61:0x46d84625c7a86691!8m2!3d-1.3865693!4d-48.3826221!16s%2Fg%2F11y_k2j4rz!19sChIJYUwvQIn1pJIRkWaoxyVG2EY?authuser=0&hl=en&g_ep=EgoyMDI2MDkyMS4wIJJjKgBIAVAD&rclk=1,açaí na tigela,"açaí na tigela no Coqueiro, Belém, PA | açaí na tigela na Cabanagem, Belém, PA | açaí na tigela no Parque Guajará, Belém, PA",Coqueiro | Cabanagem | Parque Guajará,3,2026-09-23
ChIJ18tJMWZrpJIRXP4jkyNywq0,12520695411161431644,Açaí do Neves - Açaiteria,Ice cream shop,Açaíteria / Sorveteria,"Categoria de sorvete/gelado, frequentemente vende açaí",Especializado em açaí,RA2_cat_suporte_texto_acai,Categoria 'Ice cream shop' + evidência textual de açaí,nome contém açaí ('Açaí do Neves - Açaiteria'); categoria: 'Ice cream shop',"Ao lado igreja católica sra Fátima - Av. Camilo Salgado, 164 - Aeroporto, Belém - PA, 66913-320",Coqueiro,Revisar,Belém,PA,-1.143064,-48.456531,22.5466,Revisar,11911302471,https://wa.me/message/RXY632WHSWDJH1,5.0,25,,,https://www.google.com/maps/place/A%C3%A7a%C3%AD+do+Neves+-+A%C3%A7aiteria/data=!4m7!3m6!1s0x92a46b663149cbd7:0xadc272239323fe5c!8m2!3d-1.1430639!4d-48.4565314!16s%2Fg%2F11n9b7v0tx!19sChIJ18tJMWZrpJIRXP4jkyNywq0?authuser=0&hl=en&g_ep=EgoyMDI2MDkyMS4wIJJjKgBIAVAD&rclk=1,açaí na tigela,"açaí na tigela no Coqueiro, Belém, PA",Coqueiro,1,2026-09-23
ChIJBwuxluyOpJIRL26q03NpAtY,15421004020263317039,Restaurante Point do Açaí,Restaurant,Restaurante,Categoria genérica de restaurante,Açaí + outro segmento,RB2_nome_acai_cat_outro,Nome contém açaí + categoria 'Restaurant' indica outro segmento,nome contém açaí ('Restaurante Point do Açaí'); ocorrências: 2; categoria: 'Restaurant',"Esquina da - Rua Veiga Cabral, Tv. Bom Jardim, 450 - Cidade Velha, Belém - PA, 66023-630",Coqueiro,Revisar,Belém,PA,-1.463961,-48.499313,14.5871,Revisar,9132303162,http://www.pointdoacai.net/,4.6,2200,R$80–180,,https://www.google.com/maps/place/Restaurante+Point+do+A%C3%A7a%C3%AD/data=!4m7!3m6!1s0x92a48eec96b10b07:0xd6026973d3aa6e2f!8m2!3d-1.4639608!4d-48.4993134!16s%2Fg%2F1w9y24v_!19sChIJBwuxluyOpJIRL26q03NpAtY?authuser=0&hl=en&g_ep=EgoyMDI2MDkyMS4wIJJjKgBIAVAD&rclk=1,açaí na tigela,"açaí na tigela no Coqueiro, Belém, PA | açaí na tigela na Cabanagem, Belém, PA",Coqueiro | Cabanagem,2,2026-09-23
ChIJ80YjX86NpJIRYhYlVlqxSeU,16521931709535819362,Açaíze 1 - São Bras,Restaurant,Restaurante,Categoria genérica de restaurante,Açaí + outro segmento,RB2_nome_acai_cat_outro,Nome contém açaí + categoria 'Restaurant' indica outro segmento,nome contém açaí ('Açaíze 1 - São Bras'); categoria: 'Restaurant',"Açaíze 1 - São Bras - Av. Conselheiro Furtado, 3094 - Guamá, Belém - PA, 66040-100",Coqueiro,Revisar,Belém,PA,-1.456415,-48.470781,12.7213,Revisar,91980174300,https://www.instagram.com/acaize.belem/?igsh=bG9kcWxnN295aHRy,4.5,568,R$40–120,,https://www.google.com/maps/place/A%C3%A7a%C3%ADze+1+-+S%C3%A3o+Bras/data=!4m7!3m6!1s0x92a48dce5f2346f3:0xe549b15a56251662!8m2!3d-1.4564152!4d-48.4707806!16s%2Fg%2F11k7tkg1s9!19sChIJ80YjX86NpJIRYhYlVlqxSeU?authuser=0&hl=en&g_ep=EgoyMDI2MDkyMS4wIJJjKgBIAVAD&rclk=1,açaí na tigela,"açaí na tigela no Coqueiro, Belém, PA",Coqueiro,1,2026-09-23
ChIJkQEjShmNpJIR5KiJA9KY9Cg,2951151683604424932,TÉDOIDÉ AÇAÍ,Restaurant,Restaurante,Categoria genérica de restaurante,Açaí + outro segmento,RB2_nome_acai_cat_outro,Nome contém açaí + categoria 'Restaurant' indica outro segmento,nome contém açaí ('TÉDOIDÉ AÇAÍ'); categoria: 'Restaurant',"TÉDOIDÉ AÇAÍ - Passagem Prof. Honorato Filgueira - São Brás, Belém - PA, 66060-440",Coqueiro,Revisar,Belém,PA,-1.447555,-48.473378,11.8462,Revisar,91991711504,http://instagram.com/acai.tedoide,4.6,91,R$20–40,,https://www.google.com/maps/place/T%C3%89DOID%C3%89+A%C3%87A%C3%8D/data=!4m7!3m6!1s0x92a48d194a230191:0x28f498d20389a8e4!8m2!3d-1.4475555!4d-48.4733784!16s%2Fg%2F11h7gbxtry!19sChIJkQEjShmNpJIR5KiJA9KY9Cg?authuser=0&hl=en&g_ep=EgoyMDI2MDkyMS4wIJJjKgBIAVAD&rclk=1,açaí na tigela,"açaí na tigela no Coqueiro, Belém, PA",Coqueiro,1,2026-09-23
ChIJHaPbrzCMpJIRafOZRGbgy0I,4813187356617732969,Açaí No Ponto,Restaurant,Restaurante,Categoria genérica de restaurante,Açaí + outro segmento,RB2_nome_acai_cat_outro,Nome contém açaí + categoria 'Restaurant' indica outro segmento,nome contém açaí ('Açaí No Ponto'); ocorrências: 2; categoria: 'Restaurant',"Açaí No Ponto - São Brás, Belém - PA, 66070-510",Coqueiro,Revisar,Belém,PA,-1.452296,-48.464249,12.1162,Revisar,,,5.0,1,,,https://www.google.com/maps/place/A%C3%A7a%C3%AD+No+Ponto/data=!4m7!3m6!1s0x92a48c30afdba31d:0x42cbe0664499f369!8m2!3d-1.452296!4d-48.4642486!16s%2Fg%2F11f_d7yvfr!19sChIJHaPbrzCMpJIRafOZRGbgy0I?authuser=0&hl=en&g_ep=EgoyMDI2MDkyMS4wIJJjKgBIAVAD&rclk=1,açaí na tigela,"açaí na tigela no Coqueiro, Belém, PA | açaí na tigela na Cabanagem, Belém, PA",Coqueiro | Cabanagem,2,2026-09-23
ChIJy4c9qTuMpJIRtFq6FM-O_cg,14482888996750514868,AçaíBonD+,Restaurant,Restaurante,Categoria genérica de restaurante,Açaí + outro segmento,RB2_nome_acai_cat_outro,Nome contém açaí + categoria 'Restaurant' indica outro segmento,nome contém açaí ('AçaíBonD+'); ocorrências: 2; categoria: 'Restaurant',"AçaíBonD+ - Av. Cipriano Santos, 163 - São Brás, Belém - PA, 66090-340",Coqueiro,Revisar,Belém,PA,-1.44947,-48.4647,11.8181,Revisar,9132463903,,4.4,386,R$40–60,,https://www.google.com/maps/place/A%C3%A7a%C3%ADBonD%2B/data=!4m7!3m6!1s0x92a48c3ba93d87cb:0xc8fd8ecf14ba5ab4!8m2!3d-1.4494696!4d-48.4647001!16s%2Fg%2F1tfg8rgn!19sChIJy4c9qTuMpJIRtFq6FM-O_cg?authuser=0&hl=en&g_ep=EgoyMDI2MDkyMS4wIJJjKgBIAVAD&rclk=1,açaí na tigela,"açaí na tigela no Coqueiro, Belém, PA | açaí na tigela na Cabanagem, Belém, PA",Coqueiro | Cabanagem,2,2026-09-23
ChIJ6XBWtWmNpJIRNAJPZhllCrU,13045350430397104692,Ki-Delicia de Açaí,Açaí shop,Açaíteria / Loja de Açaí,Categoria original indica especialização em açaí,Especializado em açaí,RA_cat_acai_direto,Categoria 'Açaí shop' — evidência forte de especialização,nome contém açaí ('Ki-Delicia de Açaí'); categoria: 'Açaí shop',"Ki-Delicia de Açaí - Av. Alcindo Cacela, 3336 - Cremação, Belém - PA, 66065-205",Coqueiro,Revisar,Belém,PA,-1.466243,-48.47663,13.9435,Revisar,91982322168,https://instagram.com/kideliciaacai091?igshid=MzRlODBiNWFlZA==,5.0,4,,,https://www.google.com/maps/place/Ki-Delicia+de+A%C3%A7a%C3%AD/data=!4m7!3m6!1s0x92a48d69b55670e9:0xb50a6519664f0234!8m2!3d-1.4662428!4d-48.4766298!16s%2Fg%2F11vkm7k7j6!19sChIJ6XBWtWmNpJIRNAJPZhllCrU?authuser=0&hl=en&g_ep=EgoyMDI2MDkyMS4wIJJjKgBIAVAD&rclk=1,açaí na tigela,"açaí na tigela no Coqueiro, Belém, PA",Coqueiro,1,2026-09-23
ChIJUQcj-mFfpJIRwZVA6lqphnQ,8396584763221120449,Nebulosa Drinks,Snack bar,Lanchonete,Lanchonete / petiscos,Açaí + outro segmento,RB1_cat_suporte_sem_confirmacao,Categoria 'Snack bar' sugere açaí/sorvete mas sem confirmação textual,categoria: 'Snack bar',"Nebulosa Drinks - R. Deolindo Silva - Maguari, Ananindeua - PA, 67030-375",Coqueiro,Revisar,Belém,PA,-1.348312,-48.374849,7.6015,Atenção,91987630183,,0.0,0,,,https://www.google.com/maps/place/Nebulosa+Drinks/data=!4m7!3m6!1s0x92a45f61fa230751:0x7486a95aea4095c1!8m2!3d-1.3483116!4d-48.374849!16s%2Fg%2F11wfz6kkm4!19sChIJUQcj-mFfpJIRwZVA6lqphnQ?authuser=0&hl=en&g_ep=EgoyMDI2MDkyMS4wIJJjKgBIAVAD&rclk=1,açaí na tigela,"açaí na tigela no Coqueiro, Belém, PA",Coqueiro,1,2026-09-23
ChIJH18nbiBhpJIR7keysuTzgrE,12791054055261751278,Açaí Regional,Meal delivery,Entrega de Refeições / Delivery,Serviço de delivery de refeições,Açaí + outro segmento,RB2_nome_acai_cat_outro,Nome contém açaí + categoria 'Meal delivery' indica outro segmento,nome contém açaí ('Açaí Regional'); ocorrências: 4; categoria: 'Meal delivery',"Açaí Regional - Estr. do Benjamin, 163 - Cabanagem, Belém - PA, 66625-410",Coqueiro,Cabanagem,Belém,PA,-1.365382,-48.43093,2.6062,Normal,91984256585,,0.0,0,,,https://www.google.com/maps/place/A%C3%A7a%C3%AD+Regional/data=!4m7!3m6!1s0x92a461206e275f1f:0xb182f3e4b2b247ee!8m2!3d-1.365382!4d-48.43093!16s%2Fg%2F11zg9brwxt!19sChIJH18nbiBhpJIR7keysuTzgrE?authuser=0&hl=en&g_ep=EgoyMDI2MDkyMS4wIJJjKgBIAVAD&rclk=1,açaí delivery | açaí,"açaí delivery no Coqueiro, Belém, PA | açaí delivery no Una, Belém, PA | açaí na Cabanagem, Belém, PA | açaí delivery na Cabanagem, Belém, PA",Coqueiro | Una | Cabanagem,4,2026-09-23
ChIJmzNlqQRhpJIR_lD_bjmqyxg,1786708840834617598,Acai do Biro,Meal delivery,Entrega de Refeições / Delivery,Serviço de delivery de refeições,Açaí + outro segmento,RB2_nome_acai_cat_outro,Nome contém açaí + categoria 'Meal delivery' indica outro segmento,nome contém açaí ('Acai do Biro'); categoria: 'Meal delivery',"Acai do Biro - Conj: Geraldo palmeira, Q 55 - C 04 - Quarenta Horas, Ananindeua - PA, 67040-620",Coqueiro,Revisar,Belém,PA,-1.338709,-48.427368,1.9070,Normal,91985496130,,0.0,0,,,https://www.google.com/maps/place/Acai+do+Biro/data=!4m7!3m6!1s0x92a46104a965339b:0x18cbaa396eff50fe!8m2!3d-1.3387095!4d-48.4273682!16s%2Fg%2F11z6pt26w5!19sChIJmzNlqQRhpJIR_lD_bjmqyxg?authuser=0&hl=en&g_ep=EgoyMDI2MDkyMS4wIJJjKgBIAVAD&rclk=1,açaí delivery,"açaí delivery no Coqueiro, Belém, PA",Coqueiro,1,2026-09-23
ChIJ5328OKphpJIRaPfMkDVnadk,15666166258545260392,Império Do Açaí,Restaurant,Restaurante,Categoria genérica de restaurante,Açaí + outro segmento,RB2_nome_acai_cat_outro,Nome contém açaí + categoria 'Restaurant' indica outro segmento,nome contém açaí ('Império Do Açaí'); ocorrências: 3; categoria: 'Restaurant',"Império Do Açaí - Rua We Um, Tv. Sn-3, 17 - Tenoné, Belém - PA, 66820-060",Coqueiro,Tenoné,Belém,PA,-1.322105,-48.434804,2.7510,Normal,91982485858,,4.6,31,,,https://www.google.com/maps/place/Imp%C3%A9rio+Do+A%C3%A7a%C3%AD/data=!4m7!3m6!1s0x92a461aa38bc7de7:0xd969673590ccf768!8m2!3d-1.3221054!4d-48.4348044!16s%2Fg%2F11f7qvvqyn!19sChIJ5328OKphpJIRaPfMkDVnadk?authuser=0&hl=en&g_ep=EgoyMDI2MDkyMS4wIJJjKgBIAVAD&rclk=1,açaí delivery | açaí,"açaí delivery no Coqueiro, Belém, PA | açaí no Parque Guajará, Belém, PA | açaí delivery no Parque Guajará, Belém, PA",Coqueiro | Parque Guajará,3,2026-09-23
ChIJKRqJ5WdhpJIRC3PwmU4xvA0,989720231774548747,Açaí do Galego,Restaurant,Restaurante,Categoria genérica de restaurante,Açaí + outro segmento,RB2_nome_acai_cat_outro,Nome contém açaí + categoria 'Restaurant' indica outro segmento,nome contém açaí ('Açaí do Galego'); categoria: 'Restaurant',"Açaí do Galego - R. Enéas Costa, 66 - Cidade Nova, Ananindeua - PA, 67120-405",Coqueiro,Revisar,Belém,PA,-1.348207,-48.413501,3.3126,Normal,91989509906,,4.6,8,,,https://www.google.com/maps/place/A%C3%A7a%C3%AD+do+Galego/data=!4m7!3m6!1s0x92a46167e5891a29:0xdbc314e99f0730b!8m2!3d-1.3482072!4d-48.4135006!16s%2Fg%2F11vz653sl9!19sChIJKRqJ5WdhpJIRC3PwmU4xvA0?authuser=0&hl=en&g_ep=EgoyMDI2MDkyMS4wIJJjKgBIAVAD&rclk=1,açaí delivery,"açaí delivery no Coqueiro, Belém, PA",Coqueiro,1,2026-09-23
ChIJDwBBeKdhpJIR054CPWsu9EE,4752474544902676179,Açaí Nutri +,Restaurant,Restaurante,Categoria genérica de restaurante,Açaí + outro segmento,RB2_nome_acai_cat_outro,Nome contém açaí + categoria 'Restaurant' indica outro segmento,nome contém açaí ('Açaí Nutri +'); categoria: 'Restaurant',"Açaí Nutri + - Av. Perimetral III, 205 - Tapanã, Belém - PA, 66833-881",Coqueiro,Tapanã,Belém,PA,-1.348504,-48.463799,2.3195,Normal,91988847612,https://www.facebook.com/acainutrimais/,5.0,1,,,https://www.google.com/maps/place/A%C3%A7a%C3%AD+Nutri+%2B/data=!4m7!3m6!1s0x92a461a77841000f:0x41f42e6b3d029ed3!8m2!3d-1.3485036!4d-48.4637987!16s%2Fg%2F11fm4y1jvt!19sChIJDwBBeKdhpJIR054CPWsu9EE?authuser=0&hl=en&g_ep=EgoyMDI2MDkyMS4wIJJjKgBIAVAD&rclk=1,açaí delivery,"açaí delivery no Coqueiro, Belém, PA",Coqueiro,1,2026-09-23
ChIJ8xdHwZlhpJIR-teUYmTXZWs,7738828360856688634,AÇAÍ MOTÃO,Restaurant,Restaurante,Categoria genérica de restaurante,Açaí + outro segmento,RB2_nome_acai_cat_outro,Nome contém açaí + categoria 'Restaurant' indica outro segmento,nome contém açaí ('AÇAÍ MOTÃO'); ocorrências: 5; categoria: 'Restaurant',"AÇAÍ MOTÃO - Av. Independência, 1060 - Icuí-Guajará, Belém - PA, 66635-894",Coqueiro,Revisar,Belém,PA,-1.366121,-48.435273,2.4665,Normal,91982572410,,5.0,2,,,https://www.google.com/maps/place/A%C3%87A%C3%8D+MOT%C3%83O/data=!4m7!3m6!1s0x92a46199c14717f3:0x6b65d7646294d7fa!8m2!3d-1.3661213!4d-48.4352727!16s%2Fg%2F11vjmwks0s!19sChIJ8xdHwZlhpJIR-teUYmTXZWs?authuser=0&hl=en&g_ep=EgoyMDI2MDkyMS4wIJJjKgBIAVAD&rclk=1,açaí delivery | açaí,"açaí delivery no Coqueiro, Belém, PA | açaí no Una, Belém, PA | açaí delivery no Una, Belém, PA | açaí na Cabanagem, Belém, PA | açaí delivery na Cabanagem, Belém, PA",Coqueiro | Una | Cabanagem,5,2026-09-23
ChIJQ1inlF1gpJIRIpE_yGhmQKI,11691457232876048674,Açaí Do Kawagoe,Restaurant,Restaurante,Categoria genérica de restaurante,Açaí + outro segmento,RB2_nome_acai_cat_outro,Nome contém açaí + categoria 'Restaurant' indica outro segmento,nome contém açaí ('Açaí Do Kawagoe'); categoria: 'Restaurant',"Açaí Do Kawagoe - Av. Principal, 5 - Quarenta Horas, Ananindeua - PA, 67120-370",Coqueiro,Revisar,Belém,PA,-1.345874,-48.419723,2.6067,Normal,,,5.0,3,,,https://www.google.com/maps/place/A%C3%A7a%C3%AD+Do+Kawagoe/data=!4m7!3m6!1s0x92a4605d94a75843:0xa2406668c83f9122!8m2!3d-1.3458743!4d-48.419723!16s%2Fg%2F11j53bw7h0!19sChIJQ1inlF1gpJIRIpE_yGhmQKI?authuser=0&hl=en&g_ep=EgoyMDI2MDkyMS4wIJJjKgBIAVAD&rclk=1,açaí delivery,"açaí delivery no Coqueiro, Belém, PA",Coqueiro,1,2026-09-23
ChIJg7OkAV2LpJIRkGQYfMvQ-pU,10807179828207838352,Sabor Açaí,Açaí shop,Açaíteria / Loja de Açaí,Categoria original indica especialização em açaí,Especializado em açaí,RA_cat_acai_direto,Categoria 'Açaí shop' — evidência forte de especialização,nome contém açaí ('Sabor Açaí'); ocorrências: 8; categoria: 'Açaí shop',"Sabor Açaí - R. São Bento, 795-675 - Benguí, Belém - PA, 66630-030",Benguí,Benguí,Belém,PA,-1.377978,-48.455517,0.2783,Normal,,,2.7,7,,,https://www.google.com/maps/place/Sabor+A%C3%A7a%C3%AD/data=!4m7!3m6!1s0x92a48b5d01a4b383:0x95fad0cb7c186490!8m2!3d-1.3779784!4d-48.4555167!16s%2Fg%2F11y1fh23m6!19sChIJg7OkAV2LpJIRkGQYfMvQ-pU?authuser=0&hl=en&g_ep=EgoyMDI2MDkyMS4wIJJjKgBIAVAD&rclk=1,açaí | açaíteria | casa de açaí | ponto de açaí | açaí na tigela | açaí delivery,"açaí no Benguí, Belém, PA | açaíteria no Benguí, Belém, PA | casa de açaí no Benguí, Belém, PA | ponto de açaí no Benguí, Belém, PA | açaí na tigela no Benguí, Belém, PA | açaí delivery no Benguí, Belém, PA | casa de açaí no São Clemente, Belém, PA | ponto de açaí no São Clemente, Belém, PA",Benguí | São Clemente,8,2026-09-23
ChIJPeXQdACLpJIRWfVeOZmYZmQ,7234637635277223257,Açaí do Bairro,Family restaurant,Restaurante,Restaurante familiar,Açaí + outro segmento,RB2_nome_acai_cat_outro,Nome contém açaí + categoria 'Family restaurant' indica outro segmento,nome contém açaí ('Açaí do Bairro'); ocorrências: 5; categoria: 'Family restaurant',"Açaí do Bairro - R. Sete de Setembro, 333 - Mangueirão, Belém - PA, 66640-060",Benguí,Revisar,Belém,PA,-1.382104,-48.450978,0.9584,Normal,91991467044,,5.0,1,,,https://www.google.com/maps/place/A%C3%A7a%C3%AD+do+Bairro/data=!4m7!3m6!1s0x92a48b0074d0e53d:0x64669899395ef559!8m2!3d-1.3821037!4d-48.4509785!16s%2Fg%2F11ntmsgtdw!19sChIJPeXQdACLpJIRWfVeOZmYZmQ?authuser=0&hl=en&g_ep=EgoyMDI2MDkyMS4wIJJjKgBIAVAD&rclk=1,açaí | açaíteria | casa de açaí | ponto de açaí | açaí na tigela,"açaí no Benguí, Belém, PA | açaíteria no Benguí, Belém, PA | casa de açaí no Benguí, Belém, PA | ponto de açaí no Benguí, Belém, PA | açaí na tigela no Benguí, Belém, PA",Benguí,5,2026-09-23
ChIJM_Vq2kGLpJIRuBT8sTVvU8A,13858542754759185592,Açaí do Irmão (Carmelândia),Restaurant,Restaurante,Categoria genérica de restaurante,Açaí + outro segmento,RB2_nome_acai_cat_outro,Nome contém açaí + categoria 'Restaurant' indica outro segmento,nome contém açaí ('Açaí do Irmão (Carmelândia)'); categoria: 'Restaurant',"Açaí do Irmão (Carmelândia) - R. Roberto Regateiro, 78 - Mangueirão, Belém - PA, 66640-405",Benguí,Revisar,Belém,PA,-1.381003,-48.43629,2.4175,Normal,,,4.8,8,,,https://www.google.com/maps/place/A%C3%A7a%C3%AD+do+Irm%C3%A3o+%28Carmel%C3%A2ndia%29/data=!4m7!3m6!1s0x92a48b41da6af533:0xc0536f35b1fc14b8!8m2!3d-1.381003!4d-48.43629!16s%2Fg%2F11h88d3spx!19sChIJM_Vq2kGLpJIRuBT8sTVvU8A?authuser=0&hl=en&g_ep=EgoyMDI2MDkyMS4wIJJjKgBIAVAD&rclk=1,açaí,"açaí no Benguí, Belém, PA",Benguí,1,2026-09-23
ChIJ4bDguoeKpJIRE6xfUkP9EZ0,11318105804145404947,Acai da Eliete,,Não informado,Categoria não retornada pelo scraper,Especializado em açaí,RA3_nome_acai_cat_compativel,Nome contém açaí + categoria compatível ou vazia,nome contém açaí ('Acai da Eliete'); ocorrências: 2,"Panorama XXI - R. Principal, 63 - Cabanagem, Belém - PA, 66625-060",Benguí,Cabanagem,Belém,PA,-1.376824,-48.437023,2.2851,Normal,,,5.0,1,,,https://www.google.com/maps/place/Acai+da+Eliete/data=!4m7!3m6!1s0x92a48a87bae0b0e1:0x9d11fd43525fac13!8m2!3d-1.3768243!4d-48.4370233!16s%2Fg%2F11wj6fh2q6!19sChIJ4bDguoeKpJIRE6xfUkP9EZ0?authuser=0&hl=en&g_ep=EgoyMDI2MDkyMS4wIJJjKgBIAVAD&rclk=1,açaí,"açaí no Benguí, Belém, PA | açaí na Cabanagem, Belém, PA",Benguí | Cabanagem,2,2026-09-23
ChIJi3bZ-FBhpJIRSCP2FeEe3GE,7051545068640281416,JB açaí gourmet,Food court,Praça de Alimentação / Shopping,Praça de alimentação,Açaí + outro segmento,RB2_nome_acai_cat_outro,Nome contém açaí + categoria 'Food court' indica outro segmento,nome contém açaí ('JB açaí gourmet'); categoria: 'Food court',"JB açaí gourmet - Rua Belem Q145, casa 36A - Cabanagem, Belém - PA, 66625-867",Benguí,Cabanagem,Belém,PA,-1.369519,-48.442462,1.8537,Normal,,https://jb.acaigourmet.negocio.site/?utm_source=gmb&utm_medium=referral,5.0,1,,,https://www.google.com/maps/place/JB+a%C3%A7a%C3%AD+gourmet/data=!4m7!3m6!1s0x92a46150f8d9768b:0x61dc1ee115f62348!8m2!3d-1.3695194!4d-48.4424617!16s%2Fg%2F11mwx_b13j!19sChIJi3bZ-FBhpJIRSCP2FeEe3GE?authuser=0&hl=en&g_ep=EgoyMDI2MDkyMS4wIJJjKgBIAVAD&rclk=1,açaí,"açaí no Benguí, Belém, PA",Benguí,1,2026-09-23
ChIJp2R_BIqKpJIREnxx95qfs1Q,6103397407942343698,Açai & Restaurante do Gil,Snack bar,Lanchonete,Lanchonete / petiscos,Especializado em açaí,RA2_cat_suporte_texto_acai,Categoria 'Snack bar' + evidência textual de açaí,nome contém açaí ('Açai & Restaurante do Gil'); categoria: 'Snack bar',"Açai & Restaurante do Gil - Rod. Augusto Montenegro, 96 - Mangueirão, Belém - PA, 66640-405",Benguí,Revisar,Belém,PA,-1.382042,-48.438302,2.2278,Normal,,,3.7,52,,,https://www.google.com/maps/place/A%C3%A7ai+%26+Restaurante+do+Gil/data=!4m7!3m6!1s0x92a48a8a047f64a7:0x54b39f9af7717c12!8m2!3d-1.3820417!4d-48.4383019!16s%2Fg%2F1pzyfxr2c!19sChIJp2R_BIqKpJIREnxx95qfs1Q?authuser=0&hl=en&g_ep=EgoyMDI2MDkyMS4wIJJjKgBIAVAD&rclk=1,açaí,"açaí no Benguí, Belém, PA",Benguí,1,2026-09-23
ChIJNZJn2oiKpJIRhyhBV13DyYY,9712508877064448135,Bem Dito Açaí,,Não informado,Categoria não retornada pelo scraper,Especializado em açaí,RA3_nome_acai_cat_compativel,Nome contém açaí + categoria compatível ou vazia,nome contém açaí ('Bem Dito Açaí'),"Bem Dito Açaí - R. Roberto Regateiro, 160 - Mangueirão, Belém - PA, 66640-405",Benguí,Revisar,Belém,PA,-1.379635,-48.434487,2.5895,Normal,,,5.0,2,,,https://www.google.com/maps/place/Bem+Dito+A%C3%A7a%C3%AD/data=!4m7!3m6!1s0x92a48a88da679235:0x86c9c35d57412887!8m2!3d-1.3796346!4d-48.4344869!16s%2Fg%2F11ty51xgck!19sChIJNZJn2oiKpJIRhyhBV13DyYY?authuser=0&hl=en&g_ep=EgoyMDI2MDkyMS4wIJJjKgBIAVAD&rclk=1,açaí,"açaí no Benguí, Belém, PA",Benguí,1,2026-09-23
ChIJYznOEzeLpJIRpU2T8HeXdLc,13219357347632336293,Sorveteria Casa da Vovó,Ice cream shop,Açaíteria / Sorveteria,"Categoria de sorvete/gelado, frequentemente vende açaí",Açaí + outro segmento,RB1_cat_suporte_sem_confirmacao,Categoria 'Ice cream shop' sugere açaí/sorvete mas sem confirmação textual,ocorrências: 2; categoria: 'Ice cream shop',"Sorveteria Casa da Vovó - Passagem Maciel Quadra I, N 14, Belém - PA, 66630-200",Benguí,Benguí,Belém,PA,-1.374095,-48.456141,0.3170,Normal,91980100786,,5.0,24,,,https://www.google.com/maps/place/Sorveteria+Casa+da+Vov%C3%B3/data=!4m7!3m6!1s0x92a48b3713ce3963:0xb7749777f0934da5!8m2!3d-1.3740947!4d-48.4561412!16s%2Fg%2F11rmtxnj5x!19sChIJYznOEzeLpJIRpU2T8HeXdLc?authuser=0&hl=en&g_ep=EgoyMDI2MDkyMS4wIJJjKgBIAVAD&rclk=1,açaíteria | casa de açaí,"açaíteria no Benguí, Belém, PA | casa de açaí no Benguí, Belém, PA",Benguí,2,2026-09-23
ChIJWwDsA6JhpJIRNEoskplauno,8843480433924262452,Montenegro Açaí,Açaí shop,Açaíteria / Loja de Açaí,Categoria original indica especialização em açaí,Especializado em açaí,RA_cat_acai_direto,Categoria 'Açaí shop' — evidência forte de especialização,nome contém açaí ('Montenegro Açaí'); ocorrências: 4; categoria: 'Açaí shop',"Montenegro Açaí - R. Belém - Parque Verde, Belém - PA, 66635-226",Benguí,Parque Verde,Belém,PA,-1.370637,-48.444064,1.6402,Normal,91991670692,,0.0,0,,,https://www.google.com/maps/place/Montenegro+A%C3%A7a%C3%AD/data=!4m7!3m6!1s0x92a461a203ec005b:0x7aba5a99922c4a34!8m2!3d-1.370637!4d-48.444064!16s%2Fg%2F11zwqx1w8g!19sChIJWwDsA6JhpJIRNEoskplauno?authuser=0&hl=en&g_ep=EgoyMDI2MDkyMi4wIJJjKgBIAVAD&rclk=1,casa de açaí | ponto de açaí,"casa de açaí no Benguí, Belém, PA | ponto de açaí no Benguí, Belém, PA | casa de açaí no São Clemente, Belém, PA | casa de açaí na Cabanagem, Belém, PA",Benguí | São Clemente | Cabanagem,4,2026-09-23
ChIJMbaBWQCJpJIRz5QOTeXRgRs,1982096093790246095,Casa Dú Açaí,Store,Loja / Comércio,Loja genérica,Açaí + outro segmento,RB2_nome_acai_cat_outro,Nome contém açaí + categoria 'Store' indica outro segmento,nome contém açaí ('Casa Dú Açaí'); categoria: 'Store',"Casa Dú Açaí - Vila Vinagre - Maracangalha, Belém - PA, 66812-310",Benguí,Revisar,Belém,PA,-1.398096,-48.483644,3.7592,Normal,,,5.0,1,,,https://www.google.com/maps/place/Casa+D%C3%BA+A%C3%A7a%C3%AD/data=!4m7!3m6!1s0x92a489005981b631:0x1b81d1e54d0e94cf!8m2!3d-1.3980957!4d-48.4836436!16s%2Fg%2F11vqzq53gs!19sChIJMbaBWQCJpJIRz5QOTeXRgRs?authuser=0&hl=en&g_ep=EgoyMDI2MDkyMi4wIJJjKgBIAVAD&rclk=1,casa de açaí,"casa de açaí no Benguí, Belém, PA",Benguí,1,2026-09-23
ChIJeeNL78dhpJIRHk9WAEyoDmc,7426057879957163806,Açai do GuiH,Açaí shop,Açaíteria / Loja de Açaí,Categoria original indica especialização em açaí,Especializado em açaí,RA_cat_acai_direto,Categoria 'Açaí shop' — evidência forte de especialização,nome contém açaí ('Açai do GuiH'); ocorrências: 5; categoria: 'Açaí shop',"Açai do GuiH - Av. Independência, 6 - Parque Verde, Belém - PA, 67125-406",Benguí,Parque Verde,Belém,PA,-1.367208,-48.435821,2.6325,Normal,91985460687,,0.0,0,,,https://www.google.com/maps/place/A%C3%A7ai+do+GuiH/data=!4m7!3m6!1s0x92a461c7ef4be379:0x670ea84c00564f1e!8m2!3d-1.3672078!4d-48.4358211!16s%2Fg%2F11w1dvrn8t!19sChIJeeNL78dhpJIRHk9WAEyoDmc?authuser=0&hl=en&g_ep=EgoyMDI2MDkyMi4wIJJjKgBIAVAD&rclk=1,casa de açaí | ponto de açaí,"casa de açaí no Benguí, Belém, PA | ponto de açaí no Benguí, Belém, PA | casa de açaí no Una, Belém, PA | casa de açaí na Cabanagem, Belém, PA | ponto de açaí na Cabanagem, Belém, PA",Benguí | Una | Cabanagem,5,2026-09-23
ChIJ_7cILWSLpJIRoePmCVSPC_Y,17729421949180240801,Açaí do JOSÉ,Açaí shop,Açaíteria / Loja de Açaí,Categoria original indica especialização em açaí,Especializado em açaí,RA_cat_acai_direto,Categoria 'Açaí shop' — evidência forte de especialização,nome contém açaí ('Açaí do JOSÉ'); ocorrências: 2; categoria: 'Açaí shop',"Açaí do JOSÉ - Passagem Liberdade, 157 - Mangueirão, Belém - PA, 66640-150",Benguí,Revisar,Belém,PA,-1.3796,-48.451344,0.7711,Normal,91981203061,,5.0,2,,,https://www.google.com/maps/place/A%C3%A7a%C3%AD+do+JOS%C3%89/data=!4m7!3m6!1s0x92a48b642d08b7ff:0xf60b8f5409e6e3a1!8m2!3d-1.3795999!4d-48.4513436!16s%2Fg%2F11tnv07npr!19sChIJ_7cILWSLpJIRoePmCVSPC_Y?authuser=0&hl=en&g_ep=EgoyMDI2MDkyMi4wIJJjKgBIAVAD&rclk=1,casa de açaí,"casa de açaí no Benguí, Belém, PA | casa de açaí na Cabanagem, Belém, PA",Benguí | Cabanagem,2,2026-09-23
ChIJB6StXLaLpJIRt_OqMoQNZh4,2190453130199233463,Açaí do Bene,Açaí shop,Açaíteria / Loja de Açaí,Categoria original indica especialização em açaí,Especializado em açaí,RA_cat_acai_direto,Categoria 'Açaí shop' — evidência forte de especialização,nome contém açaí ('Açaí do Bene'); ocorrências: 2; categoria: 'Açaí shop',"Açaí do Bene - R. Ten. Bezerra - Mangueirão, Belém - PA, 66640-025",Benguí,Revisar,Belém,PA,-1.378822,-48.435651,2.4504,Normal,,,0.0,0,,,https://www.google.com/maps/place/A%C3%A7a%C3%AD+do+Bene/data=!4m7!3m6!1s0x92a48bb65cada407:0x1e660d8432aaf3b7!8m2!3d-1.3788221!4d-48.4356509!16s%2Fg%2F11t7l57_96!19sChIJB6StXLaLpJIRt_OqMoQNZh4?authuser=0&hl=en&g_ep=EgoyMDI2MDkyMi4wIJJjKgBIAVAD&rclk=1,casa de açaí,"casa de açaí no Benguí, Belém, PA | casa de açaí no Una, Belém, PA",Benguí | Una,2,2026-09-23
ChIJ5Vozs7uLpJIRvGXVlS9YgTs,4287805281633920444,Casa do açaí do seu simeão,Açaí shop,Açaíteria / Loja de Açaí,Categoria original indica especialização em açaí,Especializado em açaí,RA_cat_acai_direto,Categoria 'Açaí shop' — evidência forte de especialização,nome contém açaí ('Casa do açaí do seu simeão'); categoria: 'Açaí shop',"Casa do açaí do seu simeão - Av. Rodolfo Chermont, 1072 - Marambaia, Belém - PA, 66600-000",Benguí,Revisar,Belém,PA,-1.399985,-48.453398,2.6461,Normal,91983417156,,5.0,2,,,https://www.google.com/maps/place/Casa+do+a%C3%A7a%C3%AD+do+seu+sime%C3%A3o/data=!4m7!3m6!1s0x92a48bbbb3335ae5:0x3b81582f95d565bc!8m2!3d-1.399985!4d-48.453398!16s%2Fg%2F11rj4zzc4h!19sChIJ5Vozs7uLpJIRvGXVlS9YgTs?authuser=0&hl=en&g_ep=EgoyMDI2MDkyMi4wIJJjKgBIAVAD&rclk=1,casa de açaí,"casa de açaí no Benguí, Belém, PA",Benguí,1,2026-09-23
ChIJKwsqTgCLpJIR0cId6_29Ulc,6292300527658975953,Bacio di Latte - Shopping Bosque Grão-Pará,Ice cream shop,Açaíteria / Sorveteria,"Categoria de sorvete/gelado, frequentemente vende açaí",Açaí + outro segmento,RB1_cat_suporte_sem_confirmacao,Categoria 'Ice cream shop' sugere açaí/sorvete mas sem confirmação textual,categoria: 'Ice cream shop',"Bacio di Latte - Shopping Bosque Grão-Pará - Av. Centenário, 1052 - Val-de-Cans, Belém - PA, 66640-150",Benguí,Revisar,Belém,PA,-1.39033,-48.465494,1.7662,Normal,,https://baciodilatte.com.br/,4.9,90,,,https://www.google.com/maps/place/Bacio+di+Latte+-+Shopping+Bosque+Gr%C3%A3o-Par%C3%A1/data=!4m7!3m6!1s0x92a48b004e2a0b2b:0x5752bdfdeb1dc2d1!8m2!3d-1.3903305!4d-48.4654939!16s%2Fg%2F11zbs1521h!19sChIJKwsqTgCLpJIR0cId6_29Ulc?authuser=0&hl=en&g_ep=EgoyMDI2MDkyMi4wIJJjKgBIAVAD&rclk=1,casa de açaí,"casa de açaí no Benguí, Belém, PA",Benguí,1,2026-09-23
ChIJhRr1bWqLpJIROjS60aSxQC8,3404916639743489082,NOSSO AÇAI,Açaí shop,Açaíteria / Loja de Açaí,Categoria original indica especialização em açaí,Especializado em açaí,RA_cat_acai_direto,Categoria 'Açaí shop' — evidência forte de especialização,nome contém açaí ('NOSSO AÇAI'); ocorrências: 3; categoria: 'Açaí shop',"NOSSO AÇAI - R. We-3, 362 - Marambaia, Belém - PA, 66623-283",Benguí,Revisar,Belém,PA,-1.399154,-48.435763,3.4920,Normal,91984990881,,4.5,10,,,https://www.google.com/maps/place/NOSSO+A%C3%87AI/data=!4m7!3m6!1s0x92a48b6a6df51a85:0x2f40b1a4d1ba343a!8m2!3d-1.3991545!4d-48.4357633!16s%2Fg%2F11t9jy36c3!19sChIJhRr1bWqLpJIROjS60aSxQC8?authuser=0&hl=en&g_ep=EgoyMDI2MDkyMi4wIJJjKgBIAVAD&rclk=1,casa de açaí | ponto de açaí | açaí delivery,"casa de açaí no Benguí, Belém, PA | ponto de açaí no Benguí, Belém, PA | açaí delivery no Benguí, Belém, PA",Benguí,3,2026-09-23
ChIJg19BKHyLpJIRuptQPvzCqbw,13594611338827570106,Açaí Sabore Premium,Açaí shop,Açaíteria / Loja de Açaí,Categoria original indica especialização em açaí,Especializado em açaí,RA_cat_acai_direto,Categoria 'Açaí shop' — evidência forte de especialização,nome contém açaí ('Açaí Sabore Premium'); ocorrências: 2; categoria: 'Açaí shop',"Açaí Sabore Premium - R. Nova Jerusalém, 19 - Mangueirão, Belém - PA, 66640-030",Benguí,Revisar,Belém,PA,-1.382842,-48.453762,0.8175,Normal,91993934632,,5.0,5,,,https://www.google.com/maps/place/A%C3%A7a%C3%AD+Sabore+Premium/data=!4m7!3m6!1s0x92a48b7c28415f83:0xbca9c2fc3e509bba!8m2!3d-1.3828421!4d-48.4537619!16s%2Fg%2F11qq8grydk!19sChIJg19BKHyLpJIRuptQPvzCqbw?authuser=0&hl=en&g_ep=EgoyMDI2MDkyMi4wIJJjKgBIAVAD&rclk=1,casa de açaí,"casa de açaí no Benguí, Belém, PA | casa de açaí na Cabanagem, Belém, PA",Benguí | Cabanagem,2,2026-09-23
ChIJzbQj2TNgpJIRXjofU-V24BI,1360217814780033630,Açai do Nelson,Food manufacturer,Fabricante de Alimentos,Fabricante de alimentos,Açaí + outro segmento,RB2_nome_acai_cat_outro,Nome contém açaí + categoria 'Food manufacturer' indica outro segmento,nome contém açaí ('Açai do Nelson'); ocorrências: 4; categoria: 'Food manufacturer',"Açai do Nelson - Av. Brasil, 958-1024 - Parque Verde, Belém - PA, 66635-350",Benguí,Parque Verde,Belém,PA,-1.36093,-48.43396,3.1484,Normal,91989885749,,4.7,14,,,https://www.google.com/maps/place/A%C3%A7ai+do+Nelson/data=!4m7!3m6!1s0x92a46033d923b4cd:0x12e076e5531f3a5e!8m2!3d-1.3609297!4d-48.4339596!16s%2Fg%2F11hcxxnslx!19sChIJzbQj2TNgpJIRXjofU-V24BI?authuser=0&hl=en&g_ep=EgoyMDI2MDkyMS4wIJJjKgBIAVAD&rclk=1,ponto de açaí | açaí,"ponto de açaí no Benguí, Belém, PA | açaí no Una, Belém, PA | ponto de açaí no Una, Belém, PA | ponto de açaí na Cabanagem, Belém, PA",Benguí | Una | Cabanagem,4,2026-09-23
ChIJiyiPPABhpJIRCjKvCauFFPE,17371656632323224074,100% açaí,Açaí shop,Açaíteria / Loja de Açaí,Categoria original indica especialização em açaí,Especializado em açaí,RA_cat_acai_direto,Categoria 'Açaí shop' — evidência forte de especialização,nome contém açaí ('100% açaí'); ocorrências: 4; categoria: 'Açaí shop',"100% açaí - R. Sideral - Parque Verde, Belém - PA, 66650-190",Benguí,Parque Verde,Belém,PA,-1.357053,-48.438583,3.0269,Normal,,,2.6,7,,,https://www.google.com/maps/place/100%25+a%C3%A7a%C3%AD/data=!4m7!3m6!1s0x92a461003c8f288b:0xf11485ab09af320a!8m2!3d-1.3570532!4d-48.4385833!16s%2Fg%2F11xlff165v!19sChIJiyiPPABhpJIRCjKvCauFFPE?authuser=0&hl=en&g_ep=EgoyMDI2MDkyMS4wIJJjKgBIAVAD&rclk=1,ponto de açaí | casa de açaí,"ponto de açaí no Benguí, Belém, PA | ponto de açaí no São Clemente, Belém, PA | casa de açaí no Una, Belém, PA | ponto de açaí no Una, Belém, PA",Benguí | São Clemente | Una,4,2026-09-23
ChIJ2YXIpkaLpJIR_Akq0Nxrkk4,5661706277687527932,AÇAÍ SAÚDE - O melhor açaí do Bengui,Restaurant,Restaurante,Categoria genérica de restaurante,Açaí + outro segmento,RB2_nome_acai_cat_outro,Nome contém açaí + categoria 'Restaurant' indica outro segmento,nome contém açaí ('AÇAÍ SAÚDE - O melhor açaí do Bengui'); categoria: 'Restaurant',"AÇAÍ SAÚDE - O melhor açaí do Bengui - R. São Bento, 1914 - Benguí, Belém - PA, 66630-030",Benguí,Benguí,Belém,PA,-1.378151,-48.449815,0.8809,Normal,91989347170,https://cutt.ly/acai_delivery,5.0,2,,,https://www.google.com/maps/place/A%C3%87A%C3%8D+SA%C3%9ADE+-+O+melhor+a%C3%A7a%C3%AD+do+Bengui/data=!4m7!3m6!1s0x92a48b46a6c885d9:0x4e926bdcd02a09fc!8m2!3d-1.3781513!4d-48.4498148!16s%2Fg%2F11lc4lgbgt!19sChIJ2YXIpkaLpJIR_Akq0Nxrkk4?authuser=0&hl=en&g_ep=EgoyMDI2MDkyMS4wIJJjKgBIAVAD&rclk=1,açaí delivery,"açaí delivery no Benguí, Belém, PA",Benguí,1,2026-09-23
ChIJk47-kV5hpJIRfxMGQdecn5g,10997681263384859519,Deguce Açaí Bengui,Food manufacturer,Fabricante de Alimentos,Fabricante de alimentos,Açaí + outro segmento,RB2_nome_acai_cat_outro,Nome contém açaí + categoria 'Food manufacturer' indica outro segmento,nome contém açaí ('Deguce Açaí Bengui'); categoria: 'Food manufacturer',"Mix Mateus - Estacionamento - Estr. do Bengui, nº 938 - Benguí, Belém - PA, 66630-280",Benguí,Benguí,Belém,PA,-1.371032,-48.448611,1.1709,Normal,91993212233,,3.6,7,,,https://www.google.com/maps/place/Deguce+A%C3%A7a%C3%AD+Bengui/data=!4m7!3m6!1s0x92a4615e91fe8e93:0x989f9cd74106137f!8m2!3d-1.3710319!4d-48.4486109!16s%2Fg%2F11kpgy7cxh!19sChIJk47-kV5hpJIRfxMGQdecn5g?authuser=0&hl=en&g_ep=EgoyMDI2MDkyMS4wIJJjKgBIAVAD&rclk=1,açaí delivery,"açaí delivery no Benguí, Belém, PA",Benguí,1,2026-09-23
ChIJgWslOzaLpJIRdxqJOw4jHRM,1377295605080595063,Açai do bilu,Açaí shop,Açaíteria / Loja de Açaí,Categoria original indica especialização em açaí,Especializado em açaí,RA_cat_acai_direto,Categoria 'Açaí shop' — evidência forte de especialização,nome contém açaí ('Açai do bilu'); ocorrências: 3; categoria: 'Açaí shop',"Açai do bilu - Benguí, Belém - PA, 66630-001",Benguí,Benguí,Belém,PA,-1.377969,-48.464172,0.7496,Normal,,,4.3,4,,,https://www.google.com/maps/place/A%C3%A7ai+do+bilu/data=!4m7!3m6!1s0x92a48b363b256b81:0x131d230e3b891a77!8m2!3d-1.3779688!4d-48.4641721!16s%2Fg%2F11t1fg2p_s!19sChIJgWslOzaLpJIRdxqJOw4jHRM?authuser=0&hl=en&g_ep=EgoyMDI2MDkyMS4wIJJjKgBIAVAD&rclk=1,açaí delivery | casa de açaí | ponto de açaí,"açaí delivery no Benguí, Belém, PA | casa de açaí no São Clemente, Belém, PA | ponto de açaí no São Clemente, Belém, PA",Benguí | São Clemente,3,2026-09-23
ChIJ8znmluKLpJIR-JU_n19tVBI,1320800848187463160,Açaí da Antônia,Açaí shop,Açaíteria / Loja de Açaí,Categoria original indica especialização em açaí,Especializado em açaí,RA_cat_acai_direto,Categoria 'Açaí shop' — evidência forte de especialização,nome contém açaí ('Açaí da Antônia'); categoria: 'Açaí shop',"Açaí da Antônia - Passagem Primeiro de Julho, 69 - Benguí, Belém - PA, 66630-735",Benguí,Benguí,Belém,PA,-1.369346,-48.451771,1.0294,Normal,91984344027,,3.0,1,,,https://www.google.com/maps/place/A%C3%A7a%C3%AD+da+Ant%C3%B4nia/data=!4m7!3m6!1s0x92a48be296e639f3:0x12546d5f9f3f95f8!8m2!3d-1.3693457!4d-48.4517706!16s%2Fg%2F11ghtc0vvm!19sChIJ8znmluKLpJIR-JU_n19tVBI?authuser=0&hl=en&g_ep=EgoyMDI2MDkyMS4wIJJjKgBIAVAD&rclk=1,açaí delivery,"açaí delivery no Benguí, Belém, PA",Benguí,1,2026-09-23
ChIJe36F6OqLpJIRW1LYanwys48,10354675478204797531,Açaí do sabarito,Meal delivery,Entrega de Refeições / Delivery,Serviço de delivery de refeições,Açaí + outro segmento,RB2_nome_acai_cat_outro,Nome contém açaí + categoria 'Meal delivery' indica outro segmento,nome contém açaí ('Açaí do sabarito'); categoria: 'Meal delivery',"Açaí do sabarito - R. Betânia - da Benfica, Belém - PA, 66630-140",Benguí,Revisar,Belém,PA,-1.373309,-48.449536,0.9642,Normal,91981829951,,0.0,0,,,https://www.google.com/maps/place/A%C3%A7a%C3%AD+do+sabarito/data=!4m7!3m6!1s0x92a48beae8857e7b:0x8fb3327c6ad8525b!8m2!3d-1.373309!4d-48.4495363!16s%2Fg%2F11p11bgrpv!19sChIJe36F6OqLpJIRW1LYanwys48?authuser=0&hl=en&g_ep=EgoyMDI2MDkyMS4wIJJjKgBIAVAD&rclk=1,açaí delivery,"açaí delivery no Benguí, Belém, PA",Benguí,1,2026-09-23
ChIJswwgtWSLpJIRB6khUCh5jXE,8182329312052095239,Açaí do rafa,Restaurant,Restaurante,Categoria genérica de restaurante,Açaí + outro segmento,RB2_nome_acai_cat_outro,Nome contém açaí + categoria 'Restaurant' indica outro segmento,nome contém açaí ('Açaí do rafa'); categoria: 'Restaurant',"Açaí do rafa - R. Betânia, 64 - Benguí, Belém - PA, 66630-140",Benguí,Benguí,Belém,PA,-1.374838,-48.450384,0.8222,Normal,91982114058,,5.0,3,,,https://www.google.com/maps/place/A%C3%A7a%C3%AD+do+rafa/data=!4m7!3m6!1s0x92a48b64b5200cb3:0x718d79285021a907!8m2!3d-1.3748376!4d-48.4503842!16s%2Fg%2F11krflpyt4!19sChIJswwgtWSLpJIRB6khUCh5jXE?authuser=0&hl=en&g_ep=EgoyMDI2MDkyMS4wIJJjKgBIAVAD&rclk=1,açaí delivery,"açaí delivery no Benguí, Belém, PA",Benguí,1,2026-09-23
ChIJQQ__-_JhpJIRTXhLRmrMHwI,153065669171837005,R. Açaí - Pratinha,,Não informado,Categoria não retornada pelo scraper,Especializado em açaí,RA3_nome_acai_cat_compativel,Nome contém açaí + categoria compatível ou vazia,nome contém açaí ('R. Açaí - Pratinha'),"Belém - PA, 66816-870",São Clemente,Revisar,Belém,PA,-1.358505,-48.471539,1.2361,Normal,,,0.0,0,,,"https://www.google.com/maps/place/R.+A%C3%A7a%C3%AD+-+Pratinha,+Bel%C3%A9m+-+PA,+66816-870/@-1.3654216,-48.4628333,15z/data=!4m6!3m5!1s0x92a461f2fbff0f41:0x21fcc6a464b784d!8m2!3d-1.3585049!4d-48.4715386!16s%2Fg%2F11h1yflcmq?hl=en&entry=ttu&g_ep=EgoyMDI2MDkyMS4wIKXMDSoASAFQAw%3D%3D",açaí,"açaí no São Clemente, Belém, PA",São Clemente,1,2026-09-23
ChIJjSHNPgBlpJIRGvcS5ulkTDM,3696440349914494746,Geladus açaiteria,Ice cream shop,Açaíteria / Sorveteria,"Categoria de sorvete/gelado, frequentemente vende açaí",Especializado em açaí,RA2_cat_suporte_texto_acai,Categoria 'Ice cream shop' + evidência textual de açaí,nome contém açaí ('Geladus açaiteria'); ocorrências: 2; categoria: 'Ice cream shop',"Geladus açaiteria - Tv. São Roque - Cruzeiro, Belém - PA, 66812-490",São Clemente,Revisar,Belém,PA,-1.300139,-48.48158,7.5523,Atenção,,,5.0,1,,,https://www.google.com/maps/place/Geladus+a%C3%A7aiteria/data=!4m7!3m6!1s0x92a465003ecd218d:0x334c64e9e612f71a!8m2!3d-1.3001394!4d-48.4815799!16s%2Fg%2F11vybjp97g!19sChIJjSHNPgBlpJIRGvcS5ulkTDM?authuser=0&hl=en&g_ep=EgoyMDI2MDkyMS4wIJJjKgBIAVAD&rclk=1,açaíteria,"açaíteria no São Clemente, Belém, PA | açaíteria no Parque Guajará, Belém, PA",São Clemente | Parque Guajará,2,2026-09-23
ChIJZaYKvKqNpJIRgtiu5bae6co,14621392173609703554,Açaí da Boa Ventura,Restaurant,Restaurante,Categoria genérica de restaurante,Açaí + outro segmento,RB2_nome_acai_cat_outro,Nome contém açaí + categoria 'Restaurant' indica outro segmento,nome contém açaí ('Açaí da Boa Ventura'); ocorrências: 2; categoria: 'Restaurant',"Açaí da Boa Ventura - Tv. Três de Maio - São Brás, Belém - PA, 66063-383",São Clemente,Revisar,Belém,PA,-1.446063,-48.474502,9.0602,Atenção,91999683599,,4.5,10,,,https://www.google.com/maps/place/A%C3%A7a%C3%AD+da+Boa+Ventura/data=!4m7!3m6!1s0x92a48daabc0aa665:0xcae99eb6e5aed882!8m2!3d-1.446063!4d-48.4745023!16s%2Fg%2F11mvrbc7ht!19sChIJZaYKvKqNpJIRgtiu5bae6co?authuser=0&hl=en&g_ep=EgoyMDI2MDkyMS4wIJJjKgBIAVAD&rclk=1,açaíteria,"açaíteria no São Clemente, Belém, PA | açaíteria no Una, Belém, PA",São Clemente | Una,2,2026-09-23
ChIJJVOgE1WJpJIRXh6NzxbZD38,9155775259462147678,Açai & Cia,Dessert shop,Açaíteria / Doceria,Loja de sobremesas,Especializado em açaí,RA2_cat_suporte_texto_acai,Categoria 'Dessert shop' + evidência textual de açaí,nome contém açaí ('Açai & Cia'); categoria: 'Dessert shop',"Açai & Cia - R. Nova, 225 - Pedreira, Belém - PA, 66083-441",São Clemente,Revisar,Belém,PA,-1.429034,-48.480137,7.3302,Atenção,,,4.7,3,,,https://www.google.com/maps/place/A%C3%A7ai+%26+Cia/data=!4m7!3m6!1s0x92a4895513a05325:0x7f0fd916cf8d1e5e!8m2!3d-1.4290343!4d-48.4801365!16s%2Fg%2F11gcdd5v60!19sChIJJVOgE1WJpJIRXh6NzxbZD38?authuser=0&hl=en&g_ep=EgoyMDI2MDkyMS4wIJJjKgBIAVAD&rclk=1,açaíteria,"açaíteria no São Clemente, Belém, PA",São Clemente,1,2026-09-23
ChIJ0RnR4kmLpJIRceK-y9leDNI,15135576737204593265,Soul açaí,Restaurant,Restaurante,Categoria genérica de restaurante,Açaí + outro segmento,RB2_nome_acai_cat_outro,Nome contém açaí + categoria 'Restaurant' indica outro segmento,nome contém açaí ('Soul açaí'); categoria: 'Restaurant',"Soul açaí - Av. Rodolfo Chermont, 420 - Marambaia, Belém - PA, 66623-316",São Clemente,Revisar,Belém,PA,-1.405922,-48.453049,4.6329,Normal,94992529753,,4.4,30,,,https://www.google.com/maps/place/Soul+a%C3%A7a%C3%AD/data=!4m7!3m6!1s0x92a48b49e2d119d1:0xd20c5ed9cbbee271!8m2!3d-1.4059223!4d-48.4530492!16s%2Fg%2F11fqpsyw9t!19sChIJ0RnR4kmLpJIRceK-y9leDNI?authuser=0&hl=en&g_ep=EgoyMDI2MDkyMS4wIJJjKgBIAVAD&rclk=1,açaíteria,"açaíteria no São Clemente, Belém, PA",São Clemente,1,2026-09-23
ChIJbVl2L8-PpJIRzf-r29ne2bY,13175807212123848653,Delas Açaiteria,Snack bar,Lanchonete,Lanchonete / petiscos,Especializado em açaí,RA2_cat_suporte_texto_acai,Categoria 'Snack bar' + evidência textual de açaí,nome contém açaí ('Delas Açaiteria'); categoria: 'Snack bar',"Delas Açaiteria - R. dos Mundurucus, 2699 B - Cremação, Belém - PA, 66063-023",São Clemente,Revisar,Belém,PA,-1.45824,-48.481785,10.5337,Revisar,91983178820,https://linktr.ee/delasacaiteria.on,5.0,2,,,https://www.google.com/maps/place/Delas+A%C3%A7aiteria/data=!4m7!3m6!1s0x92a48fcf2f76596d:0xb6d9ded9dbabffcd!8m2!3d-1.4582399!4d-48.4817851!16s%2Fg%2F11z92qr2lm!19sChIJbVl2L8-PpJIRzf-r29ne2bY?authuser=0&hl=en&g_ep=EgoyMDI2MDkyMS4wIJJjKgBIAVAD&rclk=1,açaíteria,"açaíteria no São Clemente, Belém, PA",São Clemente,1,2026-09-23
ChIJ04wUm_mLpJIR768CGAQzTIg,9821280980063924207,EGUA DO AÇAI MARAMBAIA,Ice cream shop,Açaíteria / Sorveteria,"Categoria de sorvete/gelado, frequentemente vende açaí",Especializado em açaí,RA2_cat_suporte_texto_acai,Categoria 'Ice cream shop' + evidência textual de açaí,nome contém açaí ('EGUA DO AÇAI MARAMBAIA'); ocorrências: 2; categoria: 'Ice cream shop',"EGUA DO AÇAI MARAMBAIA - R. da Mata, 78 - Marambaia, Belém - PA, 66615-420",São Clemente,Revisar,Belém,PA,-1.401684,-48.460052,4.0440,Normal,91982916853,https://www.instagram.com/eguadoacai.acaiteria?igsh=cW4zdW80MXUyMnFq,4.6,14,,,https://www.google.com/maps/place/EGUA+DO+A%C3%87AI+MARAMBAIA/data=!4m7!3m6!1s0x92a48bf99b148cd3:0x884c33041802afef!8m2!3d-1.401684!4d-48.4600524!16s%2Fg%2F11x6p2v9jy!19sChIJ04wUm_mLpJIR768CGAQzTIg?authuser=0&hl=en&g_ep=EgoyMDI2MDkyMS4wIJJjKgBIAVAD&rclk=1,açaíteria,"açaíteria no São Clemente, Belém, PA | açaíteria no Una, Belém, PA",São Clemente | Una,2,2026-09-23
ChIJiRAEadCLpJIRbNnne6I4gC0,3278682799240370540,Açaiman,Açaí shop,Açaíteria / Loja de Açaí,Categoria original indica especialização em açaí,Especializado em açaí,RA_cat_acai_direto,Categoria 'Açaí shop' — evidência forte de especialização,nome contém açaí ('Açaiman'); categoria: 'Açaí shop',"Açaiman - Av. Sen. Lemos, 3153 - Sacramenta, Belém - PA, 66120-000",São Clemente,Revisar,Belém,PA,-1.416519,-48.478213,5.9334,Atenção,91982065017,https://acaiman.com.br/,4.0,4,,,https://www.google.com/maps/place/A%C3%A7aiman/data=!4m7!3m6!1s0x92a48bd069041089:0x2d8038a27be7d96c!8m2!3d-1.4165195!4d-48.4782135!16s%2Fg%2F11kq6stzsr!19sChIJiRAEadCLpJIRbNnne6I4gC0?authuser=0&hl=en&g_ep=EgoyMDI2MDkyMS4wIJJjKgBIAVAD&rclk=1,açaíteria,"açaíteria no São Clemente, Belém, PA",São Clemente,1,2026-09-23
ChIJNyXMeCKLpJIRrRo5aSRu-7Y,13185253436720487085,Açaiteria Terra Açaí Soft,Açaí shop,Açaíteria / Loja de Açaí,Categoria original indica especialização em açaí,Especializado em açaí,RA_cat_acai_direto,Categoria 'Açaí shop' — evidência forte de especialização,nome contém açaí ('Açaiteria Terra Açaí Soft'); categoria: 'Açaí shop',"Estação das Docas Próximo ao anfiteatro (Palco - Campina, Belém - PA, 66010-020",São Clemente,Revisar,Belém,PA,-1.450359,-48.501639,10.3831,Revisar,91983375070,https://www.instagram.com/p/DIIfzQ4OFt1/,4.9,55,,,https://www.google.com/maps/place/A%C3%A7aiteria+Terra+A%C3%A7a%C3%AD+Soft/data=!4m7!3m6!1s0x92a48b2278cc2537:0xb6fb6e2469391aad!8m2!3d-1.4503593!4d-48.5016393!16s%2Fg%2F11ydx11lz5!19sChIJNyXMeCKLpJIRrRo5aSRu-7Y?authuser=0&hl=en&g_ep=EgoyMDI2MDkyMS4wIJJjKgBIAVAD&rclk=1,açaíteria,"açaíteria no São Clemente, Belém, PA",São Clemente,1,2026-09-23
ChIJmc2aUTKNpJIRxAqaOB3DzBI,1354672118202763972,Açaiman,Ice cream shop,Açaíteria / Sorveteria,"Categoria de sorvete/gelado, frequentemente vende açaí",Especializado em açaí,RA2_cat_suporte_texto_acai,Categoria 'Ice cream shop' + evidência textual de açaí,nome contém açaí ('Açaiman'); ocorrências: 2; categoria: 'Ice cream shop',"Açaiman - Tv. Pombal - Umarizal, Belém - PA, 66055-450",São Clemente,Revisar,Belém,PA,-1.437478,-48.486339,8.4276,Atenção,91982065017,http://instagram.com.br/acaimanbr,4.6,8,,,https://www.google.com/maps/place/A%C3%A7aiman/data=!4m7!3m6!1s0x92a48d32519acd99:0x12ccc31d389a0ac4!8m2!3d-1.4374776!4d-48.4863393!16s%2Fg%2F11l6qnnwjp!19sChIJmc2aUTKNpJIRxAqaOB3DzBI?authuser=0&hl=en&g_ep=EgoyMDI2MDkyMS4wIJJjKgBIAVAD&rclk=1,açaíteria | açaí na tigela,"açaíteria no São Clemente, Belém, PA | açaí na tigela na Cabanagem, Belém, PA",São Clemente | Cabanagem,2,2026-09-23
ChIJW0RauCyNpJIRP-tVRtDxK8s,14640060890533456703,Açaí dos Primos,Restaurant,Restaurante,Categoria genérica de restaurante,Açaí + outro segmento,RB2_nome_acai_cat_outro,Nome contém açaí + categoria 'Restaurant' indica outro segmento,nome contém açaí ('Açaí dos Primos'); categoria: 'Restaurant',"Açaí dos Primos - Passagem São José, 60 - Guamá, Belém - PA, 66077-061",São Clemente,Revisar,Belém,PA,-1.458196,-48.456674,10.3387,Revisar,91998347976,,5.0,27,,,https://www.google.com/maps/place/A%C3%A7a%C3%AD+dos+Primos/data=!4m7!3m6!1s0x92a48d2cb85a445b:0xcb2bf1d04655eb3f!8m2!3d-1.4581965!4d-48.4566744!16s%2Fg%2F11vhw66wnw!19sChIJW0RauCyNpJIRP-tVRtDxK8s?authuser=0&hl=en&g_ep=EgoyMDI2MDkyMS4wIJJjKgBIAVAD&rclk=1,açaíteria,"açaíteria no São Clemente, Belém, PA",São Clemente,1,2026-09-23
ChIJT1bgGABhpJIRATB8guNq0Cg,2940968082052231169,Açaí do mancha,Açaí shop,Açaíteria / Loja de Açaí,Categoria original indica especialização em açaí,Especializado em açaí,RA_cat_acai_direto,Categoria 'Açaí shop' — evidência forte de especialização,nome contém açaí ('Açaí do mancha'); ocorrências: 3; categoria: 'Açaí shop',"Açaí do mancha - Rod. do Tapanã - Tapanã, Belém - PA, 66823-060",São Clemente,Tapanã,Belém,PA,-1.350842,-48.473597,2.0149,Normal,,,5.0,1,,,https://www.google.com/maps/place/A%C3%A7a%C3%AD+do+mancha/data=!4m7!3m6!1s0x92a4610018e0564f:0x28d06ae3827c3001!8m2!3d-1.3508415!4d-48.4735971!16s%2Fg%2F11mm82wpll!19sChIJT1bgGABhpJIRATB8guNq0Cg?authuser=0&hl=en&g_ep=EgoyMDI2MDkyMS4wIJJjKgBIAVAD&rclk=1,casa de açaí | ponto de açaí,"casa de açaí no São Clemente, Belém, PA | ponto de açaí no São Clemente, Belém, PA | casa de açaí no Parque Guajará, Belém, PA",São Clemente | Parque Guajará,3,2026-09-23
ChIJxXdDNQCPpJIR6txUzAjMLpM,10605638510664015082,Casa do Açaí Belém - DEVISA/SESMA,Utility contractor,Outro (Não Alimentício),Prestador de serviços,Outro estabelecimento,R0_nome_nao_acai,Nome indica atividade não relacionada a açaí,nome contém açaí ('Casa do Açaí Belém - DEVISA/SESMA'); categoria: 'Utility contractor',"Casa do Açaí Belém - DEVISA/SESMA - Tv. Bom Jardim, 370 - Cidade Velha, Belém - PA, 66023-140",São Clemente,Revisar,Belém,PA,-1.463537,-48.499795,11.6580,Revisar,,,4.0,5,,,https://www.google.com/maps/place/Casa+do+A%C3%A7a%C3%AD+Bel%C3%A9m+-+DEVISA%2FSESMA/data=!4m7!3m6!1s0x92a48f00354377c5:0x932ecc08cc54dcea!8m2!3d-1.4635368!4d-48.4997949!16s%2Fg%2F11vw_v9wxb!19sChIJxXdDNQCPpJIR6txUzAjMLpM?authuser=0&hl=en&g_ep=EgoyMDI2MDkyMS4wIJJjKgBIAVAD&rclk=1,casa de açaí,"casa de açaí no São Clemente, Belém, PA",São Clemente,1,2026-09-23
ChIJY629w85hpJIRe7yrji_Z6kg,5254250713561414779,Açaí do J'R,Açaí shop,Açaíteria / Loja de Açaí,Categoria original indica especialização em açaí,Especializado em açaí,RA_cat_acai_direto,Categoria 'Açaí shop' — evidência forte de especialização,nome contém açaí ('Açaí do J'R'); ocorrências: 2; categoria: 'Açaí shop',"Açaí do J'R - Q. Sete - Coqueiro, Belém - PA, 66650-020",São Clemente,Coqueiro,Belém,PA,-1.356375,-48.439613,2.7703,Normal,91982267054,,5.0,2,,,https://www.google.com/maps/place/A%C3%A7a%C3%AD+do+J%27R/data=!4m7!3m6!1s0x92a461cec3bdad63:0x48ead92f8eabbc7b!8m2!3d-1.3563754!4d-48.4396133!16s%2Fg%2F11vb63mh0s!19sChIJY629w85hpJIRe7yrji_Z6kg?authuser=0&hl=en&g_ep=EgoyMDI2MDkyMS4wIJJjKgBIAVAD&rclk=1,casa de açaí,"casa de açaí no São Clemente, Belém, PA | casa de açaí no Una, Belém, PA",São Clemente | Una,2,2026-09-23
ChIJ32eOSQb5zJQRxtQcpvQZyRw,2074217641930446022,Cairu,Dessert shop,Açaíteria / Doceria,Loja de sobremesas,Açaí + outro segmento,RB1_cat_suporte_sem_confirmacao,Categoria 'Dessert shop' sugere açaí/sorvete mas sem confirmação textual,categoria: 'Dessert shop',"Cairu - Rod. Augusto Montenegro, 4300 - Parque Verde, Belém - PA, 66635-110",São Clemente,Parque Verde,Belém,PA,-1.370929,-48.446853,1.8790,Normal,9132469129,,4.6,675,,,https://www.google.com/maps/place/Cairu/data=!4m7!3m6!1s0x94ccf906498e67df:0x1cc919f4a61cd4c6!8m2!3d-1.370929!4d-48.446853!16s%2Fg%2F11clvtpfh3!19sChIJ32eOSQb5zJQRxtQcpvQZyRw?authuser=0&hl=en&g_ep=EgoyMDI2MDkyMS4wIJJjKgBIAVAD&rclk=1,casa de açaí,"casa de açaí no São Clemente, Belém, PA",São Clemente,1,2026-09-23
ChIJMxD68wNhpJIRMxNxIj5jYF4,6800544555846406963,Açaí da Suh 🫐🫠❤️,Açaí shop,Açaíteria / Loja de Açaí,Categoria original indica especialização em açaí,Especializado em açaí,RA_cat_acai_direto,Categoria 'Açaí shop' — evidência forte de especialização,nome contém açaí ('Açaí da Suh 🫐🫠❤️'); ocorrências: 2; categoria: 'Açaí shop',"Açaí da Suh 🫐🫠❤️ - Mosqueiro - Cajueiro, Belém - PA, 66923-040",São Clemente,Revisar,Belém,PA,-1.353603,-48.445972,2.2892,Normal,91992897040,,5.0,1,,,https://www.google.com/maps/place/A%C3%A7a%C3%AD+da+Suh+%F0%9F%AB%90%F0%9F%AB%A0%E2%9D%A4%EF%B8%8F/data=!4m7!3m6!1s0x92a46103f3fa1033:0x5e60633e22711333!8m2!3d-1.3536027!4d-48.4459718!16s%2Fg%2F11lzrqng1v!19sChIJMxD68wNhpJIRMxNxIj5jYF4?authuser=0&hl=en&g_ep=EgoyMDI2MDkyMS4wIJJjKgBIAVAD&rclk=1,casa de açaí,"casa de açaí no São Clemente, Belém, PA | casa de açaí no Una, Belém, PA",São Clemente | Una,2,2026-09-23
ChIJD67MEABhpJIReFqxUvhFjzQ,3787322744483437176,Milky Moo | Parque Shopping Belém,Ice cream shop,Açaíteria / Sorveteria,"Categoria de sorvete/gelado, frequentemente vende açaí",Açaí + outro segmento,RB1_cat_suporte_sem_confirmacao,Categoria 'Ice cream shop' sugere açaí/sorvete mas sem confirmação textual,categoria: 'Ice cream shop',"Milky Moo | Parque Shopping Belém - Rod. Augusto Montenegro, 4300 - Parque Verde, Belém - PA, 66635-110",São Clemente,Parque Verde,Belém,PA,-1.370454,-48.447098,1.8365,Normal,,,4.8,62,,,https://www.google.com/maps/place/Milky+Moo+%7C+Parque+Shopping+Bel%C3%A9m/data=!4m7!3m6!1s0x92a4610010ccae0f:0x348f45f852b15a78!8m2!3d-1.3704545!4d-48.4470983!16s%2Fg%2F11vkbq2cfb!19sChIJD67MEABhpJIReFqxUvhFjzQ?authuser=0&hl=en&g_ep=EgoyMDI2MDkyMS4wIJJjKgBIAVAD&rclk=1,casa de açaí,"casa de açaí no São Clemente, Belém, PA",São Clemente,1,2026-09-23
ChIJ9SwursCLpJIRK_-9VmsK15Y,10869167681815052075,Açaí da salmo 23,Açaí shop,Açaíteria / Loja de Açaí,Categoria original indica especialização em açaí,Especializado em açaí,RA_cat_acai_direto,Categoria 'Açaí shop' — evidência forte de especialização,nome contém açaí ('Açaí da salmo 23'); categoria: 'Açaí shop',"Quase ao lado do Manolito - R. Ajax de Oliveira, 50 - H - Benguí, Belém - PA, 66630-000",São Clemente,Benguí,Belém,PA,-1.376371,-48.451642,1.7407,Normal,91996149922,,5.0,1,,,https://www.google.com/maps/place/A%C3%A7a%C3%AD+da+salmo+23/data=!4m7!3m6!1s0x92a48bc0ae2e2cf5:0x96d70a6b56bdff2b!8m2!3d-1.3763713!4d-48.4516416!16s%2Fg%2F11whv92dkz!19sChIJ9SwursCLpJIRK_-9VmsK15Y?authuser=0&hl=en&g_ep=EgoyMDI2MDkyMS4wIJJjKgBIAVAD&rclk=1,ponto de açaí,"ponto de açaí no São Clemente, Belém, PA",São Clemente,1,2026-09-23
ChIJ2ycRkG5hpJIRoRnikN2RTXI,8236399674335041953,Açaí da neth,Supermarket,Supermercado,Supermercado,Açaí + outro segmento,RB2_nome_acai_cat_outro,Nome contém açaí + categoria 'Supermarket' indica outro segmento,nome contém açaí ('Açaí da neth'); categoria: 'Supermarket',"Açaí da neth - R. Doroth - São Clemente, Belém - PA, 66816-310",São Clemente,São Clemente,Belém,PA,-1.361164,-48.467745,0.7227,Normal,91989929167,,4.7,7,,,https://www.google.com/maps/place/A%C3%A7a%C3%AD+da+neth/data=!4m7!3m6!1s0x92a4616e901127db:0x724d91dd90e219a1!8m2!3d-1.3611644!4d-48.4677446!16s%2Fg%2F11h55dz8k0!19sChIJ2ycRkG5hpJIRoRnikN2RTXI?authuser=0&hl=en&g_ep=EgoyMDI2MDkyMS4wIJJjKgBIAVAD&rclk=1,açaí delivery,"açaí delivery no São Clemente, Belém, PA",São Clemente,1,2026-09-23
ChIJqWC0ncphpJIRONBu3ngiPoc,9745264546199556152,Esquina Do Açaí,Snack bar,Lanchonete,Lanchonete / petiscos,Especializado em açaí,RA2_cat_suporte_texto_acai,Categoria 'Snack bar' + evidência textual de açaí,nome contém açaí ('Esquina Do Açaí'); ocorrências: 3; categoria: 'Snack bar',"Esquina Do Açaí - Av. Central, 46-56 - Coqueiro, Belém - PA, 66650-520",São Clemente,Coqueiro,Belém,PA,-1.356412,-48.440411,2.6863,Normal,91986267122,,4.4,61,,,https://www.google.com/maps/place/Esquina+Do+A%C3%A7a%C3%AD/data=!4m7!3m6!1s0x92a461ca9db460a9:0x873e2278de6ed038!8m2!3d-1.3564122!4d-48.4404112!16s%2Fg%2F11bzx3ys4x!19sChIJqWC0ncphpJIRONBu3ngiPoc?authuser=0&hl=en&g_ep=EgoyMDI2MDkyMS4wIJJjKgBIAVAD&rclk=1,açaí delivery | açaí,"açaí delivery no São Clemente, Belém, PA | açaí no Una, Belém, PA | açaí delivery no Una, Belém, PA",São Clemente | Una,3,2026-09-23
ChIJDclwLQBhpJIR3zrczOM6r-0,17126972657982257887,Rua açaí,Housing complex,Outro (Não Alimentício),Conjunto habitacional / rua,Outro estabelecimento,R0_nome_nao_acai,Nome indica atividade não relacionada a açaí,nome contém açaí ('Rua açaí'); categoria: 'Housing complex',"Rua açaí - Coqueiro, Belém - PA",Una,Coqueiro,Belém,PA,-1.35882,-48.435778,1.7927,Normal,,,5.0,1,,,https://www.google.com/maps/place/Rua+a%C3%A7a%C3%AD/data=!4m7!3m6!1s0x92a461002d70c90d:0xedaf3ae3ccdc3adf!8m2!3d-1.3588199!4d-48.4357775!16s%2Fg%2F11ydp4x06c!19sChIJDclwLQBhpJIR3zrczOM6r-0?authuser=0&hl=en&g_ep=EgoyMDI2MDkyMS4wIJJjKgBIAVAD&rclk=1,açaí,"açaí no Una, Belém, PA",Una,1,2026-09-23
ChIJuTwdEHNhpJIRl1x00-p3y3c,8632124961239358615,Sou + Açaí - Unidade Cidade Nova,Organic food store,Loja de Produtos Naturais / Orgânicos,Loja de produtos naturais/orgânicos,Especializado em açaí,RA2_cat_suporte_texto_acai,Categoria 'Organic food store' + evidência textual de açaí,nome contém açaí ('Sou + Açaí - Unidade Cidade Nova'); ocorrências: 5; categoria: 'Organic food store',"Sou + Açaí - Unidade Cidade Nova - Tv. SN 03, 753 - Cidade Nova, Ananindeua - PA, 67130-640",Una,Revisar,Belém,PA,-1.359258,-48.406718,2.5296,Normal,91993840369,,3.5,21,,,https://www.google.com/maps/place/Sou+%2B+A%C3%A7a%C3%AD+-+Unidade+Cidade+Nova/data=!4m7!3m6!1s0x92a46173101d3cb9:0x77cb77ead3745c97!8m2!3d-1.3592575!4d-48.4067182!16s%2Fg%2F11nh4j905_!19sChIJuTwdEHNhpJIRl1x00-p3y3c?authuser=0&hl=en&g_ep=EgoyMDI2MDkyMS4wIJJjKgBIAVAD&rclk=1,açaí | açaíteria | casa de açaí | ponto de açaí | açaí delivery,"açaí no Una, Belém, PA | açaíteria no Una, Belém, PA | casa de açaí no Una, Belém, PA | ponto de açaí no Una, Belém, PA | açaí delivery no Una, Belém, PA",Una,5,2026-09-23
ChIJPYZyQwBhpJIReutrgCwaAM4,14843893150248594298,AÇAÍ GRÃO PARÁ,Family restaurant,Restaurante,Restaurante familiar,Açaí + outro segmento,RB2_nome_acai_cat_outro,Nome contém açaí + categoria 'Family restaurant' indica outro segmento,nome contém açaí ('AÇAÍ GRÃO PARÁ'); categoria: 'Family restaurant',"AÇAÍ GRÃO PARÁ - Tv. We Trinta e Seis, 112 - Cidade Nova, Ananindeua - PA, 67133-190",Una,Revisar,Belém,PA,-1.358764,-48.404688,2.7502,Normal,91991899418,,5.0,1,,,https://www.google.com/maps/place/A%C3%87A%C3%8D+GR%C3%83O+PAR%C3%81/data=!4m7!3m6!1s0x92a461004372863d:0xce001a2c806beb7a!8m2!3d-1.3587641!4d-48.4046883!16s%2Fg%2F11ytsbd7z4!19sChIJPYZyQwBhpJIReutrgCwaAM4?authuser=0&hl=en&g_ep=EgoyMDI2MDkyMS4wIJJjKgBIAVAD&rclk=1,açaí,"açaí no Una, Belém, PA",Una,1,2026-09-23
ChIJgeX0MACLpJIRf91STyUpxRc,1712820473505701247,Açaí Ananin,Restaurant,Restaurante,Categoria genérica de restaurante,Açaí + outro segmento,RB2_nome_acai_cat_outro,Nome contém açaí + categoria 'Restaurant' indica outro segmento,nome contém açaí ('Açaí Ananin'); ocorrências: 4; categoria: 'Restaurant',"Açaí Ananin - Passagem São Pedro, 110 - Coqueiro, Ananindeua - PA, 67013-710",Una,Coqueiro,Belém,PA,-1.383845,-48.419762,1.5273,Normal,91993536237,,5.0,15,,,https://www.google.com/maps/place/A%C3%A7a%C3%AD+Ananin/data=!4m7!3m6!1s0x92a48b0030f4e581:0x17c529254f52dd7f!8m2!3d-1.3838449!4d-48.419762!16s%2Fg%2F11vyj3wxp5!19sChIJgeX0MACLpJIRf91STyUpxRc?authuser=0&hl=en&g_ep=EgoyMDI2MDkyMS4wIJJjKgBIAVAD&rclk=1,açaí | açaíteria | açaí delivery,"açaí no Una, Belém, PA | açaíteria no Una, Belém, PA | açaí delivery no Una, Belém, PA | açaíteria na Cabanagem, Belém, PA",Una | Cabanagem,4,2026-09-23
ChIJ_V46FgCLpJIRFOIi8kP5jos,10056249088185393684,ON Açaí,Açaí shop,Açaíteria / Loja de Açaí,Categoria original indica especialização em açaí,Especializado em açaí,RA_cat_acai_direto,Categoria 'Açaí shop' — evidência forte de especialização,nome contém açaí ('ON Açaí'); ocorrências: 6; categoria: 'Açaí shop',"ON Açaí - Passagem Santo Inácio, 116 - Cabanagem, Belém - PA, 66625-380",Una,Cabanagem,Belém,PA,-1.371894,-48.430126,0.4746,Normal,91983380168,,0.0,0,,,https://www.google.com/maps/place/ON+A%C3%A7a%C3%AD/data=!4m7!3m6!1s0x92a48b00163a5efd:0x8b8ef943f222e214!8m2!3d-1.3718943!4d-48.4301263!16s%2Fg%2F11z83v7b2h!19sChIJ_V46FgCLpJIRFOIi8kP5jos?authuser=0&hl=en&g_ep=EgoyMDI2MDkyMS4wIJJjKgBIAVAD&rclk=1,açaí | casa de açaí | ponto de açaí,"açaí no Una, Belém, PA | casa de açaí no Una, Belém, PA | ponto de açaí no Una, Belém, PA | açaí na Cabanagem, Belém, PA | casa de açaí na Cabanagem, Belém, PA | ponto de açaí na Cabanagem, Belém, PA",Una | Cabanagem,6,2026-09-23
ChIJsdMOfACLpJIRnxXwwvbo5vg,17935278712579691935,Açaí da Lunna,Açaí shop,Açaíteria / Loja de Açaí,Categoria original indica especialização em açaí,Especializado em açaí,RA_cat_acai_direto,Categoria 'Açaí shop' — evidência forte de especialização,nome contém açaí ('Açaí da Lunna'); ocorrências: 3; categoria: 'Açaí shop',"Açaí da Lunna - R. do Fio, 24a - Coqueiro, Belém - PA, 67113-345",Una,Coqueiro,Belém,PA,-1.372748,-48.428278,0.2993,Normal,,,0.0,0,,,https://www.google.com/maps/place/A%C3%A7a%C3%AD+da+Lunna/data=!4m7!3m6!1s0x92a48b007c0ed3b1:0xf8e6e8f6c2f0159f!8m2!3d-1.3727479!4d-48.4282779!16s%2Fg%2F11nqfkmk_5!19sChIJsdMOfACLpJIRnxXwwvbo5vg?authuser=0&hl=en&g_ep=EgoyMDI2MDkyMS4wIJJjKgBIAVAD&rclk=1,açaí | casa de açaí | ponto de açaí,"açaí no Una, Belém, PA | casa de açaí no Una, Belém, PA | ponto de açaí no Una, Belém, PA",Una,3,2026-09-23
ChIJ4S1QRXlhpJIRs-S_99VTztI,15190170771616949427,Açaí Prime do Pará,Natural goods store,Loja de Produtos Naturais / Orgânicos,Loja de produtos naturais,Especializado em açaí,RA2_cat_suporte_texto_acai,Categoria 'Natural goods store' + evidência textual de açaí,nome contém açaí ('Açaí Prime do Pará'); ocorrências: 4; categoria: 'Natural goods store',"Açaí Prime do Pará - Tv. WE-02, 45 - Cidade Nova, Ananindeua - PA, 67130-020",Una,Revisar,Belém,PA,-1.375498,-48.410212,1.7954,Normal,91998220004,,3.0,2,,,https://www.google.com/maps/place/A%C3%A7a%C3%AD+Prime+do+Par%C3%A1/data=!4m7!3m6!1s0x92a4617945502de1:0xd2ce53d5f7bfe4b3!8m2!3d-1.3754981!4d-48.4102116!16s%2Fg%2F11z5ry5vx4!19sChIJ4S1QRXlhpJIRs-S_99VTztI?authuser=0&hl=en&g_ep=EgoyMDI2MDkyMS4wIJJjKgBIAVAD&rclk=1,açaí | casa de açaí | ponto de açaí,"açaí no Una, Belém, PA | casa de açaí no Una, Belém, PA | ponto de açaí no Una, Belém, PA | casa de açaí na Cabanagem, Belém, PA",Una | Cabanagem,4,2026-09-23
ChIJqT03ZjtgpJIRuYLqPdscDvs,18090428481156055737,AÇAÍ DO OSVALDO,Health food restaurant,Restaurante Saudável,Restaurante com foco em alimentação saudável,Especializado em açaí,RA2_cat_suporte_texto_acai,Categoria 'Health food restaurant' + evidência textual de açaí,nome contém açaí ('AÇAÍ DO OSVALDO'); categoria: 'Health food restaurant',"AÇAÍ DO OSVALDO - QD G N 2, R. Paraguai - Coqueiro, Ananindeua - PA, 67115-100",Una,Coqueiro,Belém,PA,-1.361234,-48.423152,1.1854,Normal,91989367044,,4.6,23,,,https://www.google.com/maps/place/A%C3%87A%C3%8D+DO+OSVALDO/data=!4m7!3m6!1s0x92a4603b66373da9:0xfb0e1cdb3dea82b9!8m2!3d-1.3612345!4d-48.4231522!16s%2Fg%2F11f38py4dy!19sChIJqT03ZjtgpJIRuYLqPdscDvs?authuser=0&hl=en&g_ep=EgoyMDI2MDkyMS4wIJJjKgBIAVAD&rclk=1,açaí,"açaí no Una, Belém, PA",Una,1,2026-09-23
ChIJUYz6P1VhpJIRoaB0KCY163g,8713116342082117793,Açaí do Jairo,Restaurant,Restaurante,Categoria genérica de restaurante,Açaí + outro segmento,RB2_nome_acai_cat_outro,Nome contém açaí + categoria 'Restaurant' indica outro segmento,nome contém açaí ('Açaí do Jairo'); ocorrências: 2; categoria: 'Restaurant',"Açaí do Jairo - 736, R. Providência, 690 - Coqueiro, Ananindeua - PA",Una,Coqueiro,Belém,PA,-1.355234,-48.410587,2.4849,Normal,91981642761,,4.6,29,,,https://www.google.com/maps/place/A%C3%A7a%C3%AD+do+Jairo/data=!4m7!3m6!1s0x92a461553ffa8c51:0x78eb35262874a0a1!8m2!3d-1.3552337!4d-48.4105871!16s%2Fg%2F11hj1y0kz3!19sChIJUYz6P1VhpJIRoaB0KCY163g?authuser=0&hl=en&g_ep=EgoyMDI2MDkyMS4wIJJjKgBIAVAD&rclk=1,açaí | açaí delivery,"açaí no Una, Belém, PA | açaí delivery no Una, Belém, PA",Una,2,2026-09-23
ChIJnX7tGoKLpJIR7jivW4U5AuY,16573872823608490222,Açaí Av. 3 Corações,Meal delivery,Entrega de Refeições / Delivery,Serviço de delivery de refeições,Açaí + outro segmento,RB2_nome_acai_cat_outro,Nome contém açaí + categoria 'Meal delivery' indica outro segmento,nome contém açaí ('Açaí Av. 3 Corações'); ocorrências: 2; categoria: 'Meal delivery',"Açaí Av. 3 Corações - Tv. We 09 B, 72 - Cidade Nova, Ananindeua - PA, 67130-100",Una,Revisar,Belém,PA,-1.371874,-48.409042,1.8711,Normal,91980861300,,5.0,20,,,https://www.google.com/maps/place/A%C3%A7a%C3%AD+Av.+3+Cora%C3%A7%C3%B5es/data=!4m7!3m6!1s0x92a48b821aed7e9d:0xe60239855baf38ee!8m2!3d-1.3718737!4d-48.4090419!16s%2Fg%2F11h8b5dbb4!19sChIJnX7tGoKLpJIR7jivW4U5AuY?authuser=0&hl=en&g_ep=EgoyMDI2MDkyMS4wIJJjKgBIAVAD&rclk=1,açaí | açaí delivery,"açaí no Una, Belém, PA | açaí delivery no Una, Belém, PA",Una,2,2026-09-23
ChIJ68GEZQhhpJIR08mMuEHDRXM,8306259774791272915,Açaí Point da Ilha,Açaí shop,Açaíteria / Loja de Açaí,Categoria original indica especialização em açaí,Especializado em açaí,RA_cat_acai_direto,Categoria 'Açaí shop' — evidência forte de especialização,nome contém açaí ('Açaí Point da Ilha'); ocorrências: 6; categoria: 'Açaí shop',"Açaí Point da Ilha - Cidade Nova, 29 - Cidade Nova, Ananindeua - PA, 67130-630",Una,Revisar,Belém,PA,-1.361124,-48.411109,2.0087,Normal,91992832272,,4.7,14,,,https://www.google.com/maps/place/A%C3%A7a%C3%AD+Point+da+Ilha/data=!4m7!3m6!1s0x92a461086584c1eb:0x7345c341b88cc9d3!8m2!3d-1.3611239!4d-48.4111088!16s%2Fg%2F11nn1pq01m!19sChIJ68GEZQhhpJIR08mMuEHDRXM?authuser=0&hl=en&g_ep=EgoyMDI2MDkyMS4wIJJjKgBIAVAD&rclk=1,açaí | açaíteria | casa de açaí | ponto de açaí | açaí delivery,"açaí no Una, Belém, PA | açaíteria no Una, Belém, PA | casa de açaí no Una, Belém, PA | ponto de açaí no Una, Belém, PA | açaí delivery no Una, Belém, PA | açaíteria na Cabanagem, Belém, PA",Una | Cabanagem,6,2026-09-23
ChIJwTbtQClgpJIRL5O_14wgaqQ,11847317559038677807,Açai Do Jhony,Restaurant,Restaurante,Categoria genérica de restaurante,Açaí + outro segmento,RB2_nome_acai_cat_outro,Nome contém açaí + categoria 'Restaurant' indica outro segmento,nome contém açaí ('Açai Do Jhony'); ocorrências: 4; categoria: 'Restaurant',"Açai Do Jhony - Passagem Muruci - Cabanagem, Belém - PA, 66625-135",Una,Cabanagem,Belém,PA,-1.36787,-48.432577,0.8499,Normal,,,5.0,3,,,https://www.google.com/maps/place/A%C3%A7ai+Do+Jhony/data=!4m7!3m6!1s0x92a4602940ed36c1:0xa46a208cd7bf932f!8m2!3d-1.3678696!4d-48.4325774!16s%2Fg%2F11j1j691vs!19sChIJwTbtQClgpJIRL5O_14wgaqQ?authuser=0&hl=en&g_ep=EgoyMDI2MDkyMS4wIJJjKgBIAVAD&rclk=1,açaí | açaí delivery,"açaí no Una, Belém, PA | açaí delivery no Una, Belém, PA | açaí na Cabanagem, Belém, PA | açaí delivery na Cabanagem, Belém, PA",Una | Cabanagem,4,2026-09-23
ChIJs1Tf2kJhpJIRddyfYim9FZw,11247103629873634421,Açaí das ilhas,Restaurant,Restaurante,Categoria genérica de restaurante,Açaí + outro segmento,RB2_nome_acai_cat_outro,Nome contém açaí + categoria 'Restaurant' indica outro segmento,nome contém açaí ('Açaí das ilhas'); categoria: 'Restaurant',"Açaí das ilhas - Tv. We Vinte e Oito, 23 - Cidade Nova, Ananindeua - PA, 67133-110",Una,Revisar,Belém,PA,-1.362421,-48.40602,2.4286,Normal,91989514145,,2.9,9,,,https://www.google.com/maps/place/A%C3%A7a%C3%AD+das+ilhas/data=!4m7!3m6!1s0x92a46142dadf54b3:0x9c15bd29629fdc75!8m2!3d-1.3624213!4d-48.4060203!16s%2Fg%2F11r9ppjt95!19sChIJs1Tf2kJhpJIRddyfYim9FZw?authuser=0&hl=en&g_ep=EgoyMDI2MDkyMS4wIJJjKgBIAVAD&rclk=1,açaí,"açaí no Una, Belém, PA",Una,1,2026-09-23
ChIJufPQ1w5gpJIRQV9_-tZe9Ss,3167542190343675713,Nutri Açaí,Restaurant,Restaurante,Categoria genérica de restaurante,Açaí + outro segmento,RB2_nome_acai_cat_outro,Nome contém açaí + categoria 'Restaurant' indica outro segmento,nome contém açaí ('Nutri Açaí'); categoria: 'Restaurant',"Nutri Açaí - Travessa Sn Dezessete entre, Tv. We-31 (Cj Cidade Nova V), E 32 - Cidade Nova, Ananindeua - PA, 67133-140",Una,Revisar,Belém,PA,-1.360988,-48.40434,2.6657,Normal,91999160916,http://www.instagram.com/nutri_acai,4.6,18,,,https://www.google.com/maps/place/Nutri+A%C3%A7a%C3%AD/data=!4m7!3m6!1s0x92a4600ed7d0f3b9:0x2bf55ed6fa7f5f41!8m2!3d-1.3609884!4d-48.4043396!16s%2Fg%2F11gdk4n1sy!19sChIJufPQ1w5gpJIRQV9_-tZe9Ss?authuser=0&hl=en&g_ep=EgoyMDI2MDkyMS4wIJJjKgBIAVAD&rclk=1,açaí,"açaí no Una, Belém, PA",Una,1,2026-09-23
ChIJg5qA0QVhpJIRvqNhmnOK5L4,13755271391012299710,Açaí Metrópole,Restaurant,Restaurante,Categoria genérica de restaurante,Açaí + outro segmento,RB2_nome_acai_cat_outro,Nome contém açaí + categoria 'Restaurant' indica outro segmento,nome contém açaí ('Açaí Metrópole'); ocorrências: 3; categoria: 'Restaurant',"Açaí Metrópole - Rod. Mário Covas, 5 - Coqueiro, Ananindeua - PA, 67113-330",Una,Coqueiro,Belém,PA,-1.384912,-48.411077,2.2169,Normal,91993161426,https://acaimetropole.com.br/,4.9,14,,Dogs allowed,https://www.google.com/maps/place/A%C3%A7a%C3%AD+Metr%C3%B3pole/data=!4m7!3m6!1s0x92a46105d1809a83:0xbee48a739a61a3be!8m2!3d-1.3849123!4d-48.4110767!16s%2Fg%2F11wmvh5b72!19sChIJg5qA0QVhpJIRvqNhmnOK5L4?authuser=0&hl=en&g_ep=EgoyMDI2MDkyMS4wIJJjKgBIAVAD&rclk=1,açaí | açaíteria,"açaí no Una, Belém, PA | açaíteria no Una, Belém, PA | açaíteria na Cabanagem, Belém, PA",Una | Cabanagem,3,2026-09-23
ChIJz9BP_TpgpJIRRY1xScyyApo,11097629022269574469,AÇAÍ DO ARTEME,Natural goods store,Loja de Produtos Naturais / Orgânicos,Loja de produtos naturais,Especializado em açaí,RA2_cat_suporte_texto_acai,Categoria 'Natural goods store' + evidência textual de açaí,nome contém açaí ('AÇAÍ DO ARTEME'); ocorrências: 2; categoria: 'Natural goods store',"AÇAÍ DO ARTEME - Ananindeua, Pará - Rodovia Mario Covas, 2233 - CENTRO COMERCIAL JARDIM AMÉRICA - Coqueiro, Ananindeua - PA, 67115-000",Una,Coqueiro,Belém,PA,-1.361897,-48.426279,1.0734,Normal,9132340234,,4.7,36,,,https://www.google.com/maps/place/A%C3%87A%C3%8D+DO+ARTEME/data=!4m7!3m6!1s0x92a4603afd4fd0cf:0x9a02b2cc49718d45!8m2!3d-1.3618974!4d-48.4262793!16s%2Fg%2F11bxgmtykf!19sChIJz9BP_TpgpJIRRY1xScyyApo?authuser=0&hl=en&g_ep=EgoyMDI2MDkyMS4wIJJjKgBIAVAD&rclk=1,açaí | casa de açaí,"açaí no Una, Belém, PA | casa de açaí no Una, Belém, PA",Una,2,2026-09-23
ChIJSTX_HztgpJIR00_ztg9UYTw,4350851141487251411,Sabor Açai,Restaurant,Restaurante,Categoria genérica de restaurante,Açaí + outro segmento,RB2_nome_acai_cat_outro,Nome contém açaí + categoria 'Restaurant' indica outro segmento,nome contém açaí ('Sabor Açai'); ocorrências: 3; categoria: 'Restaurant',"Sabor Açai - Rod. Mário Covas - Coqueiro, Belém - PA, 67113-330",Una,Coqueiro,Belém,PA,-1.362128,-48.426398,1.0484,Normal,,,5.0,1,,,https://www.google.com/maps/place/Sabor+A%C3%A7ai/data=!4m7!3m6!1s0x92a4603b1fff3549:0x3c61540fb6f34fd3!8m2!3d-1.362128!4d-48.4263975!16s%2Fg%2F11kdtj3fwl!19sChIJSTX_HztgpJIR00_ztg9UYTw?authuser=0&hl=en&g_ep=EgoyMDI2MDkyMS4wIJJjKgBIAVAD&rclk=1,açaí | açaí delivery,"açaí no Una, Belém, PA | açaí delivery no Una, Belém, PA | açaí delivery na Cabanagem, Belém, PA",Una | Cabanagem,3,2026-09-23
ChIJCbzocblhpJIRXdhqT7yGN3I,8230194987387246685,Açaí da nata,Food court,Praça de Alimentação / Shopping,Praça de alimentação,Açaí + outro segmento,RB2_nome_acai_cat_outro,Nome contém açaí + categoria 'Food court' indica outro segmento,nome contém açaí ('Açaí da nata'); categoria: 'Food court',"Açaí da nata - R. Ariri, conj carneirinho Q2 n°1Coqueiro, Belém - PA, 66650-190",Una,Coqueiro,Belém,PA,-1.35685,-48.442065,2.4309,Normal,91981006202,http://xn--aaidanata-q3a.com.br/,4.1,11,,,https://www.google.com/maps/place/A%C3%A7a%C3%AD+da+nata/data=!4m7!3m6!1s0x92a461b971e8bc09:0x723786bc4f6ad85d!8m2!3d-1.3568496!4d-48.4420647!16s%2Fg%2F11sc1t5fhb!19sChIJCbzocblhpJIRXdhqT7yGN3I?authuser=0&hl=en&g_ep=EgoyMDI2MDkyMS4wIJJjKgBIAVAD&rclk=1,açaí,"açaí no Una, Belém, PA",Una,1,2026-09-23
ChIJaZnKOp1hpJIRefxTn2WSTeo,16883311543244291193,Açaí do Toni,Restaurant,Restaurante,Categoria genérica de restaurante,Açaí + outro segmento,RB2_nome_acai_cat_outro,Nome contém açaí + categoria 'Restaurant' indica outro segmento,nome contém açaí ('Açaí do Toni'); categoria: 'Restaurant',"Açaí do Toni - Estrada da Providencia, Al. Tancredo Neves, 10 - Cn8, Ananindeua - PA, 67133-045",Una,Revisar,Belém,PA,-1.361476,-48.4107,2.0241,Normal,,,4.4,14,,,https://www.google.com/maps/place/A%C3%A7a%C3%AD+do+Toni/data=!4m7!3m6!1s0x92a4619d3aca9969:0xea4d92659f53fc79!8m2!3d-1.361476!4d-48.4107!16s%2Fg%2F11j6ryb7q7!19sChIJaZnKOp1hpJIRefxTn2WSTeo?authuser=0&hl=en&g_ep=EgoyMDI2MDkyMS4wIJJjKgBIAVAD&rclk=1,açaí,"açaí no Una, Belém, PA",Una,1,2026-09-23
ChIJ5d5DKABhpJIRH-FGWWDAmLI,12869247455258403103,Açaí Marajoara,Grocery store,Mercado / Mercearia,Mercadinho / mercearia,Açaí + outro segmento,RB2_nome_acai_cat_outro,Nome contém açaí + categoria 'Grocery store' indica outro segmento,nome contém açaí ('Açaí Marajoara'); ocorrências: 2; categoria: 'Grocery store',"Açaí Marajoara - Av. Brasil, 249 - Coqueiro, Belém - PA, 66625-670",Una,Coqueiro,Belém,PA,-1.360532,-48.4344,1.5484,Normal,91980236376,,5.0,2,,,https://www.google.com/maps/place/A%C3%A7a%C3%AD+Marajoara/data=!4m7!3m6!1s0x92a461002843dee5:0xb298c0605946e11f!8m2!3d-1.3605318!4d-48.4344003!16s%2Fg%2F11zdzd_076!19sChIJ5d5DKABhpJIRH-FGWWDAmLI?authuser=0&hl=en&g_ep=EgoyMDI2MDkyMS4wIJJjKgBIAVAD&rclk=1,açaí | casa de açaí,"açaí no Una, Belém, PA | casa de açaí no Una, Belém, PA",Una,2,2026-09-23
ChIJMw3CTgSLpJIR7REk-WL7f48,10340259671971205613,Fernando Açaíteria,Ice cream shop,Açaíteria / Sorveteria,"Categoria de sorvete/gelado, frequentemente vende açaí",Especializado em açaí,RA2_cat_suporte_texto_acai,Categoria 'Ice cream shop' + evidência textual de açaí,nome contém açaí ('Fernando Açaíteria'); ocorrências: 4; categoria: 'Ice cream shop',"Fernando Açaíteria - R. 7 de Setembro, 30 - Coqueiro, Ananindeua - PA, 67113-374",Una,Coqueiro,Belém,PA,-1.37673,-48.419713,0.8952,Normal,91984689476,,5.0,1,,,https://www.google.com/maps/place/Fernando+A%C3%A7a%C3%ADteria/data=!4m7!3m6!1s0x92a48b044ec20d33:0x8f7ffb62f92411ed!8m2!3d-1.3767303!4d-48.4197128!16s%2Fg%2F11vy9_24ql!19sChIJMw3CTgSLpJIR7REk-WL7f48?authuser=0&hl=en&g_ep=EgoyMDI2MDkyMS4wIJJjKgBIAVAD&rclk=1,açaíteria | casa de açaí | ponto de açaí,"açaíteria no Una, Belém, PA | casa de açaí no Una, Belém, PA | ponto de açaí no Una, Belém, PA | açaíteria na Cabanagem, Belém, PA",Una | Cabanagem,4,2026-09-23
ChIJpx5Cg6L1pJIR7PxYEq0NZb4,13719386876842409196,WL AÇAÍTERIA E SORVETERIA,Ice cream shop,Açaíteria / Sorveteria,"Categoria de sorvete/gelado, frequentemente vende açaí",Especializado em açaí,RA2_cat_suporte_texto_acai,Categoria 'Ice cream shop' + evidência textual de açaí,nome contém açaí ('WL AÇAÍTERIA E SORVETERIA'); categoria: 'Ice cream shop',"WL AÇAÍTERIA E SORVETERIA - Travessa F, Conj. Cohab, 350 - Águas Brancas, Ananindeua - PA, 67033-490",Una,Revisar,Belém,PA,-1.392657,-48.371288,6.5060,Atenção,,,5.0,1,,,https://www.google.com/maps/place/WL+A%C3%87A%C3%8DTERIA+E+SORVETERIA/data=!4m7!3m6!1s0x92a4f5a283421ea7:0xbe650dad1258fcec!8m2!3d-1.3926569!4d-48.3712876!16s%2Fg%2F11ng6x8nny!19sChIJpx5Cg6L1pJIR7PxYEq0NZb4?authuser=0&hl=en&g_ep=EgoyMDI2MDkyMS4wIJJjKgBIAVAD&rclk=1,açaíteria,"açaíteria no Una, Belém, PA",Una,1,2026-09-23
ChIJLS_DdACLpJIRKzAFQzaFsd0,15974695821359001643,Encanto do açaí bistrô e açaíteria,Family restaurant,Restaurante,Restaurante familiar,Açaí + outro segmento,RB2_nome_acai_cat_outro,Nome contém açaí + categoria 'Family restaurant' indica outro segmento,nome contém açaí ('Encanto do açaí bistrô e açaíteria'); ocorrências: 2; categoria: 'Family restaurant',"Encanto do açaí bistrô e açaíteria - R. Tancredo Neves, 61 - Atalaia, Ananindeua - PA, 67013-354",Una,Revisar,Belém,PA,-1.387556,-48.427011,1.7852,Normal,91983966474,,5.0,3,,,https://www.google.com/maps/place/Encanto+do+a%C3%A7a%C3%AD+bistr%C3%B4+e+a%C3%A7a%C3%ADteria/data=!4m7!3m6!1s0x92a48b0074c32f2d:0xddb185364305302b!8m2!3d-1.3875563!4d-48.4270113!16s%2Fg%2F11yyzzsyn3!19sChIJLS_DdACLpJIRKzAFQzaFsd0?authuser=0&hl=en&g_ep=EgoyMDI2MDkyMS4wIJJjKgBIAVAD&rclk=1,açaíteria,"açaíteria no Una, Belém, PA | açaíteria na Cabanagem, Belém, PA",Una | Cabanagem,2,2026-09-23
ChIJCYeVJgBhpJIRNU5Aoaw0kdM,15245024129670204981,Acaiteria e Sorveteria Black Gold - Unidade Praça da Bíblia,Ice cream shop,Açaíteria / Sorveteria,"Categoria de sorvete/gelado, frequentemente vende açaí",Especializado em açaí,RA2_cat_suporte_texto_acai,Categoria 'Ice cream shop' + evidência textual de açaí,nome contém açaí ('Acaiteria e Sorveteria Black Gold - Unid'); ocorrências: 2; categoria: 'Ice cream shop',"Acaiteria e Sorveteria Black Gold - Unidade Praça da Bíblia - Tv. We Treze -B, 92 - Coqueiro, Ananindeua - PA, 67130-645",Una,Coqueiro,Belém,PA,-1.369598,-48.40723,2.0834,Normal,,,1.0,1,,,https://www.google.com/maps/place/Acaiteria+e+Sorveteria+Black+Gold+-+Unidade+Pra%C3%A7a+da+B%C3%ADblia/data=!4m7!3m6!1s0x92a4610026958709:0xd39134aca1404e35!8m2!3d-1.3695983!4d-48.4072298!16s%2Fg%2F11z23twpr0!19sChIJCYeVJgBhpJIRNU5Aoaw0kdM?authuser=0&hl=en&g_ep=EgoyMDI2MDkyMS4wIJJjKgBIAVAD&rclk=1,açaíteria,"açaíteria no Una, Belém, PA | açaíteria na Cabanagem, Belém, PA",Una | Cabanagem,2,2026-09-23
ChIJzR-d1ZBhpJIReO_14OF9-bg,13328822981275021176,Açaí gold berry,Açaí shop,Açaíteria / Loja de Açaí,Categoria original indica especialização em açaí,Especializado em açaí,RA_cat_acai_direto,Categoria 'Açaí shop' — evidência forte de especialização,nome contém açaí ('Açaí gold berry'); categoria: 'Açaí shop',"Açaí gold berry - Tv. We Treze, 90 - Cidade Nova, Ananindeua - PA, 67130-645",Una,Revisar,Belém,PA,-1.369591,-48.406704,2.1417,Normal,,,5.0,2,,,https://www.google.com/maps/place/A%C3%A7a%C3%AD+gold+berry/data=!4m7!3m6!1s0x92a46190d59d1fcd:0xb8f97de1e0f5ef78!8m2!3d-1.3695912!4d-48.4067036!16s%2Fg%2F11t06tqfzl!19sChIJzR-d1ZBhpJIReO_14OF9-bg?authuser=0&hl=en&g_ep=EgoyMDI2MDkyMS4wIJJjKgBIAVAD&rclk=1,açaíteria,"açaíteria no Una, Belém, PA",Una,1,2026-09-23
ChIJkaEbTx9hpJIR6HpHxJLM90U,5041723238594869992,Açaí Com Frescura,Ice cream shop,Açaíteria / Sorveteria,"Categoria de sorvete/gelado, frequentemente vende açaí",Especializado em açaí,RA2_cat_suporte_texto_acai,Categoria 'Ice cream shop' + evidência textual de açaí,nome contém açaí ('Açaí Com Frescura'); categoria: 'Ice cream shop',"Açaí Com Frescura - We 34, 342 Cidade nova 8, Ananindeua - PA, 67133-170",Una,Coqueiro,Belém,PA,-1.359625,-48.397932,3.3767,Normal,91985900152,https://instagram.com/acaicomfrescura?igshid=MzNlNGNkZWQ4Mg==,4.5,8,,,https://www.google.com/maps/place/A%C3%A7a%C3%AD+Com+Frescura/data=!4m7!3m6!1s0x92a4611f4f1ba191:0x45f7cc92c4477ae8!8m2!3d-1.3596255!4d-48.3979323!16s%2Fg%2F11svdb2qyt!19sChIJkaEbTx9hpJIR6HpHxJLM90U?authuser=0&hl=en&g_ep=EgoyMDI2MDkyMS4wIJJjKgBIAVAD&rclk=1,açaíteria,"açaíteria no Una, Belém, PA",Una,1,2026-09-23
ChIJ67QWSBNgpJIRoR0T42_JbmM,7164885539581271457,Açaí Ki-delícia,Store,Loja / Comércio,Loja genérica,Açaí + outro segmento,RB2_nome_acai_cat_outro,Nome contém açaí + categoria 'Store' indica outro segmento,nome contém açaí ('Açaí Ki-delícia'); ocorrências: 2; categoria: 'Store',"Açaí Ki-delícia - 573, R. C, 525 - Coqueiro, Ananindeua - PA",Una,Coqueiro,Belém,PA,-1.356216,-48.412646,2.2507,Normal,9132874130,,4.5,32,,,https://www.google.com/maps/place/A%C3%A7a%C3%AD+Ki-del%C3%ADcia/data=!4m7!3m6!1s0x92a460134816b4eb:0x636ec96fe3131da1!8m2!3d-1.3562156!4d-48.412646!16s%2Fg%2F11c3v6zmks!19sChIJ67QWSBNgpJIRoR0T42_JbmM?authuser=0&hl=en&g_ep=EgoyMDI2MDkyMS4wIJJjKgBIAVAD&rclk=1,açaíteria,"açaíteria no Una, Belém, PA | açaíteria na Cabanagem, Belém, PA",Una | Cabanagem,2,2026-09-23
ChIJ9Qa3MZ2NpJIRKVtoCJhCHlo,6493700933458352937,Açaí da Luh,Açaí shop,Açaíteria / Loja de Açaí,Categoria original indica especialização em açaí,Especializado em açaí,RA_cat_acai_direto,Categoria 'Açaí shop' — evidência forte de especialização,nome contém açaí ('Açaí da Luh'); categoria: 'Açaí shop',"Açaí da Luh - Tv. Humaitá, 2738 - Marco, Belém - PA, 66070-060",Una,Revisar,Belém,PA,-1.44319,-48.460453,8.8459,Atenção,91984909285,,5.0,61,,Dogs allowed,https://www.google.com/maps/place/A%C3%A7a%C3%AD+da+Luh/data=!4m7!3m6!1s0x92a48d9d31b706f5:0x5a1e429808685b29!8m2!3d-1.4431901!4d-48.460453!16s%2Fg%2F11ncbhk0vr!19sChIJ9Qa3MZ2NpJIRKVtoCJhCHlo?authuser=0&hl=en&g_ep=EgoyMDI2MDkyMS4wIJJjKgBIAVAD&rclk=1,açaíteria,"açaíteria no Una, Belém, PA",Una,1,2026-09-23
ChIJv_MxdbNfpJIRaLfmtsMtqhs,1993456103675311976,Açaí Loka Mania,Restaurant,Restaurante,Categoria genérica de restaurante,Açaí + outro segmento,RB2_nome_acai_cat_outro,Nome contém açaí + categoria 'Restaurant' indica outro segmento,nome contém açaí ('Açaí Loka Mania'); categoria: 'Restaurant',"Açaí Loka Mania - R. Bom Sossego, 742 - Centro, Ananindeua - PA, 67030-404",Una,Revisar,Belém,PA,-1.358291,-48.378146,5.5061,Atenção,91983825560,,4.9,79,,Dogs allowed,https://www.google.com/maps/place/A%C3%A7a%C3%AD+Loka+Mania/data=!4m7!3m6!1s0x92a45fb37531f3bf:0x1baa2dc3b6e6b768!8m2!3d-1.3582908!4d-48.3781465!16s%2Fg%2F11n0kn82t3!19sChIJv_MxdbNfpJIRaLfmtsMtqhs?authuser=0&hl=en&g_ep=EgoyMDI2MDkyMS4wIJJjKgBIAVAD&rclk=1,açaíteria,"açaíteria no Una, Belém, PA",Una,1,2026-09-23
ChIJjTLKckX1pJIRWzE7rESlb4w,10119488602090713435,Açaiteria e Sorveteria Raizo,Ice cream shop,Açaíteria / Sorveteria,"Categoria de sorvete/gelado, frequentemente vende açaí",Especializado em açaí,RA2_cat_suporte_texto_acai,Categoria 'Ice cream shop' + evidência textual de açaí,nome contém açaí ('Açaiteria e Sorveteria Raizo'); categoria: 'Ice cream shop',"Açaiteria e Sorveteria Raizo - Av. Principal do Aurá, 210 - Conjunto Nova, Ananindeua - PA, 67200-000",Una,Revisar,Belém,PA,-1.374857,-48.368559,6.3816,Atenção,91989825757,,5.0,1,,,https://www.google.com/maps/place/A%C3%A7aiteria+e+Sorveteria+Raizo/data=!4m7!3m6!1s0x92a4f54572ca328d:0x8c6fa544ac3b315b!8m2!3d-1.3748572!4d-48.3685595!16s%2Fg%2F11vpfw82kv!19sChIJjTLKckX1pJIRWzE7rESlb4w?authuser=0&hl=en&g_ep=EgoyMDI2MDkyMS4wIJJjKgBIAVAD&rclk=1,açaíteria,"açaíteria no Una, Belém, PA",Una,1,2026-09-23
ChIJIUK7RGBhpJIRhQMoCVkeNCs,3113146610174395269,Açaí da 21,Açaí shop,Açaíteria / Loja de Açaí,Categoria original indica especialização em açaí,Especializado em açaí,RA_cat_acai_direto,Categoria 'Açaí shop' — evidência forte de especialização,nome contém açaí ('Açaí da 21'); ocorrências: 2; categoria: 'Açaí shop',"Açaí da 21 - Tv. We Vinte e Um, 11 - Cidade Nova, Ananindeua - PA, 67130-640",Una,Revisar,Belém,PA,-1.366073,-48.405653,2.3283,Normal,91991473705,,5.0,2,,,https://www.google.com/maps/place/A%C3%A7a%C3%AD+da+21/data=!4m7!3m6!1s0x92a4616044bb4221:0x2b341e5909280385!8m2!3d-1.3660725!4d-48.4056533!16s%2Fg%2F11nqpjhbp_!19sChIJIUK7RGBhpJIRhQMoCVkeNCs?authuser=0&hl=en&g_ep=EgoyMDI2MDkyMS4wIJJjKgBIAVAD&rclk=1,casa de açaí | ponto de açaí,"casa de açaí no Una, Belém, PA | ponto de açaí no Una, Belém, PA",Una,2,2026-09-23
ChIJKQDXyg-LpJIREVTliPw9HLM,12906258786974782481,Açaí da Susy,Açaí shop,Açaíteria / Loja de Açaí,Categoria original indica especialização em açaí,Especializado em açaí,RA_cat_acai_direto,Categoria 'Açaí shop' — evidência forte de especialização,nome contém açaí ('Açaí da Susy'); ocorrências: 3; categoria: 'Açaí shop',"Açaí da Susy - Passagem Santa Teresinha, b39 - Coqueiro, Ananindeua - PA, 67113-260",Una,Coqueiro,Belém,PA,-1.379856,-48.415733,1.4577,Normal,91989511815,,4.0,6,,,https://www.google.com/maps/place/A%C3%A7a%C3%AD+da+Susy/data=!4m7!3m6!1s0x92a48b0fcad70029:0xb31c3dfc88e55411!8m2!3d-1.3798559!4d-48.4157328!16s%2Fg%2F11nxrzjmhz!19sChIJKQDXyg-LpJIREVTliPw9HLM?authuser=0&hl=en&g_ep=EgoyMDI2MDkyMS4wIJJjKgBIAVAD&rclk=1,casa de açaí | ponto de açaí | açaí delivery,"casa de açaí no Una, Belém, PA | ponto de açaí no Una, Belém, PA | açaí delivery no Una, Belém, PA",Una,3,2026-09-23
ChIJAbwynNKLpJIRC1TGbxOMqr4,13738947628354655243,Açaí Marajá,Açaí shop,Açaíteria / Loja de Açaí,Categoria original indica especialização em açaí,Especializado em açaí,RA_cat_acai_direto,Categoria 'Açaí shop' — evidência forte de especialização,nome contém açaí ('Açaí Marajá'); categoria: 'Açaí shop',"Açaí Marajá - Travessa WE, Av. Três Corações, 07 - 152 - Cidade Nova I, Ananindeua - PA, 67130-070",Una,Revisar,Belém,PA,-1.372927,-48.409443,1.8327,Normal,91985310110,,5.0,1,,,https://www.google.com/maps/place/A%C3%A7a%C3%AD+Maraj%C3%A1/data=!4m7!3m6!1s0x92a48bd29c32bc01:0xbeaa8c136fc6540b!8m2!3d-1.3729266!4d-48.4094434!16s%2Fg%2F11w287l7vn!19sChIJAbwynNKLpJIRC1TGbxOMqr4?authuser=0&hl=en&g_ep=EgoyMDI2MDkyMS4wIJJjKgBIAVAD&rclk=1,casa de açaí,"casa de açaí no Una, Belém, PA",Una,1,2026-09-23
ChIJn9sUqGyLpJIRBEmtG3P41e0,17137877130297559300,SKINA AÇAÍ O GOSTOSÃO,Restaurant,Restaurante,Categoria genérica de restaurante,Açaí + outro segmento,RB2_nome_acai_cat_outro,Nome contém açaí + categoria 'Restaurant' indica outro segmento,nome contém açaí ('SKINA AÇAÍ O GOSTOSÃO'); categoria: 'Restaurant',"SKINA AÇAÍ O GOSTOSÃO - Tv. We Sete -B (Cidade Nova IX), 1 - Cidade Nova, Ananindeua - PA, 67130-200",Una,Revisar,Belém,PA,-1.373024,-48.4109,1.6724,Normal,,,5.0,5,,,https://www.google.com/maps/place/SKINA+A%C3%87A%C3%8D+O+GOSTOS%C3%83O/data=!4m7!3m6!1s0x92a48b6ca814db9f:0xedd5f8731bad4904!8m2!3d-1.373024!4d-48.4109004!16s%2Fg%2F11rwmwmrbm!19sChIJn9sUqGyLpJIRBEmtG3P41e0?authuser=0&hl=en&g_ep=EgoyMDI2MDkyMS4wIJJjKgBIAVAD&rclk=1,casa de açaí,"casa de açaí no Una, Belém, PA",Una,1,2026-09-23
ChIJoV8iHgBhpJIRaihuyX4huR0,2141779926220417130,Damata Sorvete Amazônico,Ice cream shop,Açaíteria / Sorveteria,"Categoria de sorvete/gelado, frequentemente vende açaí",Açaí + outro segmento,RB1_cat_suporte_sem_confirmacao,Categoria 'Ice cream shop' sugere açaí/sorvete mas sem confirmação textual,categoria: 'Ice cream shop',"Damata Sorvete Amazônico - R. Providência, 310 - Cidade Nova, Ananindeua - PA, 67015-260",Una,Revisar,Belém,PA,-1.359798,-48.410514,2.1493,Normal,,https://www.instagram.com/damatasorvetes?utm_source=ig_web_button_share_sheet&igsh=ZDNlZDc0MzIxNw==,4.9,131,,,https://www.google.com/maps/place/Damata+Sorvete+Amaz%C3%B4nico/data=!4m7!3m6!1s0x92a461001e225fa1:0x1db9217ec96e286a!8m2!3d-1.3597979!4d-48.4105138!16s%2Fg%2F11x665xtk1!19sChIJoV8iHgBhpJIRaihuyX4huR0?authuser=0&hl=en&g_ep=EgoyMDI2MDkyMS4wIJJjKgBIAVAD&rclk=1,casa de açaí,"casa de açaí no Una, Belém, PA",Una,1,2026-09-23
ChIJ-YMf_QGLpJIRMGP80yaDioM,9478532568543159088,Açaí Encantos Amazon Soul,Açaí shop,Açaíteria / Loja de Açaí,Categoria original indica especialização em açaí,Especializado em açaí,RA_cat_acai_direto,Categoria 'Açaí shop' — evidência forte de especialização,nome contém açaí ('Açaí Encantos Amazon Soul'); ocorrências: 2; categoria: 'Açaí shop',"Açaí Encantos Amazon Soul - Av. três, Q. Dezoito, 12, Ananindeua - PA, 67015-170",Una,Coqueiro,Belém,PA,-1.375968,-48.413144,1.4979,Normal,91980886003,,0.0,0,,,https://www.google.com/maps/place/A%C3%A7a%C3%AD+Encantos+Amazon+Soul/data=!4m7!3m6!1s0x92a48b01fd1f83f9:0x838a8326d3fc6330!8m2!3d-1.3759684!4d-48.4131437!16s%2Fg%2F11zyt4p__y!19sChIJ-YMf_QGLpJIRMGP80yaDioM?authuser=0&hl=en&g_ep=EgoyMDI2MDkyMS4wIJJjKgBIAVAD&rclk=1,casa de açaí,"casa de açaí no Una, Belém, PA | casa de açaí na Cabanagem, Belém, PA",Una | Cabanagem,2,2026-09-23
ChIJ79oqOABhpJIRHQ7c1FiuwMo,14609868887741435421,Açaí da Ilha,Açaí shop,Açaíteria / Loja de Açaí,Categoria original indica especialização em açaí,Especializado em açaí,RA_cat_acai_direto,Categoria 'Açaí shop' — evidência forte de especialização,nome contém açaí ('Açaí da Ilha'); categoria: 'Açaí shop',"Açaí da Ilha - Tv. We Vinte e Sete, 22 - Coqueiro, Ananindeua - PA, 67133-100",Una,Coqueiro,Belém,PA,-1.365395,-48.406654,2.2429,Normal,,,3.0,3,,,https://www.google.com/maps/place/A%C3%A7a%C3%AD+da+Ilha/data=!4m7!3m6!1s0x92a46100382adaef:0xcac0ae58d4dc0e1d!8m2!3d-1.3653951!4d-48.4066536!16s%2Fg%2F11wxm0dmj4!19sChIJ79oqOABhpJIRHQ7c1FiuwMo?authuser=0&hl=en&g_ep=EgoyMDI2MDkyMS4wIJJjKgBIAVAD&rclk=1,casa de açaí,"casa de açaí no Una, Belém, PA",Una,1,2026-09-23
ChIJ06t56QhgpJIRon5JJpnBksw,14741057393853562530,"Açai, assados e restaurante da Lene",Restaurant,Restaurante,Categoria genérica de restaurante,Açaí + outro segmento,RB2_nome_acai_cat_outro,Nome contém açaí + categoria 'Restaurant' indica outro segmento,"nome contém açaí ('Açai, assados e restaurante da Lene'); categoria: 'Restaurant'","Açai, assados e restaurante da Lene - Tv. We-31 (Cj Cidade Nova V), 311 - Cidade Nova, Ananindeua - PA, 67133-098",Una,Revisar,Belém,PA,-1.361531,-48.402634,2.8127,Normal,91988742685,,4.5,99,R$20–40,Dogs allowed,"https://www.google.com/maps/place/A%C3%A7ai,+assados+e+restaurante+da+Lene/data=!4m7!3m6!1s0x92a46008e979abd3:0xcc92c19926497ea2!8m2!3d-1.3615312!4d-48.4026335!16s%2Fg%2F11f53g49zz!19sChIJ06t56QhgpJIRon5JJpnBksw?authuser=0&hl=en&g_ep=EgoyMDI2MDkyMS4wIJJjKgBIAVAD&rclk=1",açaí delivery,"açaí delivery no Una, Belém, PA",Una,1,2026-09-23
ChIJR65hpTJhpJIRg8pPJhZzckY,5076246268969208451,Point do Açaí,Food manufacturing supply,Fornecedor / Distribuidor de Alimentos,Fornecedor de insumos alimentícios,Açaí + outro segmento,RB2_nome_acai_cat_outro,Nome contém açaí + categoria 'Food manufacturing supply' indica outro segmento,nome contém açaí ('Point do Açaí'); categoria: 'Food manufacturing supply',"Point do Açaí - Avenida São Pedro, 4, Av. São Pedro, 728 - Coqueiro, Belém - PA, 66650-020",Una,Coqueiro,Belém,PA,-1.352655,-48.437066,2.4411,Normal,91988604837,,4.7,9,,,https://www.google.com/maps/place/Point+do+A%C3%A7a%C3%AD/data=!4m7!3m6!1s0x92a46132a561ae47:0x46727316264fca83!8m2!3d-1.3526554!4d-48.4370656!16s%2Fg%2F11n_8j83tx!19sChIJR65hpTJhpJIRg8pPJhZzckY?authuser=0&hl=en&g_ep=EgoyMDI2MDkyMS4wIJJjKgBIAVAD&rclk=1,açaí delivery,"açaí delivery no Una, Belém, PA",Una,1,2026-09-23
ChIJw4EFRbmLpJIRny50LZTOVN8,16092714504314695327,Açaí paì D'egua,Health food restaurant,Restaurante Saudável,Restaurante com foco em alimentação saudável,Especializado em açaí,RA2_cat_suporte_texto_acai,Categoria 'Health food restaurant' + evidência textual de açaí,nome contém açaí ('Açaí paì D'egua'); categoria: 'Health food restaurant',"Açaí paì D'egua - #302A, R. do Fio - Guanabara, Belém - PA, 67010-550",Una,Revisar,Belém,PA,-1.394119,-48.418463,2.6421,Normal,91981290722,,3.7,3,,,https://www.google.com/maps/place/A%C3%A7a%C3%AD+pa%C3%AC+D%27egua/data=!4m7!3m6!1s0x92a48bb9450581c3:0xdf54ce942d742e9f!8m2!3d-1.3941188!4d-48.4184628!16s%2Fg%2F11jfps7zlg!19sChIJw4EFRbmLpJIRny50LZTOVN8?authuser=0&hl=en&g_ep=EgoyMDI2MDkyMS4wIJJjKgBIAVAD&rclk=1,açaí delivery,"açaí delivery no Una, Belém, PA",Una,1,2026-09-23
ChIJP8Un7oOKpJIRFunmqlYYGuM,16364418956517632278,ACAI Marcio,,Não informado,Categoria não retornada pelo scraper,Especializado em açaí,RA3_nome_acai_cat_compativel,Nome contém açaí + categoria compatível ou vazia,nome contém açaí ('ACAI Marcio'),"ACAI Marcio - R. Principal, 28 - Cabanagem, Belém - PA, 66625-060",Cabanagem,Cabanagem,Belém,PA,-1.373935,-48.432942,0.6021,Normal,,,0.0,0,,,https://www.google.com/maps/place/ACAI+Marcio/data=!4m7!3m6!1s0x92a48a83ee27c53f:0xe31a1856aae6e916!8m2!3d-1.3739349!4d-48.4329418!16s%2Fg%2F11npy97w7n!19sChIJP8Un7oOKpJIRFunmqlYYGuM?authuser=0&hl=en&g_ep=EgoyMDI2MDkyMS4wIJJjKgBIAVAD&rclk=1,açaí,"açaí na Cabanagem, Belém, PA",Cabanagem,1,2026-09-23
ChIJrfE0SgBhpJIRfY603WVF2Qc,565559532025319037,Açaí vip,Housing complex,Outro (Não Alimentício),Conjunto habitacional / rua,Outro estabelecimento,RC1_nome_acai_cat_nao_acai,Categoria 'Housing complex' indica atividade não alimentícia,nome contém açaí ('Açaí vip'); categoria: 'Housing complex',"Açaí vip - R. Bom Jesus, 20 - Cabanagem, Belém - PA, 66625-767",Cabanagem,Cabanagem,Belém,PA,-1.370278,-48.427518,0.6437,Normal,,,0.0,0,,,https://www.google.com/maps/place/A%C3%A7a%C3%AD+vip/data=!4m7!3m6!1s0x92a461004a34f1ad:0x7d94565ddb48e7d!8m2!3d-1.3702779!4d-48.4275185!16s%2Fg%2F11x_7bn0cl!19sChIJrfE0SgBhpJIRfY603WVF2Qc?authuser=0&hl=en&g_ep=EgoyMDI2MDkyMS4wIJJjKgBIAVAD&rclk=1,açaí,"açaí na Cabanagem, Belém, PA",Cabanagem,1,2026-09-23
ChIJKRzc8YaKpJIROXEsdEh8EUk,5265126090001379641,Açaí Do Edvaldo,,Não informado,Categoria não retornada pelo scraper,Especializado em açaí,RA3_nome_acai_cat_compativel,Nome contém açaí + categoria compatível ou vazia,nome contém açaí ('Açaí Do Edvaldo'),"Açaí Do Edvaldo - R. Principal - Cabanagem, Belém - PA, 66625-070",Cabanagem,Cabanagem,Belém,PA,-1.375833,-48.435418,0.8551,Normal,,,0.0,0,,,https://www.google.com/maps/place/A%C3%A7a%C3%AD+Do+Edvaldo/data=!4m7!3m6!1s0x92a48a86f1dc1c29:0x49117c48742c7139!8m2!3d-1.3758328!4d-48.4354183!16s%2Fg%2F11ntcfmk7m!19sChIJKRzc8YaKpJIROXEsdEh8EUk?authuser=0&hl=en&g_ep=EgoyMDI2MDkyMS4wIJJjKgBIAVAD&rclk=1,açaí,"açaí na Cabanagem, Belém, PA",Cabanagem,1,2026-09-23
ChIJb50QaSpgpJIRgv8mf3b2WoY,9681321337786138498,ACAI DUELVIS,,Não informado,Categoria não retornada pelo scraper,Especializado em açaí,RA3_nome_acai_cat_compativel,Nome contém açaí + categoria compatível ou vazia,nome contém açaí ('ACAI DUELVIS'),"ACAI DUELVIS - Av. Damasco, 62 - Cabanagem, Belém - PA, 66625-650",Cabanagem,Cabanagem,Belém,PA,-1.370038,-48.435441,0.3162,Normal,,,0.0,0,,,https://www.google.com/maps/place/ACAI+DUELVIS/data=!4m7!3m6!1s0x92a4602a69109d6f:0x865af6767f26ff82!8m2!3d-1.3700384!4d-48.4354412!16s%2Fg%2F11npyb0dmt!19sChIJb50QaSpgpJIRgv8mf3b2WoY?authuser=0&hl=en&g_ep=EgoyMDI2MDkyMS4wIJJjKgBIAVAD&rclk=1,açaí,"açaí na Cabanagem, Belém, PA",Cabanagem,1,2026-09-23
ChIJN9aTgoKKpJIRleInWqo-p1g,6388143497826263701,ACAI GLEIC,Restaurant,Restaurante,Categoria genérica de restaurante,Açaí + outro segmento,RB2_nome_acai_cat_outro,Nome contém açaí + categoria 'Restaurant' indica outro segmento,nome contém açaí ('ACAI GLEIC'); categoria: 'Restaurant',"ACAI GLEIC - R. do Fio, 780 - Cabanagem, Belém - PA, 66625-640",Cabanagem,Cabanagem,Belém,PA,-1.370689,-48.430684,0.3556,Normal,,,0.0,0,,,https://www.google.com/maps/place/ACAI+GLEIC/data=!4m7!3m6!1s0x92a48a828293d637:0x58a73eaa5a27e295!8m2!3d-1.3706887!4d-48.4306843!16s%2Fg%2F11z7t7p2x2!19sChIJN9aTgoKKpJIRleInWqo-p1g?authuser=0&hl=en&g_ep=EgoyMDI2MDkyMS4wIJJjKgBIAVAD&rclk=1,açaí,"açaí na Cabanagem, Belém, PA",Cabanagem,1,2026-09-23
ChIJHfxw6CJhpJIRpLJ9eIfnvz4,4521587119931372196,Portal do Açaí,Restaurant,Restaurante,Categoria genérica de restaurante,Açaí + outro segmento,RB2_nome_acai_cat_outro,Nome contém açaí + categoria 'Restaurant' indica outro segmento,nome contém açaí ('Portal do Açaí'); categoria: 'Restaurant',"Portal do Açaí - Estr. do Benjamin - Cabanagem, Belém - PA, 66650-450",Cabanagem,Cabanagem,Belém,PA,-1.370492,-48.428928,0.5065,Normal,91988779151,,5.0,1,,,https://www.google.com/maps/place/Portal+do+A%C3%A7a%C3%AD/data=!4m7!3m6!1s0x92a46122e870fc1d:0x3ebfe787787db2a4!8m2!3d-1.3704925!4d-48.4289285!16s%2Fg%2F11fpl5qzvr!19sChIJHfxw6CJhpJIRpLJ9eIfnvz4?authuser=0&hl=en&g_ep=EgoyMDI2MDkyMS4wIJJjKgBIAVAD&rclk=1,açaí,"açaí na Cabanagem, Belém, PA",Cabanagem,1,2026-09-23
ChIJ93N-filgpJIRUhr8WGbwMRQ,1455208476987628114,Acai Paraense,Restaurant,Restaurante,Categoria genérica de restaurante,Açaí + outro segmento,RB2_nome_acai_cat_outro,Nome contém açaí + categoria 'Restaurant' indica outro segmento,nome contém açaí ('Acai Paraense'); categoria: 'Restaurant',"Acai Paraense - Passagem Estrela, 50 - Cabanagem, Belém - PA, 66625-100",Cabanagem,Cabanagem,Belém,PA,-1.368694,-48.433622,0.0680,Normal,,,0.0,0,,,https://www.google.com/maps/place/Acai+Paraense/data=!4m7!3m6!1s0x92a460297e7e73f7:0x1431f06658fc1a52!8m2!3d-1.3686935!4d-48.4336221!16s%2Fg%2F11v038bhpw!19sChIJ93N-filgpJIRUhr8WGbwMRQ?authuser=0&hl=en&g_ep=EgoyMDI2MDkyMS4wIJJjKgBIAVAD&rclk=1,açaí,"açaí na Cabanagem, Belém, PA",Cabanagem,1,2026-09-23
ChIJR1RItvFhpJIRRlvlmwzd1eQ,16489328656911784774,Açaí do Boquita,Food products supplier,Fornecedor / Distribuidor de Alimentos,Fornecedor de produtos alimentícios,Açaí + outro segmento,RB2_nome_acai_cat_outro,Nome contém açaí + categoria 'Food products supplier' indica outro segmento,nome contém açaí ('Açaí do Boquita'); ocorrências: 2; categoria: 'Food products supplier',"Açaí do Boquita - Passagem Lucas Miranda, 24 - Cabanagem, Belém - PA, 66625-165",Cabanagem,Cabanagem,Belém,PA,-1.368689,-48.431589,0.1619,Normal,91982775929,,5.0,2,,,https://www.google.com/maps/place/A%C3%A7a%C3%AD+do+Boquita/data=!4m7!3m6!1s0x92a461f1b6485447:0xe4d5dd0c9be55b46!8m2!3d-1.3686894!4d-48.4315888!16s%2Fg%2F11svvgkvx9!19sChIJR1RItvFhpJIRRlvlmwzd1eQ?authuser=0&hl=en&g_ep=EgoyMDI2MDkyMS4wIJJjKgBIAVAD&rclk=1,açaí | açaí delivery,"açaí na Cabanagem, Belém, PA | açaí delivery na Cabanagem, Belém, PA",Cabanagem,2,2026-09-23
ChIJB2pTUYCKpJIR7Zv9frD7kTM,3716027903020735469,Açaí Da Lika,,Não informado,Categoria não retornada pelo scraper,Especializado em açaí,RA3_nome_acai_cat_compativel,Nome contém açaí + categoria compatível ou vazia,nome contém açaí ('Açaí Da Lika'),"Açaí Da Lika - R. Quatro de Agosto, 15 - Cabanagem, Belém - PA, 66625-150",Cabanagem,Cabanagem,Belém,PA,-1.372417,-48.436596,0.5868,Normal,,,0.0,0,,,https://www.google.com/maps/place/A%C3%A7a%C3%AD+Da+Lika/data=!4m7!3m6!1s0x92a48a8051536a07:0x3391fbb07efd9bed!8m2!3d-1.372417!4d-48.4365961!16s%2Fg%2F11zh0zfnbx!19sChIJB2pTUYCKpJIR7Zv9frD7kTM?authuser=0&hl=en&g_ep=EgoyMDI2MDkyMS4wIJJjKgBIAVAD&rclk=1,açaí,"açaí na Cabanagem, Belém, PA",Cabanagem,1,2026-09-23
ChIJ-x9qNipgpJIRPyQWwUnXxVY,6252640369445839935,AÇAI DO RUI,Restaurant,Restaurante,Categoria genérica de restaurante,Açaí + outro segmento,RB2_nome_acai_cat_outro,Nome contém açaí + categoria 'Restaurant' indica outro segmento,nome contém açaí ('AÇAI DO RUI'); categoria: 'Restaurant',"AÇAI DO RUI - Tv. Henrique Dias, 43 - Cabanagem, Belém - PA, 66625-620",Cabanagem,Cabanagem,Belém,PA,-1.369245,-48.434915,0.2239,Normal,,,0.0,0,,,https://www.google.com/maps/place/A%C3%87AI+DO+RUI/data=!4m7!3m6!1s0x92a4602a366a1ffb:0x56c5d749c116243f!8m2!3d-1.3692446!4d-48.4349148!16s%2Fg%2F11zbt1l720!19sChIJ-x9qNipgpJIRPyQWwUnXxVY?authuser=0&hl=en&g_ep=EgoyMDI2MDkyMS4wIJJjKgBIAVAD&rclk=1,açaí,"açaí na Cabanagem, Belém, PA",Cabanagem,1,2026-09-23
ChIJx8pDy4phpJIRLkunmLQ8LP0,18243022936923917102,Açaí do Edinaldo,Restaurant,Restaurante,Categoria genérica de restaurante,Açaí + outro segmento,RB2_nome_acai_cat_outro,Nome contém açaí + categoria 'Restaurant' indica outro segmento,nome contém açaí ('Açaí do Edinaldo'); categoria: 'Restaurant',"Açaí do Edinaldo - Tv. Cristina Cardoso, 16 - Cabanagem, Belém - PA, 66625-630",Cabanagem,Cabanagem,Belém,PA,-1.365906,-48.437815,0.6056,Normal,,,3.0,1,,,https://www.google.com/maps/place/A%C3%A7a%C3%AD+do+Edinaldo/data=!4m7!3m6!1s0x92a4618acb43cac7:0xfd2c3cb498a74b2e!8m2!3d-1.365906!4d-48.4378146!16s%2Fg%2F11rfwhtx_v!19sChIJx8pDy4phpJIRLkunmLQ8LP0?authuser=0&hl=en&g_ep=EgoyMDI2MDkyMS4wIJJjKgBIAVAD&rclk=1,açaí,"açaí na Cabanagem, Belém, PA",Cabanagem,1,2026-09-23
ChIJYauvOACLpJIRYqzRnsUsbtw,15883682163067038818,Açaí N e D,Store,Loja / Comércio,Loja genérica,Açaí + outro segmento,RB2_nome_acai_cat_outro,Nome contém açaí + categoria 'Store' indica outro segmento,nome contém açaí ('Açaí N e D'); ocorrências: 3; categoria: 'Store',"Açaí N e D - R. do Fio - Cabanagem, Belém - PA, 66640-600",Cabanagem,Cabanagem,Belém,PA,-1.374401,-48.42635,0.9899,Normal,,,0.0,0,,,https://www.google.com/maps/place/A%C3%A7a%C3%AD+N+e+D/data=!4m7!3m6!1s0x92a48b0038afab61:0xdc6e2cc59ed1ac62!8m2!3d-1.3744013!4d-48.4263499!16s%2Fg%2F11lf311y0_!19sChIJYauvOACLpJIRYqzRnsUsbtw?authuser=0&hl=en&g_ep=EgoyMDI2MDkyMS4wIJJjKgBIAVAD&rclk=1,açaí | casa de açaí | ponto de açaí,"açaí na Cabanagem, Belém, PA | casa de açaí na Cabanagem, Belém, PA | ponto de açaí na Cabanagem, Belém, PA",Cabanagem,3,2026-09-23
ChIJw4FIZClgpJIR-MmYUOQM_Uc,5187316520544946680,Top Açai,Restaurant,Restaurante,Categoria genérica de restaurante,Açaí + outro segmento,RB2_nome_acai_cat_outro,Nome contém açaí + categoria 'Restaurant' indica outro segmento,nome contém açaí ('Top Açai'); ocorrências: 2; categoria: 'Restaurant',"Top Açai - Av. Damasco, 95 - Cabanagem, Belém - PA, 66625-147",Cabanagem,Cabanagem,Belém,PA,-1.368313,-48.433336,0.0406,Normal,,,0.0,0,,,https://www.google.com/maps/place/Top+A%C3%A7ai/data=!4m7!3m6!1s0x92a46029644881c3:0x47fd0ce45098c9f8!8m2!3d-1.3683129!4d-48.4333361!16s%2Fg%2F11tk1_9s36!19sChIJw4FIZClgpJIR-MmYUOQM_Uc?authuser=0&hl=en&g_ep=EgoyMDI2MDkyMS4wIJJjKgBIAVAD&rclk=1,açaí | açaí delivery,"açaí na Cabanagem, Belém, PA | açaí delivery na Cabanagem, Belém, PA",Cabanagem,2,2026-09-23
ChIJFU-ZaipgpJIRzy237xf4wNI,15186410725183008207,Açai PURO SABOR,,Não informado,Categoria não retornada pelo scraper,Especializado em açaí,RA3_nome_acai_cat_compativel,Nome contém açaí + categoria compatível ou vazia,nome contém açaí ('Açai PURO SABOR'),"Açai PURO SABOR - R. São Paulo - Cabanagem, Belém - PA, 66625-490",Cabanagem,Cabanagem,Belém,PA,-1.369895,-48.435106,0.2763,Normal,,,0.0,0,,,https://www.google.com/maps/place/A%C3%A7ai+PURO+SABOR/data=!4m7!3m6!1s0x92a4602a6a994f15:0xd2c0f817efb72dcf!8m2!3d-1.3698953!4d-48.4351065!16s%2Fg%2F11whlrlhg5!19sChIJFU-ZaipgpJIRzy237xf4wNI?authuser=0&hl=en&g_ep=EgoyMDI2MDkyMS4wIJJjKgBIAVAD&rclk=1,açaí,"açaí na Cabanagem, Belém, PA",Cabanagem,1,2026-09-23
ChIJjRwQv8FhpJIRHNmfrhBiVyE,2402496750014159132,Açaí do vandeco,Açaí shop,Açaíteria / Loja de Açaí,Categoria original indica especialização em açaí,Especializado em açaí,RA_cat_acai_direto,Categoria 'Açaí shop' — evidência forte de especialização,nome contém açaí ('Açaí do vandeco'); ocorrências: 4; categoria: 'Açaí shop',"Açaí do vandeco - R. Belém, 136 - Cabanagem, Belém - PA, 66625-895",Cabanagem,Cabanagem,Belém,PA,-1.36678,-48.438894,0.6794,Normal,91985291301,,0.0,0,,,https://www.google.com/maps/place/A%C3%A7a%C3%AD+do+vandeco/data=!4m7!3m6!1s0x92a461c1bf101c8d:0x21576210ae9fd91c!8m2!3d-1.3667805!4d-48.4388942!16s%2Fg%2F11v181vspz!19sChIJjRwQv8FhpJIRHNmfrhBiVyE?authuser=0&hl=en&g_ep=EgoyMDI2MDkyMS4wIJJjKgBIAVAD&rclk=1,açaí | casa de açaí | ponto de açaí | açaí delivery,"açaí na Cabanagem, Belém, PA | casa de açaí na Cabanagem, Belém, PA | ponto de açaí na Cabanagem, Belém, PA | açaí delivery na Cabanagem, Belém, PA",Cabanagem,4,2026-09-23
ChIJX9a6UwBhpJIRSOeBrfuRa4E,9325707963534534472,Cabanagem,Condominium complex,Outro (Não Alimentício),Condomínio,Outro estabelecimento,RC2_cat_nao_acai,Categoria 'Condominium complex' não relacionada a açaí ou alimentação,ocorrências: 2; categoria: 'Condominium complex',"Belém - PA, 66625-147",Cabanagem,Cabanagem,Belém,PA,-1.369093,-48.434345,0.1589,Normal,91982927967,,4.7,6,,,https://www.google.com/maps/place/Cabanagem/data=!4m7!3m6!1s0x92a4610053bad65f:0x816b91fbad81e748!8m2!3d-1.3690928!4d-48.434345!16s%2Fg%2F11ld3pt83p!19sChIJX9a6UwBhpJIRSOeBrfuRa4E?authuser=0&hl=en&g_ep=EgoyMDI2MDkyMS4wIJJjKgBIAVAD&rclk=1,açaíteria | açaí na tigela,"açaíteria na Cabanagem, Belém, PA | açaí na tigela na Cabanagem, Belém, PA",Cabanagem,2,2026-09-23
ChIJfTxKZgCLpJIRGHmklT2xaTA,3488514264436865304,Açaí du Junior: O Melhor acai do Panorama XXI,Juice shop,Lanchonete / Sucos e Vitaminas,Loja de sucos,Especializado em açaí,RA2_cat_suporte_texto_acai,Categoria 'Juice shop' + evidência textual de açaí,nome contém açaí ('Açaí du Junior: O Melhor acai do Panoram'); categoria: 'Juice shop',"Açaí du Junior: O Melhor acai do Panorama XXI - R. Principal, 91 - Mangueirão, Belém - PA, 66640-155",Cabanagem,Revisar,Belém,PA,-1.37787,-48.438037,1.1789,Normal,91981207199,,5.0,4,,,https://www.google.com/maps/place/A%C3%A7a%C3%AD+du+Junior:+O+Melhor+acai+do+Panorama+XXI/data=!4m7!3m6!1s0x92a48b00664a3c7d:0x3069b13d95a47918!8m2!3d-1.3778702!4d-48.4380371!16s%2Fg%2F11m69kzv83!19sChIJfTxKZgCLpJIRGHmklT2xaTA?authuser=0&hl=en&g_ep=EgoyMDI2MDkyMS4wIJJjKgBIAVAD&rclk=1,casa de açaí,"casa de açaí na Cabanagem, Belém, PA",Cabanagem,1,2026-09-23
ChIJ70SeGABhpJIRPzf7nbhBl0M,4870433783204755263,Predileto açaí,Açaí shop,Açaíteria / Loja de Açaí,Categoria original indica especialização em açaí,Especializado em açaí,RA_cat_acai_direto,Categoria 'Açaí shop' — evidência forte de especialização,nome contém açaí ('Predileto açaí'); ocorrências: 2; categoria: 'Açaí shop',"Predileto açaí - Av. Brasil - Cabanagem, Belém - PA, 66625-670",Cabanagem,Cabanagem,Belém,PA,-1.358826,-48.441789,1.4522,Normal,,,0.0,0,,,https://www.google.com/maps/place/Predileto+a%C3%A7a%C3%AD/data=!4m7!3m6!1s0x92a46100189e44ef:0x439741b89dfb373f!8m2!3d-1.3588259!4d-48.4417888!16s%2Fg%2F11lypq4bsy!19sChIJ70SeGABhpJIRPzf7nbhBl0M?authuser=0&hl=en&g_ep=EgoyMDI2MDkyMS4wIJJjKgBIAVAD&rclk=1,casa de açaí | ponto de açaí,"casa de açaí na Cabanagem, Belém, PA | ponto de açaí na Cabanagem, Belém, PA",Cabanagem,2,2026-09-23
ChIJvfQBwIeKpJIRG_ocJfTmi24,7965714302203918875,Bora Brocar Restaurante,Restaurant,Restaurante,Categoria genérica de restaurante,Outro estabelecimento,RC3_cat_generico_sem_evidencia,Categoria 'Restaurant' alimentícia genérica; sem evidência textual de açaí,categoria: 'Restaurant',"Bora Brocar Restaurante - R. Principal, 10 - Cabanagem, Belém - PA, 66625-060",Cabanagem,Cabanagem,Belém,PA,-1.377517,-48.437982,1.1415,Normal,91999141228,,3.9,100,,,https://www.google.com/maps/place/Bora+Brocar+Restaurante/data=!4m7!3m6!1s0x92a48a87c001f4bd:0x6e8be6f4251cfa1b!8m2!3d-1.3775171!4d-48.4379818!16s%2Fg%2F1q2w7gp2_!19sChIJvfQBwIeKpJIRG_ocJfTmi24?authuser=0&hl=en&g_ep=EgoyMDI2MDkyMS4wIJJjKgBIAVAD&rclk=1,açaí na tigela,"açaí na tigela na Cabanagem, Belém, PA",Cabanagem,1,2026-09-23
ChIJcdrHBXaLpJIRmChdO_0owss,14682342803269036184,M&M Açaí Frozen e Sorveteria,Ice cream shop,Açaíteria / Sorveteria,"Categoria de sorvete/gelado, frequentemente vende açaí",Especializado em açaí,RA2_cat_suporte_texto_acai,Categoria 'Ice cream shop' + evidência textual de açaí,nome contém açaí ('M&M Açaí Frozen e Sorveteria'); categoria: 'Ice cream shop',"M&M Açaí Frozen e Sorveteria - Coqueiro, Ananindeua - PA, 67140-030",Cabanagem,Coqueiro,Belém,PA,-1.355731,-48.395828,4.3738,Normal,,https://instagram.com/memacaifrozen?utm_source=qr&igshid=OGU0MmVlOWVjOQ==,5.0,2,,,https://www.google.com/maps/place/M%26M+A%C3%A7a%C3%AD+Frozen+e+Sorveteria/data=!4m7!3m6!1s0x92a48b7605c7da71:0xcbc228fd3b5d2898!8m2!3d-1.3557311!4d-48.3958277!16s%2Fg%2F11stj5hkd2!19sChIJcdrHBXaLpJIRmChdO_0owss?authuser=0&hl=en&g_ep=EgoyMDI2MDkyMS4wIJJjKgBIAVAD&rclk=1,açaí na tigela,"açaí na tigela na Cabanagem, Belém, PA",Cabanagem,1,2026-09-23
ChIJmWEeMQBhpJIR8BBT4pkpyV4,6830036050787897584,Égua da Coxinha Ananindeua,Snack bar,Lanchonete,Lanchonete / petiscos,Açaí + outro segmento,RB1_cat_suporte_sem_confirmacao,Categoria 'Snack bar' sugere açaí/sorvete mas sem confirmação textual,categoria: 'Snack bar',"Égua da Coxinha Ananindeua - Tv. We Vinte e Dois, 1 - Cidade Nova, Ananindeua - PA, 67133-050",Cabanagem,Revisar,Belém,PA,-1.365536,-48.405792,3.0466,Normal,91984249114,,4.9,20,,,https://www.google.com/maps/place/%C3%89gua+da+Coxinha+Ananindeua/data=!4m7!3m6!1s0x92a46100311e6199:0x5ec92999e25310f0!8m2!3d-1.3655362!4d-48.4057919!16s%2Fg%2F11y8gcss74!19sChIJmWEeMQBhpJIR8BBT4pkpyV4?authuser=0&hl=en&g_ep=EgoyMDI2MDkyMS4wIJJjKgBIAVAD&rclk=1,açaí na tigela,"açaí na tigela na Cabanagem, Belém, PA",Cabanagem,1,2026-09-23
ChIJv2FVnKWOpJIRW1YK1Wl9Pbs,13492077952171136603,Guaraná Amazônia,Juice shop,Lanchonete / Sucos e Vitaminas,Loja de sucos,Açaí + outro segmento,RB1_cat_suporte_sem_confirmacao,Categoria 'Juice shop' sugere açaí/sorvete mas sem confirmação textual,categoria: 'Juice shop',"Guaraná Amazônia - R. Cônego Jerônimo Pimentel, 776 - Umarizal, Belém - PA, 66050-000",Cabanagem,Revisar,Belém,PA,-1.438055,-48.485875,9.7099,Atenção,,,4.9,88,,,https://www.google.com/maps/place/Guaran%C3%A1+Amaz%C3%B4nia/data=!4m7!3m6!1s0x92a48ea59c5561bf:0xbb3d7d69d50a565b!8m2!3d-1.4380547!4d-48.4858755!16s%2Fg%2F11b6lkf9sd!19sChIJv2FVnKWOpJIRW1YK1Wl9Pbs?authuser=0&hl=en&g_ep=EgoyMDI2MDkyMS4wIJJjKgBIAVAD&rclk=1,açaí na tigela,"açaí na tigela na Cabanagem, Belém, PA",Cabanagem,1,2026-09-23
ChIJ_f9-HwNgpJIRLcB7ufU7-ko,5402696629549252653,Poção Mágica,Soup shop,Lanchonete,Loja de sopas,Outro estabelecimento,RC3_cat_generico_sem_evidencia,Categoria 'Soup shop' alimentícia genérica; sem evidência textual de açaí,categoria: 'Soup shop',"Poção Mágica - Tv. WE 16 (Cidade Nova II), 161 - Cidade Nova, Ananindeua - PA, 67130-440",Cabanagem,Revisar,Belém,PA,-1.368288,-48.407519,2.8366,Normal,91992259210,https://app.cardapioweb.com/pocao_magica_cidade_nova__casa_de_caldos?s=google,4.6,796,,,https://www.google.com/maps/place/Po%C3%A7%C3%A3o+M%C3%A1gica/data=!4m7!3m6!1s0x92a460031f7efffd:0x4afa3bf5b97bc02d!8m2!3d-1.3682881!4d-48.4075192!16s%2Fg%2F11g8pbg2l2!19sChIJ_f9-HwNgpJIRLcB7ufU7-ko?authuser=0&hl=en&g_ep=EgoyMDI2MDkyMS4wIJJjKgBIAVAD&rclk=1,açaí na tigela,"açaí na tigela na Cabanagem, Belém, PA",Cabanagem,1,2026-09-23
ChIJsbsZxXGPpJIR5e3PVG9FTRI,1318786610356022757,Açaí Praça Brasil,Plaza,Outro (Não Alimentício),Praça / logradouro,Outro estabelecimento,RC1_nome_acai_cat_nao_acai,Categoria 'Plaza' indica atividade não alimentícia,nome contém açaí ('Açaí Praça Brasil'); categoria: 'Plaza',"Açaí Praça Brasil - Tv. Pombal, 86 - Umarizal, Belém - PA, 66050-050",Cabanagem,Revisar,Belém,PA,-1.437489,-48.486323,9.6902,Atenção,91988324444,,4.6,3883,,,https://www.google.com/maps/place/A%C3%A7a%C3%AD+Pra%C3%A7a+Brasil/data=!4m7!3m6!1s0x92a48f71c519bbb1:0x124d456f54cfede5!8m2!3d-1.4374893!4d-48.4863228!16s%2Fg%2F11hys_2y6x!19sChIJsbsZxXGPpJIR5e3PVG9FTRI?authuser=0&hl=en&g_ep=EgoyMDI2MDkyMS4wIJJjKgBIAVAD&rclk=1,açaí na tigela,"açaí na tigela na Cabanagem, Belém, PA",Cabanagem,1,2026-09-23
ChIJ2deUx59ZpJIR9L8Npn6PuZs,11221157720684871668,Bora Bora Açaí gourmet,Ice cream shop,Açaíteria / Sorveteria,"Categoria de sorvete/gelado, frequentemente vende açaí",Especializado em açaí,RA2_cat_suporte_texto_acai,Categoria 'Ice cream shop' + evidência textual de açaí,nome contém açaí ('Bora Bora Açaí gourmet'); categoria: 'Ice cream shop',"Bora Bora Açaí gourmet - Rua Decoville Q6, lt 30, Marituba - PA, 67208-135",Cabanagem,Parque Verde,Belém,PA,-1.362441,-48.317783,12.8297,Revisar,91984028115,,5.0,3,,,https://www.google.com/maps/place/Bora+Bora+A%C3%A7a%C3%AD+gourmet/data=!4m7!3m6!1s0x92a4599fc794d7d9:0x9bb98f7ea60dbff4!8m2!3d-1.3624412!4d-48.3177833!16s%2Fg%2F11lyg0prtd!19sChIJ2deUx59ZpJIR9L8Npn6PuZs?authuser=0&hl=en&g_ep=EgoyMDI2MDkyMS4wIJJjKgBIAVAD&rclk=1,açaí na tigela,"açaí na tigela na Cabanagem, Belém, PA",Cabanagem,1,2026-09-23
ChIJoynSG7uLpJIR2J3j6SmRXec,16671641004799139288,AÇAÍ DEUS É MINHA LUZ,Produce wholesaler,Atacado de Alimentos,Atacadista de hortifrúti,Açaí + outro segmento,RB2_nome_acai_cat_outro,Nome contém açaí + categoria 'Produce wholesaler' indica outro segmento,nome contém açaí ('AÇAÍ DEUS É MINHA LUZ'); categoria: 'Produce wholesaler',"AÇAÍ DEUS É MINHA LUZ - Av. Damasco, 3 - Cabanagem, Belém - PA, 66625-650",Cabanagem,Cabanagem,Belém,PA,-1.374788,-48.441744,1.1928,Normal,91999143497,,5.0,1,,,https://www.google.com/maps/place/A%C3%87A%C3%8D+DEUS+%C3%89+MINHA+LUZ/data=!4m7!3m6!1s0x92a48bbb1bd229a3:0xe75d9129e9e39dd8!8m2!3d-1.3747885!4d-48.4417445!16s%2Fg%2F11ny0gsmvz!19sChIJoynSG7uLpJIR2J3j6SmRXec?authuser=0&hl=en&g_ep=EgoyMDI2MDkyMS4wIJJjKgBIAVAD&rclk=1,açaí delivery,"açaí delivery na Cabanagem, Belém, PA",Cabanagem,1,2026-09-23
ChIJ5T6KY31npJIRtCtXiglKl28,8040977064529439668,EBA AÇAÍ DO ALISSON,Restaurant,Restaurante,Categoria genérica de restaurante,Açaí + outro segmento,RB2_nome_acai_cat_outro,Nome contém açaí + categoria 'Restaurant' indica outro segmento,nome contém açaí ('EBA AÇAÍ DO ALISSON'); ocorrências: 4; categoria: 'Restaurant',"EBA AÇAÍ DO ALISSON - Passagem Tancredo Neves, 121 - Águas Negras, Belém - PA, 66822-330",Parque Guajará,Revisar,Belém,PA,-1.311533,-48.447444,1.7363,Normal,91981574821,,4.9,43,,,https://www.google.com/maps/place/EBA+A%C3%87A%C3%8D+DO+ALISSON/data=!4m7!3m6!1s0x92a4677d638a3ee5:0x6f974a098a572bb4!8m2!3d-1.311533!4d-48.4474436!16s%2Fg%2F11k67mq9tm!19sChIJ5T6KY31npJIRtCtXiglKl28?authuser=0&hl=en&g_ep=EgoyMDI2MDkyMS4wIJJjKgBIAVAD&rclk=1,açaí | casa de açaí | ponto de açaí | açaí delivery,"açaí no Parque Guajará, Belém, PA | casa de açaí no Parque Guajará, Belém, PA | ponto de açaí no Parque Guajará, Belém, PA | açaí delivery no Parque Guajará, Belém, PA",Parque Guajará,4,2026-09-23
ChIJbb63fV1hpJIR9xPeFO1kp84,14890981662343959543,Açaí e Mercadinho da Mari,Market,Mercado / Mercearia,Mercado,Açaí + outro segmento,RB2_nome_acai_cat_outro,Nome contém açaí + categoria 'Market' indica outro segmento,nome contém açaí ('Açaí e Mercadinho da Mari'); categoria: 'Market',"Açaí e Mercadinho da Mari - R. Idália - Coqueiro, Belém - PA, 66823-395",Parque Guajará,Coqueiro,Belém,PA,-1.333903,-48.449363,1.5423,Normal,91981704623,,4.4,21,,,https://www.google.com/maps/place/A%C3%A7a%C3%AD+e+Mercadinho+da+Mari/data=!4m7!3m6!1s0x92a4615d7db7be6d:0xcea764ed14de13f7!8m2!3d-1.3339027!4d-48.4493628!16s%2Fg%2F11r3dp7wk4!19sChIJbb63fV1hpJIR9xPeFO1kp84?authuser=0&hl=en&g_ep=EgoyMDI2MDkyMS4wIJJjKgBIAVAD&rclk=1,açaí,"açaí no Parque Guajará, Belém, PA",Parque Guajará,1,2026-09-23
ChIJKXWcTB5hpJIRHXLPHLZmQ_c,17817197483161252381,Açai Altas Horas,Restaurant,Restaurante,Categoria genérica de restaurante,Açaí + outro segmento,RB2_nome_acai_cat_outro,Nome contém açaí + categoria 'Restaurant' indica outro segmento,nome contém açaí ('Açai Altas Horas'); categoria: 'Restaurant',"Açai Altas Horas - Passagem Q.ta Linha - Tenoné, Belém - PA, 66820-160",Parque Guajará,Tenoné,Belém,PA,-1.329078,-48.440361,2.0720,Normal,,,5.0,3,,,https://www.google.com/maps/place/A%C3%A7ai+Altas+Horas/data=!4m7!3m6!1s0x92a4611e4c9c7529:0xf74366b61ccf721d!8m2!3d-1.3290777!4d-48.4403608!16s%2Fg%2F11j7ddbpts!19sChIJKXWcTB5hpJIRHXLPHLZmQ_c?authuser=0&hl=en&g_ep=EgoyMDI2MDkyMS4wIJJjKgBIAVAD&rclk=1,açaí,"açaí no Parque Guajará, Belém, PA",Parque Guajará,1,2026-09-23
ChIJX-6EH0xhpJIRTTjpmTXaFEQ,4905785817863632973,Açaí d+,Restaurant,Restaurante,Categoria genérica de restaurante,Açaí + outro segmento,RB2_nome_acai_cat_outro,Nome contém açaí + categoria 'Restaurant' indica outro segmento,nome contém açaí ('Açaí d+'); ocorrências: 2; categoria: 'Restaurant',"Açaí d+ - Avenida principal do conjunto, Av. Principal - Coqueiro, Belém - PA, 66823-093",Parque Guajará,Coqueiro,Belém,PA,-1.330639,-48.438288,2.3479,Normal,91992112245,,4.0,2,,,https://www.google.com/maps/place/A%C3%A7a%C3%AD+d%2B/data=!4m7!3m6!1s0x92a4614c1f84ee5f:0x4414da3599e9384d!8m2!3d-1.3306395!4d-48.4382876!16s%2Fg%2F11lfgspbbm!19sChIJX-6EH0xhpJIRTTjpmTXaFEQ?authuser=0&hl=en&g_ep=EgoyMDI2MDkyMS4wIJJjKgBIAVAD&rclk=1,açaí | açaí delivery,"açaí no Parque Guajará, Belém, PA | açaí delivery no Parque Guajará, Belém, PA",Parque Guajará,2,2026-09-23
ChIJP70hDQBnpJIR5CA6gFmGUhQ,1464380547810336996,Açaí jk,Restaurant,Restaurante,Categoria genérica de restaurante,Açaí + outro segmento,RB2_nome_acai_cat_outro,Nome contém açaí + categoria 'Restaurant' indica outro segmento,nome contém açaí ('Açaí jk'); categoria: 'Restaurant',"Açaí jk - R. Tiradentes, 109 - Paracuri, Belém - PA, 66814-520",Parque Guajará,Revisar,Belém,PA,-1.310915,-48.474775,2.3018,Normal,,,5.0,1,,,https://www.google.com/maps/place/A%C3%A7a%C3%AD+jk/data=!4m7!3m6!1s0x92a467000d21bd3f:0x14528659803a20e4!8m2!3d-1.3109146!4d-48.4747748!16s%2Fg%2F11yv69c1g_!19sChIJP70hDQBnpJIR5CA6gFmGUhQ?authuser=0&hl=en&g_ep=EgoyMDI2MDkyMS4wIJJjKgBIAVAD&rclk=1,açaí,"açaí no Parque Guajará, Belém, PA",Parque Guajará,1,2026-09-23
ChIJL_ek3q9mpJIR5OOUDvsLImo,7647688290137859044,Tj 2000 Açaí,,Não informado,Categoria não retornada pelo scraper,Especializado em açaí,RA3_nome_acai_cat_compativel,Nome contém açaí + categoria compatível ou vazia,nome contém açaí ('Tj 2000 Açaí'),"Tj 2000 Açaí - R. Oito de Maio, 666 - Campina de Icoaraci, Belém - PA, 66811-130",Parque Guajará,Revisar,Belém,PA,-1.306942,-48.469013,2.1694,Normal,,,5.0,1,,,https://www.google.com/maps/place/Tj+2000+A%C3%A7a%C3%AD/data=!4m7!3m6!1s0x92a466afdea4f72f:0x6a220bfb0e94e3e4!8m2!3d-1.3069425!4d-48.469013!16s%2Fg%2F11yb2dg4w_!19sChIJL_ek3q9mpJIR5OOUDvsLImo?authuser=0&hl=en&g_ep=EgoyMDI2MDkyMS4wIJJjKgBIAVAD&rclk=1,açaí,"açaí no Parque Guajará, Belém, PA",Parque Guajará,1,2026-09-23
ChIJQ4RtGlxhpJIRU8sHAdSoRPs,18105782030440057683,Açai do tonico,Restaurant,Restaurante,Categoria genérica de restaurante,Açaí + outro segmento,RB2_nome_acai_cat_outro,Nome contém açaí + categoria 'Restaurant' indica outro segmento,nome contém açaí ('Açai do tonico'); categoria: 'Restaurant',"Açai do tonico - Al. das Palmeiras, 630 - Parque Guajará, Belém - PA, 66821-300",Parque Guajará,Parque Guajará,Belém,PA,-1.318396,-48.459109,0.5316,Normal,91982058423,,0.0,0,,,https://www.google.com/maps/place/A%C3%A7ai+do+tonico/data=!4m7!3m6!1s0x92a4615c1a6d8443:0xfb44a8d40107cb53!8m2!3d-1.318396!4d-48.4591089!16s%2Fg%2F11ntpfs30_!19sChIJQ4RtGlxhpJIRU8sHAdSoRPs?authuser=0&hl=en&g_ep=EgoyMDI2MDkyMS4wIJJjKgBIAVAD&rclk=1,açaí,"açaí no Parque Guajará, Belém, PA",Parque Guajará,1,2026-09-23
ChIJuf9SDCRhpJIRjbhFU77dGg0,944310881398143117,Açai da Drika,Açaí shop,Açaíteria / Loja de Açaí,Categoria original indica especialização em açaí,Especializado em açaí,RA_cat_acai_direto,Categoria 'Açaí shop' — evidência forte de especialização,nome contém açaí ('Açai da Drika'); ocorrências: 4; categoria: 'Açaí shop',"Açai da Drika - Enfrente residencial nazareno, R. Alacid Nunes - Tenoné, Belém - PA, 66820-020",Parque Guajará,Tenoné,Belém,PA,-1.321136,-48.444145,1.5543,Normal,91984019488,,5.0,4,,,https://www.google.com/maps/place/A%C3%A7ai+da+Drika/data=!4m7!3m6!1s0x92a461240c52ffb9:0xd1addbe5345b88d!8m2!3d-1.3211358!4d-48.4441446!16s%2Fg%2F11vf0mfj4x!19sChIJuf9SDCRhpJIRjbhFU77dGg0?authuser=0&hl=en&g_ep=EgoyMDI2MDkyMS4wIJJjKgBIAVAD&rclk=1,açaí | casa de açaí | ponto de açaí | açaí delivery,"açaí no Parque Guajará, Belém, PA | casa de açaí no Parque Guajará, Belém, PA | ponto de açaí no Parque Guajará, Belém, PA | açaí delivery no Parque Guajará, Belém, PA",Parque Guajará,4,2026-09-23
ChIJNV2J-SdnpJIRLWoViR-3dVk,6446259787722484269,Açai & CIA,Restaurant,Restaurante,Categoria genérica de restaurante,Açaí + outro segmento,RB2_nome_acai_cat_outro,Nome contém açaí + categoria 'Restaurant' indica outro segmento,nome contém açaí ('Açai & CIA'); categoria: 'Restaurant',"Açai & CIA - Passagem São Raimundo, 109 - Águas Negras, Belém - PA, 66822-470",Parque Guajará,Revisar,Belém,PA,-1.307124,-48.458585,1.7716,Normal,91991488233,,4.0,1,,,https://www.google.com/maps/place/A%C3%A7ai+%26+CIA/data=!4m7!3m6!1s0x92a46727f9895d35:0x5975b71f89156a2d!8m2!3d-1.3071236!4d-48.4585853!16s%2Fg%2F11s5lx8dql!19sChIJNV2J-SdnpJIRLWoViR-3dVk?authuser=0&hl=en&g_ep=EgoyMDI2MDkyMS4wIJJjKgBIAVAD&rclk=1,açaí,"açaí no Parque Guajará, Belém, PA",Parque Guajará,1,2026-09-23
ChIJ5fSs399hpJIRiOSjfdcWtD8,4590319034979050632,Açaí Do Itamar | O MELHOR DA REGIÃO,Food manufacturing supply,Fornecedor / Distribuidor de Alimentos,Fornecedor de insumos alimentícios,Açaí + outro segmento,RB2_nome_acai_cat_outro,Nome contém açaí + categoria 'Food manufacturing supply' indica outro segmento,nome contém açaí ('Açaí Do Itamar | O MELHOR DA REGIÃO'); categoria: 'Food manufacturing supply',"Açaí Do Itamar | O MELHOR DA REGIÃO - R. do Ranário, 96a - Tapanã, Belém - PA, 66825-440",Parque Guajará,Tapanã,Belém,PA,-1.326534,-48.468397,1.2196,Normal,91993471585,,4.2,6,,,https://www.google.com/maps/place/A%C3%A7a%C3%AD+Do+Itamar+%7C+O+MELHOR+DA+REGI%C3%83O/data=!4m7!3m6!1s0x92a461dfdfacf4e5:0x3fb416d77da3e488!8m2!3d-1.3265344!4d-48.4683966!16s%2Fg%2F11ht6b_pnx!19sChIJ5fSs399hpJIRiOSjfdcWtD8?authuser=0&hl=en&g_ep=EgoyMDI2MDkyMS4wIJJjKgBIAVAD&rclk=1,açaí,"açaí no Parque Guajará, Belém, PA",Parque Guajará,1,2026-09-23
ChIJ_4SabHdfpJIRyMHq6bVzciU,2698346351899099592,AÇAÍ MANÁ GUAJARÁ,Açaí shop,Açaíteria / Loja de Açaí,Categoria original indica especialização em açaí,Especializado em açaí,RA_cat_acai_direto,Categoria 'Açaí shop' — evidência forte de especialização,nome contém açaí ('AÇAÍ MANÁ GUAJARÁ'); categoria: 'Açaí shop',"ESQUINA COM - AVENIDA PRINCIPAL DO GUAJARÁ I, Tv. We Setenta e Dois - Coqueiro, Ananindeua - PA, 67143-480",Parque Guajará,Coqueiro,Belém,PA,-1.350414,-48.386506,8.5099,Atenção,,,3.3,3,,,https://www.google.com/maps/place/A%C3%87A%C3%8D+MAN%C3%81+GUAJAR%C3%81/data=!4m7!3m6!1s0x92a45f776c9a84ff:0x257273b5e9eac1c8!8m2!3d-1.3504139!4d-48.3865061!16s%2Fg%2F11q4p49cnf!19sChIJ_4SabHdfpJIRyMHq6bVzciU?authuser=0&hl=en&g_ep=EgoyMDI2MDkyMS4wIJJjKgBIAVAD&rclk=1,açaí,"açaí no Parque Guajará, Belém, PA",Parque Guajará,1,2026-09-23
ChIJfR5RL2RhpJIRr4fLLSpMGb0,13626005891626796975,AÇAI DA ILHA,Restaurant,Restaurante,Categoria genérica de restaurante,Açaí + outro segmento,RB2_nome_acai_cat_outro,Nome contém açaí + categoria 'Restaurant' indica outro segmento,nome contém açaí ('AÇAI DA ILHA'); ocorrências: 2; categoria: 'Restaurant',"AÇAI DA ILHA - Estr. da Piçarreira - Tapanã, Belém - PA, 66825-410",Parque Guajará,Tapanã,Belém,PA,-1.332353,-48.46729,1.4624,Normal,91980520304,,5.0,4,,,https://www.google.com/maps/place/A%C3%87AI+DA+ILHA/data=!4m7!3m6!1s0x92a461642f511e7d:0xbd194c2a2dcb87af!8m2!3d-1.3323535!4d-48.46729!16s%2Fg%2F11pxwq0y11!19sChIJfR5RL2RhpJIRr4fLLSpMGb0?authuser=0&hl=en&g_ep=EgoyMDI2MDkyMS4wIJJjKgBIAVAD&rclk=1,açaí | açaí delivery,"açaí no Parque Guajará, Belém, PA | açaí delivery no Parque Guajará, Belém, PA",Parque Guajará,2,2026-09-23
ChIJWwYNFRxhpJIRRiyxm0ADZ38,9180309941442915398,Sorveteria Real,Ice cream shop,Açaíteria / Sorveteria,"Categoria de sorvete/gelado, frequentemente vende açaí",Açaí + outro segmento,RB1_cat_suporte_sem_confirmacao,Categoria 'Ice cream shop' sugere açaí/sorvete mas sem confirmação textual,ocorrências: 3; categoria: 'Ice cream shop',"Sorveteria Real - Al. Ns-13, 72 - Coqueiro, Belém - PA, 66823-072",Parque Guajará,Coqueiro,Belém,PA,-1.331685,-48.44251,1.9714,Normal,,,4.8,58,,,https://www.google.com/maps/place/Sorveteria+Real/data=!4m7!3m6!1s0x92a4611c150d065b:0x7f6703409bb12c46!8m2!3d-1.3316852!4d-48.4425096!16s%2Fg%2F11fy4t6tyv!19sChIJWwYNFRxhpJIRRiyxm0ADZ38?authuser=0&hl=en&g_ep=EgoyMDI2MDkyMS4wIJJjKgBIAVAD&rclk=1,açaí | casa de açaí | ponto de açaí,"açaí no Parque Guajará, Belém, PA | casa de açaí no Parque Guajará, Belém, PA | ponto de açaí no Parque Guajará, Belém, PA",Parque Guajará,3,2026-09-23
ChIJtd56IqZnpJIRYxVtMcRLucI,14031329420064396643,AÇAI DEUS É FIEL,Restaurant,Restaurante,Categoria genérica de restaurante,Açaí + outro segmento,RB2_nome_acai_cat_outro,Nome contém açaí + categoria 'Restaurant' indica outro segmento,nome contém açaí ('AÇAI DEUS É FIEL'); ocorrências: 3; categoria: 'Restaurant',"AÇAI DEUS É FIEL - R. Dois de Dezembro, 9 - Cruzeiro, Belém - PA, 66811-400",Parque Guajará,Revisar,Belém,PA,-1.309121,-48.477187,2.6360,Normal,91987490035,https://app.anota.ai/m/fcQRT2Zrw,5.0,9,,,https://www.google.com/maps/place/A%C3%87AI+DEUS+%C3%89+FIEL/data=!4m7!3m6!1s0x92a467a6227adeb5:0xc2b94bc4316d1563!8m2!3d-1.3091212!4d-48.4771875!16s%2Fg%2F11g234trbw!19sChIJtd56IqZnpJIRYxVtMcRLucI?authuser=0&hl=en&g_ep=EgoyMDI2MDkyMS4wIJJjKgBIAVAD&rclk=1,açaí | açaíteria | açaí delivery,"açaí no Parque Guajará, Belém, PA | açaíteria no Parque Guajará, Belém, PA | açaí delivery no Parque Guajará, Belém, PA",Parque Guajará,3,2026-09-23
ChIJfYKqaSBhpJIRqfL4Zpyb6B8,2299258705817432745,Açaí Gildo,,Não informado,Categoria não retornada pelo scraper,Especializado em açaí,RA3_nome_acai_cat_compativel,Nome contém açaí + categoria compatível ou vazia,nome contém açaí ('Açaí Gildo'),"Açaí Gildo - R. Alacid Nunes - Tenoné, Belém - PA, 66820-020",Parque Guajará,Tenoné,Belém,PA,-1.32587,-48.43985,2.0415,Normal,,,5.0,1,,,https://www.google.com/maps/place/A%C3%A7a%C3%AD+Gildo/data=!4m7!3m6!1s0x92a4612069aa827d:0x1fe89b9c66f8f2a9!8m2!3d-1.3258704!4d-48.4398503!16s%2Fg%2F11l65zpf_k!19sChIJfYKqaSBhpJIRqfL4Zpyb6B8?authuser=0&hl=en&g_ep=EgoyMDI2MDkyMS4wIJJjKgBIAVAD&rclk=1,açaí,"açaí no Parque Guajará, Belém, PA",Parque Guajará,1,2026-09-23
ChIJL6pDmV1npJIRon0p1XIg_BY,1656234440540126626,AÇAÍ DO REI,Açaí shop,Açaíteria / Loja de Açaí,Categoria original indica especialização em açaí,Especializado em açaí,RA_cat_acai_direto,Categoria 'Açaí shop' — evidência forte de especialização,nome contém açaí ('AÇAÍ DO REI'); ocorrências: 3; categoria: 'Açaí shop',"AÇAÍ DO REI - Passagem Santa Helena, 64 - Agulha, Belém - PA, 66811-190",Parque Guajará,Revisar,Belém,PA,-1.307847,-48.467107,1.9702,Normal,91981375442,,0.0,0,,,https://www.google.com/maps/place/A%C3%87A%C3%8D+DO+REI/data=!4m7!3m6!1s0x92a4675d9943aa2f:0x16fc2072d5297da2!8m2!3d-1.3078468!4d-48.4671069!16s%2Fg%2F11z7cdd0xl!19sChIJL6pDmV1npJIRon0p1XIg_BY?authuser=0&hl=en&g_ep=EgoyMDI2MDkyMS4wIJJjKgBIAVAD&rclk=1,açaí | casa de açaí | ponto de açaí,"açaí no Parque Guajará, Belém, PA | casa de açaí no Parque Guajará, Belém, PA | ponto de açaí no Parque Guajará, Belém, PA",Parque Guajará,3,2026-09-23
ChIJL0ILt5xhpJIRGCMxjEifVgA,24381981935608600,JRSacai,Ice cream shop,Açaíteria / Sorveteria,"Categoria de sorvete/gelado, frequentemente vende açaí",Especializado em açaí,RA2_cat_suporte_texto_acai,Categoria 'Ice cream shop' + evidência textual de açaí,nome contém açaí ('JRSacai'); categoria: 'Ice cream shop',"JRSacai - R. Santa Fé - Icuí-Guajará, Ananindeua - PA, 67125-384",Parque Guajará,Revisar,Belém,PA,-1.339164,-48.407244,5.9197,Atenção,91985483270,,5.0,1,,,https://www.google.com/maps/place/JRSacai/data=!4m7!3m6!1s0x92a4619cb70b422f:0x569f488c312318!8m2!3d-1.3391641!4d-48.4072437!16s%2Fg%2F11t4dbnf5x!19sChIJL0ILt5xhpJIRGCMxjEifVgA?authuser=0&hl=en&g_ep=EgoyMDI2MDkyMS4wIJJjKgBIAVAD&rclk=1,açaíteria,"açaíteria no Parque Guajará, Belém, PA",Parque Guajará,1,2026-09-23
ChIJ33MA9eZfpJIRJOZfmWyARGI,7080925718051284516,Shopping do açaí,Açaí shop,Açaíteria / Loja de Açaí,Categoria original indica especialização em açaí,Especializado em açaí,RA_cat_acai_direto,Categoria 'Açaí shop' — evidência forte de especialização,nome contém açaí ('Shopping do açaí'); categoria: 'Açaí shop',"Shopping do açaí - Av. Arterial 5-B, 18 - Icuí-Guajará, Ananindeua - PA, 67125-882",Parque Guajará,Revisar,Belém,PA,-1.339974,-48.390805,7.7028,Atenção,,,4.3,54,,,https://www.google.com/maps/place/Shopping+do+a%C3%A7a%C3%AD/data=!4m7!3m6!1s0x92a45fe6f50073df:0x6244806c995fe624!8m2!3d-1.3399745!4d-48.3908051!16s%2Fg%2F11h7fxqn7f!19sChIJ33MA9eZfpJIRJOZfmWyARGI?authuser=0&hl=en&g_ep=EgoyMDI2MDkyMS4wIJJjKgBIAVAD&rclk=1,açaíteria,"açaíteria no Parque Guajará, Belém, PA",Parque Guajará,1,2026-09-23
ChIJSXH9Q51hpJIRlQWZlfxjMs4,14858048057141429653,Égua do Açaí,Açaí shop,Açaíteria / Loja de Açaí,Categoria original indica especialização em açaí,Especializado em açaí,RA_cat_acai_direto,Categoria 'Açaí shop' — evidência forte de especialização,nome contém açaí ('Égua do Açaí'); ocorrências: 2; categoria: 'Açaí shop',"Égua do Açaí - R. Santa Fé, 601 - Icuí-Guajará, Ananindeua - PA, 67125-820",Parque Guajará,Revisar,Belém,PA,-1.333009,-48.40367,6.1399,Atenção,91981550462,,3.5,8,,,https://www.google.com/maps/place/%C3%89gua+do+A%C3%A7a%C3%AD/data=!4m7!3m6!1s0x92a4619d43fd7149:0xce3263fc95990595!8m2!3d-1.3330089!4d-48.4036704!16s%2Fg%2F11r99wkm6w!19sChIJSXH9Q51hpJIRlQWZlfxjMs4?authuser=0&hl=en&g_ep=EgoyMDI2MDkyMS4wIJJjKgBIAVAD&rclk=1,açaíteria | casa de açaí,"açaíteria no Parque Guajará, Belém, PA | casa de açaí no Parque Guajará, Belém, PA",Parque Guajará,2,2026-09-23
ChIJNWKaFBhlpJIRCBe7hdndsrU,13092770993040725768,Açaí parauara,Restaurant,Restaurante,Categoria genérica de restaurante,Açaí + outro segmento,RB2_nome_acai_cat_outro,Nome contém açaí + categoria 'Restaurant' indica outro segmento,nome contém açaí ('Açaí parauara'); categoria: 'Restaurant',"Açaí parauara - Tv. do Cruzeiro, A - Cruzeiro, Belém - PA, 66810-010",Parque Guajará,Revisar,Belém,PA,-1.291999,-48.481532,4.3317,Normal,91993293409,,5.0,3,,,https://www.google.com/maps/place/A%C3%A7a%C3%AD+parauara/data=!4m7!3m6!1s0x92a46518149a6235:0xb5b2ddd985bb1708!8m2!3d-1.2919988!4d-48.4815318!16s%2Fg%2F11fn6tx4y8!19sChIJNWKaFBhlpJIRCBe7hdndsrU?authuser=0&hl=en&g_ep=EgoyMDI2MDkyMS4wIJJjKgBIAVAD&rclk=1,açaíteria,"açaíteria no Parque Guajará, Belém, PA",Parque Guajará,1,2026-09-23
ChIJd_IVJVpfpJIRXfl8k32IKDY,3902519150043265373,Sorveteria Açaí,Ice cream shop,Açaíteria / Sorveteria,"Categoria de sorvete/gelado, frequentemente vende açaí",Especializado em açaí,RA2_cat_suporte_texto_acai,Categoria 'Ice cream shop' + evidência textual de açaí,nome contém açaí ('Sorveteria Açaí'); categoria: 'Ice cream shop',"Sorveteria Açaí - Av. Central, Q26 - N 19 Cj uirapuru - Icuí-Guajará, Ananindeua - PA, 67125-863",Parque Guajará,Revisar,Belém,PA,-1.327217,-48.398566,6.6228,Atenção,,,5.0,2,,,https://www.google.com/maps/place/Sorveteria+A%C3%A7a%C3%AD/data=!4m7!3m6!1s0x92a45f5a2515f277:0x3628887d937cf95d!8m2!3d-1.3272175!4d-48.3985659!16s%2Fg%2F11l6bt5lgp!19sChIJd_IVJVpfpJIRXfl8k32IKDY?authuser=0&hl=en&g_ep=EgoyMDI2MDkyMS4wIJJjKgBIAVAD&rclk=1,açaíteria,"açaíteria no Parque Guajará, Belém, PA",Parque Guajará,1,2026-09-23
ChIJpyONjo9lpJIRymQQAKRhZJ4,11413354712667284682,Mr. Mix Milk Shake - Belém (Icoaraci Orla),Ice cream shop,Açaíteria / Sorveteria,"Categoria de sorvete/gelado, frequentemente vende açaí",Açaí + outro segmento,RB1_cat_suporte_sem_confirmacao,Categoria 'Ice cream shop' sugere açaí/sorvete mas sem confirmação textual,categoria: 'Ice cream shop',"Mr. Mix Milk Shake - Belém (Icoaraci Orla) - R. Siqueira Mendes, 325 - Cruzeiro, Belém - PA, 66810-050",Parque Guajará,Revisar,Belém,PA,-1.297932,-48.489617,4.4894,Normal,9133550772,https://www.mrmixbrasil.com.br/,4.8,176,,,https://www.google.com/maps/place/Mr.+Mix+Milk+Shake+-+Bel%C3%A9m+%28Icoaraci+Orla%29/data=!4m7!3m6!1s0x92a4658f8e8d23a7:0x9e6461a4001064ca!8m2!3d-1.2979316!4d-48.4896173!16s%2Fg%2F11q2sk_rss!19sChIJpyONjo9lpJIRymQQAKRhZJ4?authuser=0&hl=en&g_ep=EgoyMDI2MDkyMS4wIJJjKgBIAVAD&rclk=1,açaíteria,"açaíteria no Parque Guajará, Belém, PA",Parque Guajará,1,2026-09-23
ChIJrSrqqZ9npJIR64hYvY2ChpQ,10702385109771258091,Açaí do Irmão da Amoras,Açaí shop,Açaíteria / Loja de Açaí,Categoria original indica especialização em açaí,Especializado em açaí,RA_cat_acai_direto,Categoria 'Açaí shop' — evidência forte de especialização,nome contém açaí ('Açaí do Irmão da Amoras'); categoria: 'Açaí shop',"Açaí do Irmão da Amoras - Passagem Amoras - Tapanã, Belém - PA, 66825-040",Parque Guajará,Tapanã,Belém,PA,-1.34407,-48.476502,3.1141,Normal,,,5.0,1,,,https://www.google.com/maps/place/A%C3%A7a%C3%AD+do+Irm%C3%A3o+da+Amoras/data=!4m7!3m6!1s0x92a4679fa9ea2aad:0x9486828dbd5888eb!8m2!3d-1.3440701!4d-48.4765016!16s%2Fg%2F11vhhjsn7m!19sChIJrSrqqZ9npJIR64hYvY2ChpQ?authuser=0&hl=en&g_ep=EgoyMDI2MDkyMS4wIJJjKgBIAVAD&rclk=1,casa de açaí,"casa de açaí no Parque Guajará, Belém, PA",Parque Guajará,1,2026-09-23
ChIJD5XbqMdhpJIRC6_JG_8slb8,13804989706968608523,Açaí do Fábio - Augusto Montenegro,Açaí shop,Açaíteria / Loja de Açaí,Categoria original indica especialização em açaí,Especializado em açaí,RA_cat_acai_direto,Categoria 'Açaí shop' — evidência forte de especialização,nome contém açaí ('Açaí do Fábio - Augusto Montenegro'); categoria: 'Açaí shop',"Açaí do Fábio - Augusto Montenegro - Rod. Augusto Montenegro, 3377 - Tenoné, Belém - PA, 66820-000",Parque Guajará,Tenoné,Belém,PA,-1.323395,-48.447186,1.2023,Normal,91982559892,,0.0,0,,,https://www.google.com/maps/place/A%C3%A7a%C3%AD+do+F%C3%A1bio+-+Augusto+Montenegro/data=!4m7!3m6!1s0x92a461c7a8db950f:0xbf952cff1bc9af0b!8m2!3d-1.3233948!4d-48.4471861!16s%2Fg%2F11z7453n6c!19sChIJD5XbqMdhpJIRC6_JG_8slb8?authuser=0&hl=en&g_ep=EgoyMDI2MDkyMS4wIJJjKgBIAVAD&rclk=1,casa de açaí,"casa de açaí no Parque Guajará, Belém, PA",Parque Guajará,1,2026-09-23
ChIJj6GncnJhpJIRQoIDhMNX1h4,2222059963398980162,Açaí do Porto,Açaí shop,Açaíteria / Loja de Açaí,Categoria original indica especialização em açaí,Especializado em açaí,RA_cat_acai_direto,Categoria 'Açaí shop' — evidência forte de especialização,nome contém açaí ('Açaí do Porto'); ocorrências: 2; categoria: 'Açaí shop',"Açaí do Porto - Tenoné, Belém - PA, 66820-020",Parque Guajará,Tenoné,Belém,PA,-1.318947,-48.441036,1.9397,Normal,,,3.3,3,,,https://www.google.com/maps/place/A%C3%A7a%C3%AD+do+Porto/data=!4m7!3m6!1s0x92a4617272a7a18f:0x1ed657c384038242!8m2!3d-1.3189469!4d-48.4410356!16s%2Fg%2F11smd7zxzx!19sChIJj6GncnJhpJIRQoIDhMNX1h4?authuser=0&hl=en&g_ep=EgoyMDI2MDkyMS4wIJJjKgBIAVAD&rclk=1,casa de açaí | ponto de açaí,"casa de açaí no Parque Guajará, Belém, PA | ponto de açaí no Parque Guajará, Belém, PA",Parque Guajará,2,2026-09-23
ChIJY88QsdVhpJIR6PFKNPjQquA,16188981574984462824,Açaí do Janni,Açaí shop,Açaíteria / Loja de Açaí,Categoria original indica especialização em açaí,Especializado em açaí,RA_cat_acai_direto,Categoria 'Açaí shop' — evidência forte de especialização,nome contém açaí ('Açaí do Janni'); ocorrências: 2; categoria: 'Açaí shop',"Açaí do Janni - Tv. Carlos Gomes Lot Cordolina, Tv. Paulo Freire Lot. Cordolina Fontele, 8 - Tenoné, Belém - PA, 66820-160",Parque Guajará,Tenoné,Belém,PA,-1.321589,-48.444115,1.5516,Normal,,,0.0,0,,,https://www.google.com/maps/place/A%C3%A7a%C3%AD+do+Janni/data=!4m7!3m6!1s0x92a461d5b110cf63:0xe0aad0f8344af1e8!8m2!3d-1.3215892!4d-48.4441149!16s%2Fg%2F11t90rhlyl!19sChIJY88QsdVhpJIR6PFKNPjQquA?authuser=0&hl=en&g_ep=EgoyMDI2MDkyMS4wIJJjKgBIAVAD&rclk=1,casa de açaí | ponto de açaí,"casa de açaí no Parque Guajará, Belém, PA | ponto de açaí no Parque Guajará, Belém, PA",Parque Guajará,2,2026-09-23
ChIJPwIqD6pmpJIR0fBxzhoYd0s,5437841578484953297,Casa Do Açai,Restaurant,Restaurante,Categoria genérica de restaurante,Açaí + outro segmento,RB2_nome_acai_cat_outro,Nome contém açaí + categoria 'Restaurant' indica outro segmento,nome contém açaí ('Casa Do Açai'); categoria: 'Restaurant',"Casa Do Açai - Tv. da Soledade - Ponta Grossa, Belém - PA, 66812-030",Parque Guajará,Revisar,Belém,PA,-1.310244,-48.478394,2.6773,Normal,,,3.0,2,,,https://www.google.com/maps/place/Casa+Do+A%C3%A7ai/data=!4m7!3m6!1s0x92a466aa0f2a023f:0x4b77181ace71f0d1!8m2!3d-1.3102444!4d-48.4783943!16s%2Fg%2F11kn6vypj7!19sChIJPwIqD6pmpJIR0fBxzhoYd0s?authuser=0&hl=en&g_ep=EgoyMDI2MDkyMS4wIJJjKgBIAVAD&rclk=1,casa de açaí,"casa de açaí no Parque Guajará, Belém, PA",Parque Guajará,1,2026-09-23
ChIJfeeiAyljpJIRgRDmjmoIqOU,16548486084529885313,Açaí do gato,Açaí shop,Açaíteria / Loja de Açaí,Categoria original indica especialização em açaí,Especializado em açaí,RA_cat_acai_direto,Categoria 'Açaí shop' — evidência forte de especialização,nome contém açaí ('Açaí do gato'); categoria: 'Açaí shop',"Açaí do gato - Tv. Sao Cristovao, 5 - Paracuri, Belém - PA, 66814-000",Parque Guajará,Revisar,Belém,PA,-1.314251,-48.484869,3.1433,Normal,91982791779,,4.5,4,,,https://www.google.com/maps/place/A%C3%A7a%C3%AD+do+gato/data=!4m7!3m6!1s0x92a4632903a2e77d:0xe5a8086a8ee61081!8m2!3d-1.3142515!4d-48.4848689!16s%2Fg%2F11l5jkn8q6!19sChIJfeeiAyljpJIRgRDmjmoIqOU?authuser=0&hl=en&g_ep=EgoyMDI2MDkyMS4wIJJjKgBIAVAD&rclk=1,casa de açaí,"casa de açaí no Parque Guajará, Belém, PA",Parque Guajará,1,2026-09-23
ChIJqfzHhR9hpJIRkVeGQ9MAikc,5154933630849931153,Açai Duas Irmãs,General store,Mercado / Mercearia,Armazém / loja geral,Açaí + outro segmento,RB2_nome_acai_cat_outro,Nome contém açaí + categoria 'General store' indica outro segmento,nome contém açaí ('Açai Duas Irmãs'); categoria: 'General store',"Açai Duas Irmãs - Estr. do Ranário - Tapanã, Belém - PA",Parque Guajará,Tapanã,Belém,PA,-1.320213,-48.468057,1.1619,Normal,,,0.0,0,,,https://www.google.com/maps/place/A%C3%A7ai+Duas+Irm%C3%A3s/data=!4m7!3m6!1s0x92a4611f85c7fca9:0x478a00d343865791!8m2!3d-1.3202127!4d-48.4680574!16s%2Fg%2F11v17f7gxh!19sChIJqfzHhR9hpJIRkVeGQ9MAikc?authuser=0&hl=en&g_ep=EgoyMDI2MDkyMS4wIJJjKgBIAVAD&rclk=1,ponto de açaí,"ponto de açaí no Parque Guajará, Belém, PA",Parque Guajará,1,2026-09-23
ChIJN47LwGKLpJIRaZxHyxHQEGg,7498722154415365225,Ponto do Açaí,Food products supplier,Fornecedor / Distribuidor de Alimentos,Fornecedor de produtos alimentícios,Açaí + outro segmento,RB2_nome_acai_cat_outro,Nome contém açaí + categoria 'Food products supplier' indica outro segmento,nome contém açaí ('Ponto do Açaí'); categoria: 'Food products supplier',"Ponto do Açaí - R. Alacid Nunes, 64 - Tenoné, Belém - PA",Parque Guajará,Tenoné,Belém,PA,-1.326213,-48.446259,1.3515,Normal,91981128293,,0.0,0,,,https://www.google.com/maps/place/Ponto+do+A%C3%A7a%C3%AD/data=!4m7!3m6!1s0x92a48b62c0cb8e37:0x6810d011cb479c69!8m2!3d-1.326213!4d-48.4462586!16s%2Fg%2F11fvgd88z2!19sChIJN47LwGKLpJIRaZxHyxHQEGg?authuser=0&hl=en&g_ep=EgoyMDI2MDkyMS4wIJJjKgBIAVAD&rclk=1,ponto de açaí,"ponto de açaí no Parque Guajará, Belém, PA",Parque Guajará,1,2026-09-23
ChIJOcAAaNhlpJIRpEpw8452NFg,6355835330468268708,Açaí do Adão,Food manufacturing supply,Fornecedor / Distribuidor de Alimentos,Fornecedor de insumos alimentícios,Açaí + outro segmento,RB2_nome_acai_cat_outro,Nome contém açaí + categoria 'Food manufacturing supply' indica outro segmento,nome contém açaí ('Açaí do Adão'); categoria: 'Food manufacturing supply',"Açaí do Adão - Tv. dos Andradas, 484 - Agulha, Belém - PA, 66811-010",Parque Guajará,Revisar,Belém,PA,-1.308901,-48.484446,3.3345,Normal,91989018036,https://instagram.com/acaidoadaoicoaraci?igshid=1px6mmwwev0hc,4.4,33,,,https://www.google.com/maps/place/A%C3%A7a%C3%AD+do+Ad%C3%A3o/data=!4m7!3m6!1s0x92a465d86800c039:0x5834768ef3704aa4!8m2!3d-1.3089011!4d-48.4844463!16s%2Fg%2F11h_dgz9wk!19sChIJOcAAaNhlpJIRpEpw8452NFg?authuser=0&hl=en&g_ep=EgoyMDI2MDkyMS4wIJJjKgBIAVAD&rclk=1,açaí delivery,"açaí delivery no Parque Guajará, Belém, PA",Parque Guajará,1,2026-09-23
ChIJm35xXdphpJIRKBkPr1tJWIM,9464395275046951208,Açaí Dos Irmãos,Restaurant,Restaurante,Categoria genérica de restaurante,Açaí + outro segmento,RB2_nome_acai_cat_outro,Nome contém açaí + categoria 'Restaurant' indica outro segmento,nome contém açaí ('Açaí Dos Irmãos'); categoria: 'Restaurant',"Açaí Dos Irmãos - R. Santos dos Santos, n°28 - Tapanã, Belém - PA, 66825-620",Parque Guajará,Tapanã,Belém,PA,-1.329989,-48.467858,1.3409,Normal,91980538486,,5.0,1,,,https://www.google.com/maps/place/A%C3%A7a%C3%AD+Dos+Irm%C3%A3os/data=!4m7!3m6!1s0x92a461da5d717e9b:0x8358495baf0f1928!8m2!3d-1.3299885!4d-48.4678575!16s%2Fg%2F11t54stc23!19sChIJm35xXdphpJIRKBkPr1tJWIM?authuser=0&hl=en&g_ep=EgoyMDI2MDkyMS4wIJJjKgBIAVAD&rclk=1,açaí delivery,"açaí delivery no Parque Guajará, Belém, PA",Parque Guajará,1,2026-09-23
ChIJfdVEQr5hpJIRnFD6uhS4fOM,16392179142897586332,Açaí Salmo 23,Restaurant,Restaurante,Categoria genérica de restaurante,Açaí + outro segmento,RB2_nome_acai_cat_outro,Nome contém açaí + categoria 'Restaurant' indica outro segmento,nome contém açaí ('Açaí Salmo 23'); categoria: 'Restaurant',"Açaí Salmo 23 - Estr. da Piçarreira, 159 - Tapanã, Belém - PA, 66821",Parque Guajará,Tapanã,Belém,PA,-1.331429,-48.468873,1.5268,Normal,91983524552,,5.0,3,,,https://www.google.com/maps/place/A%C3%A7a%C3%AD+Salmo+23/data=!4m7!3m6!1s0x92a461be4244d57d:0xe37cb814bafa509c!8m2!3d-1.331429!4d-48.4688731!16s%2Fg%2F11ty50cdxh!19sChIJfdVEQr5hpJIRnFD6uhS4fOM?authuser=0&hl=en&g_ep=EgoyMDI2MDkyMS4wIJJjKgBIAVAD&rclk=1,açaí delivery,"açaí delivery no Parque Guajará, Belém, PA",Parque Guajará,1,2026-09-23
ChIJPfS4iStfpJIRB4639Pl3rnM,8335731875745598983,Açaí marajoara na primeira rua rural 39 B distrito industrial Ananindeua,Restaurant,Restaurante,Categoria genérica de restaurante,Açaí + outro segmento,RB2_nome_acai_cat_outro,Nome contém açaí + categoria 'Restaurant' indica outro segmento,nome contém açaí ('Açaí marajoara na primeira rua rural 39 '); categoria: 'Restaurant',"Açaí marajoara na primeira rua rural 39 B distrito industrial Ananindeua - R. Distrito Industrial, 39 - Distrito Industrial, Ananindeua - PA, 67035-330",Parque Guajará,Revisar,Belém,PA,-1.34071,-48.35334,11.7987,Revisar,91982331745,,5.0,1,,,https://www.google.com/maps/place/A%C3%A7a%C3%AD+marajoara+na+primeira+rua+rural+39+B+distrito+industrial+Ananindeua/data=!4m7!3m6!1s0x92a45f2b89b8f43d:0x73ae77f9f4b78e07!8m2!3d-1.3407096!4d-48.3533402!16s%2Fg%2F11hsv76qdg!19sChIJPfS4iStfpJIRB4639Pl3rnM?authuser=0&hl=en&g_ep=EgoyMDI2MDkyMS4wIJJjKgBIAVAD&rclk=1,açaí delivery,"açaí delivery no Parque Guajará, Belém, PA",Parque Guajará,1,2026-09-23
ChIJTSMtuiZfpJIRbnKpu4iSQio,3045157414017528430,Açai Rio Branco,Restaurant,Restaurante,Categoria genérica de restaurante,Açaí + outro segmento,RB2_nome_acai_cat_outro,Nome contém açaí + categoria 'Restaurant' indica outro segmento,nome contém açaí ('Açai Rio Branco'); categoria: 'Restaurant',"Açai Rio Branco - Al. Maloca, 98 - n 16 - Paar, Ananindeua - PA, 67145-034",Parque Guajará,Revisar,Belém,PA,-1.336943,-48.390341,7.6780,Atenção,,,5.0,3,,,https://www.google.com/maps/place/A%C3%A7ai+Rio+Branco/data=!4m7!3m6!1s0x92a45f26ba2d234d:0x2a429288bba9726e!8m2!3d-1.3369434!4d-48.390341!16s%2Fg%2F11jcgk0l_0!19sChIJTSMtuiZfpJIRbnKpu4iSQio?authuser=0&hl=en&g_ep=EgoyMDI2MDkyMS4wIJJjKgBIAVAD&rclk=1,açaí delivery,"açaí delivery no Parque Guajará, Belém, PA",Parque Guajará,1,2026-09-23
ChIJ35kVE01fpJIRCx6vOgZvkTw,4364391586443763211,Açaí Do Maian,Restaurant,Restaurante,Categoria genérica de restaurante,Açaí + outro segmento,RB2_nome_acai_cat_outro,Nome contém açaí + categoria 'Restaurant' indica outro segmento,nome contém açaí ('Açaí Do Maian'); categoria: 'Restaurant',"Açaí Do Maian - 1Rua Rural, N° 93 - Distrito Industrial, Ananindeua - PA, 67035-490",Parque Guajará,Revisar,Belém,PA,-1.343587,-48.367443,10.3222,Revisar,91982551983,,4.7,3,,,https://www.google.com/maps/place/A%C3%A7a%C3%AD+Do+Maian/data=!4m7!3m6!1s0x92a45f4d131599df:0x3c916f063aaf1e0b!8m2!3d-1.3435871!4d-48.367443!16s%2Fg%2F11rm_j0h7b!19sChIJ35kVE01fpJIRCx6vOgZvkTw?authuser=0&hl=en&g_ep=EgoyMDI2MDkyMS4wIJJjKgBIAVAD&rclk=1,açaí delivery,"açaí delivery no Parque Guajará, Belém, PA",Parque Guajará,1,2026-09-23
ChIJjUDmJCVhpJIR_R8bCANF0O0,17136272461467951101,Açai do Abraão,Restaurant,Restaurante,Categoria genérica de restaurante,Açaí + outro segmento,RB2_nome_acai_cat_outro,Nome contém açaí + categoria 'Restaurant' indica outro segmento,nome contém açaí ('Açai do Abraão'); categoria: 'Restaurant',"Açai do Abraão - Passagem 5º Linha Conjunto Celso Daniel Nº 02 - Tenoné, Belém - PA, 66820-160",Parque Guajará,Tenoné,Belém,PA,-1.322744,-48.440723,1.9205,Normal,91982489426,,3.7,3,,,https://www.google.com/maps/place/A%C3%A7ai+do+Abra%C3%A3o/data=!4m7!3m6!1s0x92a4612524e6408d:0xedd04503081b1ffd!8m2!3d-1.3227438!4d-48.4407228!16s%2Fg%2F11lkfzv_96!19sChIJjUDmJCVhpJIR_R8bCANF0O0?authuser=0&hl=en&g_ep=EgoyMDI2MDkyMS4wIJJjKgBIAVAD&rclk=1,açaí delivery,"açaí delivery no Parque Guajará, Belém, PA",Parque Guajará,1,2026-09-23
ChIJkXfZu1hgpJIR-7Ot8JcVjjw,4363448831290749947,Açaí Cristal,Restaurant,Restaurante,Categoria genérica de restaurante,Açaí + outro segmento,RB2_nome_acai_cat_outro,Nome contém açaí + categoria 'Restaurant' indica outro segmento,nome contém açaí ('Açaí Cristal'); categoria: 'Restaurant',"Açaí Cristal - R. Turmalina - Quarenta Horas, Ananindeua - PA, 67120-620",Parque Guajará,Revisar,Belém,PA,-1.342058,-48.424606,4.2716,Normal,91991625982,,5.0,15,R$20–40,,https://www.google.com/maps/place/A%C3%A7a%C3%AD+Cristal/data=!4m7!3m6!1s0x92a46058bbd97791:0x3c8e1597f0adb3fb!8m2!3d-1.3420577!4d-48.4246065!16s%2Fg%2F11jx4s0d1l!19sChIJkXfZu1hgpJIR-7Ot8JcVjjw?authuser=0&hl=en&g_ep=EgoyMDI2MDkyMS4wIJJjKgBIAVAD&rclk=1,açaí delivery,"açaí delivery no Parque Guajará, Belém, PA",Parque Guajará,1,2026-09-23
