place_id,cid,nome,categoria,endereco,complete_address,telefone,website,latitude,longitude,rating,review_count,status,price_range,horario,link,origem,area_consulta_r2,place_id_origem_r2,data_coleta,hora_coleta
ChIJSZbYTQBhpJIRvKIEa-Q0AaU,11889842646887473852,💜🌴Açaí Maná🌴 💜,Fabricante de alimentos congelados,"💜🌴Açaí Maná🌴 💜 - R. Arco Íris, 4 - Icuí-Guajará, Ananindeua - PA, 67124-030","💜🌴Açaí Maná🌴 💜 - R. Arco Íris, 4 - Icuí-Guajará, Ananindeua - PA, 67124-030",,,-1.325535,-48.411109,0.000000,0,,,"{""domingo"":[""Atendimento 24 horas""],""quarta-feira"":[""11:30–22:30""],""quinta-feira"":[""11:30–22:30""],""segunda-feira"":[""11:30–22:30""],""sexta-feira"":[""11:30–22:30""],""sábado"":[""Fechado""],""terça-feira"":[""11:30–22:30""]}",https://www.google.com/maps/place/%F0%9F%92%9C%F0%9F%8C%B4A%C3%A7a%C3%AD+Man%C3%A1%F0%9F%8C%B4+%F0%9F%92%9C/data=!4m7!3m6!1s0x92a461004dd89649:0xa50134e46b04a2bc!8m2!3d-1.3255346!4d-48.4111089!16s%2Fg%2F11mym52y_n!19sChIJSZbYTQBhpJIRvKIEa-Q0AaU?authuser=0&hl=pt-BR&g_ep=EgoyMDI2MDkyMi4wIJJjKgBIAVAD&rclk=1,rodada_2_recuperado,Coqueiro,ChIJSZbYTQBhpJIRvKIEa-Q0AaU,2026-09-25,17:58:10
ChIJS_VxNQBnpJIRxtUbvdQqKjc,3975036714302035398,Açaí mana,Loja de açaí,"Açaí mana - Estr. Velha do Outeiro, 1390 - Campina de Icoaraci, Belém - PA, 66813-250","Açaí mana - Estr. Velha do Outeiro, 1390 - Campina de Icoaraci, Belém - PA, 66813-250",,,-1.294057,-48.467265,0.000000,0,,,{},https://www.google.com/maps/place/A%C3%A7a%C3%AD+mana/data=!4m7!3m6!1s0x92a467003571f54b:0x372a2ad4bd1bd5c6!8m2!3d-1.2940567!4d-48.467265!16s%2Fg%2F11nbqc1kl6!19sChIJS_VxNQBnpJIRxtUbvdQqKjc?authuser=0&hl=pt-BR&g_ep=EgoyMDI2MDkyMi4wIJJjKgBIAVAD&rclk=1,rodada_2_recuperado,Icoaraci,ChIJS_VxNQBnpJIRxtUbvdQqKjc,2026-09-25,17:58:56
ChIJScKYr6VmpJIR0TJKu6vT1E8,5752455358594036433,Açaí Da Rosa,,"Açaí Da Rosa - Passagem São José de Ribamar - Agulha, Belém - PA, 66811","Açaí Da Rosa - Passagem São José de Ribamar - Agulha, Belém - PA, 66811",,,-1.304477,-48.471722,5.000000,1,,,{},https://www.google.com/maps/place/A%C3%A7a%C3%AD+Da+Rosa/data=!4m7!3m6!1s0x92a466a5af98c249:0x4fd4d3abbb4a32d1!8m2!3d-1.304477!4d-48.471722!16s%2Fg%2F11y1kdggz3!19sChIJScKYr6VmpJIR0TJKu6vT1E8?authuser=0&hl=pt-BR&g_ep=EgoyMDI2MDkyMi4wIJJjKgBIAVAD&rclk=1,rodada_2_recuperado,Icoaraci,ChIJScKYr6VmpJIR0TJKu6vT1E8,2026-09-25,17:59:29
ChIJSecl2m5hpJIRyr1niCAmEX0,9012026250514382282,UATA?! Parque Shopping - PARQUE VERDE,Hamburgueria,"Praça de alimentação - Rod. Augusto Montenegro, 4300 - Lj 2018 - Parque Verde, Belém - PA, 66635-110","Praça de alimentação - Rod. Augusto Montenegro, 4300 - Lj 2018 - Parque Verde, Belém - PA, 66635-110",(91) 98564-3791,https://www.uataburger.com/,-1.370500,-48.446752,4.400000,494,Brunch,R$ 20–40,"{""domingo"":[""12:00–22:00""],""quarta-feira"":[""10:00–22:00""],""quinta-feira"":[""10:00–22:00""],""segunda-feira"":[""10:00–22:00""],""sexta-feira"":[""10:00–22:00""],""sábado"":[""10:00–22:00""],""terça-feira"":[""10:00–22:00""]}","https://www.google.com/maps/place/UATA%3F!+Parque+Shopping+-+PARQUE+VERDE/@-1.3705,-48.446752,17z/data=!4m6!3m5!1s0x92a4616eda25e749:0x7d1126208867bdca!8m2!3d-1.3704998!4d-48.4467517!16s%2Fg%2F11hdy3qrp6?hl=pt&entry=ttu&g_ep=EgoyMDI2MDkyMi4wIKXMDSoASAFQAw%3D%3D",rodada_2_recuperado,Parque Verde,ChIJSecl2m5hpJIRyr1niCAmEX0,2026-09-25,18:00:14
ChIJSxDY--RnpJIR0m39w7NYE3s,8868529620333194706,Sorveteria e Distribuidora Carneiro,Sorveteria,"Sorveteria e Distribuidora Carneiro - R. Monsenhor José Maria Azevedo, 772 - Campina de Icoaraci, Belém - PA, 66813-550","Sorveteria e Distribuidora Carneiro - R. Monsenhor José Maria Azevedo, 772 - Campina de Icoaraci, Belém - PA, 66813-550",,,-1.294902,-48.472191,0.000000,0,,,"{""domingo"":[""07:30–12:30""],""quarta-feira"":[""07:30–19:00""],""quinta-feira"":[""07:30–19:00""],""segunda-feira"":[""07:30–19:00""],""sexta-feira"":[""07:30–19:00""],""sábado"":[""07:30–18:00""],""terça-feira"":[""07:30–19:00""]}","https://www.google.com/maps/place/Sorveteria+e+Distribuidora+Carneiro/@-1.294902,-48.472191,17z/data=!4m6!3m5!1s0x92a467e4fbd8104b:0x7b1358b3c3fd6dd2!8m2!3d-1.2949016!4d-48.4721914!16s%2Fg%2F11nmjpjvjk?hl=pt&entry=ttu&g_ep=EgoyMDI2MDkyMi4wIKXMDSoASAFQAw%3D%3D",rodada_2_recuperado,Icoaraci,ChIJSxDY--RnpJIR0m39w7NYE3s,2026-09-25,18:00:59
ChIJTRG-QWBhpJIRScuKG4fRMdI,15146117400036559689,AÇAI DA MANU,Loja de alimentos orgânicos,"Conjunto Sabiá - Av. Principal, quadra 2, n⁰ 5 - Quarenta Horas, Ananindeua - PA, 67120-370","Conjunto Sabiá - Av. Principal, quadra 2, n⁰ 5 - Quarenta Horas, Ananindeua - PA, 67120-370",(91) 98295-4192,,-1.346064,-48.419928,0.000000,0,,,"{""domingo"":[""08:30–13:30""],""quarta-feira"":[""08:30–13:30""],""quinta-feira"":[""08:30–13:30""],""segunda-feira"":[""08:30–13:30""],""sexta-feira"":[""08:30–13:30""],""sábado"":[""08:30–13:30""],""terça-feira"":[""08:30–13:30""]}",https://www.google.com/maps/place/A%C3%87AI+DA+MANU/data=!4m7!3m6!1s0x92a4616041be114d:0xd231d1871b8acb49!8m2!3d-1.3460636!4d-48.4199283!16s%2Fg%2F11x1494vdb!19sChIJTRG-QWBhpJIRScuKG4fRMdI?authuser=0&hl=pt-BR&g_ep=EgoyMDI2MDkyMi4wIJJjKgBIAVAD&rclk=1,rodada_2_recuperado,Coqueiro,ChIJTRG-QWBhpJIRScuKG4fRMdI,2026-09-25,18:01:45
ChIJTSIKQnaOpJIR5ZvI9w-EQi4,3333371878324083685,Açai Do Naldo,Loja de alimentos congelados,"Açai Do Naldo - R. Nova I, 560B - Condor, Belém - PA, 66033-570","Açai Do Naldo - R. Nova I, 560B - Condor, Belém - PA, 66033-570",,,-1.469455,-48.480091,3.500000,10,,,{},https://www.google.com/maps/place/A%C3%A7ai+Do+Naldo/data=!4m7!3m6!1s0x92a48e76420a224d:0x2e42840ff7c89be5!8m2!3d-1.4694549!4d-48.4800913!16s%2Fg%2F11cndbktpb!19sChIJTSIKQnaOpJIR5ZvI9w-EQi4?authuser=0&hl=pt-BR&g_ep=EgoyMDI2MDkyMi4wIJJjKgBIAVAD&rclk=1,rodada_2_recuperado,Coqueiro,ChIJTSIKQnaOpJIR5ZvI9w-EQi4,2026-09-25,18:02:18
ChIJTfMm81JhpJIR4sq57ka4LSc,2823115156223544034,Guaraná mexicano,Sorveteria,"Guaraná mexicano - Passagem Profeta Samuel, 1 - Pratinha, Belém - PA, 66816-230","Guaraná mexicano - Passagem Profeta Samuel, 1 - Pratinha, Belém - PA, 66816-230",(91) 99170-0294,,-1.369843,-48.472115,5.000000,6,,,{},"https://www.google.com/maps/place/Guaran%C3%A1+mexicano/@-1.369843,-48.472115,17z/data=!4m6!3m5!1s0x92a46152f326f34d:0x272db846eeb9cae2!8m2!3d-1.3698435!4d-48.4721147!16s%2Fg%2F11p9mh2btp?hl=pt&entry=ttu&g_ep=EgoyMDI2MDkyMi4wIKXMDSoASAFQAw%3D%3D",rodada_2_recuperado,Pratinha,ChIJTfMm81JhpJIR4sq57ka4LSc,2026-09-25,18:02:52
ChIJTzMgW4iJpJIRaAIG5f2aCkY,5047016747681841768,Delicias Da Nega,Restaurante,"Delicias Da Nega - Passagem Santos Dumont - Pratinha, Belém - PA, 66816-120","Delicias Da Nega - Passagem Santos Dumont - Pratinha, Belém - PA, 66816-120",(91) 98932-2365,,-1.378604,-48.483711,4.600000,15,,,{},https://www.google.com/maps/place/Delicias+Da+Nega/data=!4m7!3m6!1s0x92a489885b20334f:0x460a9afde5060268!8m2!3d-1.3786036!4d-48.4837109!16s%2Fg%2F11gjxkx2pk!19sChIJTzMgW4iJpJIRaAIG5f2aCkY?authuser=0&hl=pt-BR&g_ep=EgoyMDI2MDkyMi4wIJJjKgBIAVAD&rclk=1,rodada_2_recuperado,Pratinha,ChIJTzMgW4iJpJIRaAIG5f2aCkY,2026-09-25,18:03:37
ChIJU0CGENFgpJIReKAqg94OK7E,12766313917557940344,Sorveteria Ice Porto,Sorveteria,"Sorveteria Ice Porto - Conjunto Porto Laranjeira Quadra Quinze casa 478 Tenoné CEP 66.820-081, Belém - PA","Sorveteria Ice Porto - Conjunto Porto Laranjeira Quadra Quinze casa 478 Tenoné CEP 66.820-081, Belém - PA",(91) 99151-1847,https://www.lojalocal.com/41956349000189,-1.326328,-48.431629,4.700000,19,,,"{""domingo"":[""08:30–00:00""],""quarta-feira"":[""08:30–00:00""],""quinta-feira"":[""08:30–00:00""],""segunda-feira"":[""08:30–00:00""],""sexta-feira"":[""08:30–00:00""],""sábado"":[""08:30–00:00""],""terça-feira"":[""08:30–00:00""]}",https://www.google.com/maps/place/Sorveteria+Ice+Porto/data=!4m7!3m6!1s0x92a460d110864053:0xb12b0ede832aa078!8m2!3d-1.3263281!4d-48.4316286!16s%2Fg%2F11hbvs1pjp!19sChIJU0CGENFgpJIReKAqg94OK7E?authuser=0&hl=pt-BR&g_ep=EgoyMDI2MDkyMi4wIJJjKgBIAVAD&rclk=1,rodada_2_recuperado,Coqueiro,ChIJU0CGENFgpJIReKAqg94OK7E,2026-09-25,18:04:22
ChIJUVJzayWPpJIRwGAjKB7qsOA,16190698075640258752,Dr. Açaí Belém,Loja de açaí,"Dr. Açaí Belém - Tv. dos Tupinambás, 54 - Jurunas, Belém - PA, 66033-815","Dr. Açaí Belém - Tv. dos Tupinambás, 54 - Jurunas, Belém - PA, 66033-815",(91) 99212-1202,https://www.instagram.com/dr_acai_belem/profilecard/?igsh=MWZkZ28yNnJnMmNwaQ==,-1.462178,-48.493397,5.000000,17,,,"{""domingo"":[""Fechado""],""quarta-feira"":[""09:00–14:45""],""quinta-feira"":[""09:00–14:45""],""segunda-feira"":[""09:00–14:45""],""sexta-feira"":[""09:00–14:45""],""sábado"":[""09:00–14:45""],""terça-feira"":[""09:00–14:45""]}",https://www.google.com/maps/place/Dr.+A%C3%A7a%C3%AD+Bel%C3%A9m/data=!4m7!3m6!1s0x92a48f256b735251:0xe0b0ea1e282360c0!8m2!3d-1.4621781!4d-48.493397!16s%2Fg%2F11y9ptsj0_!19sChIJUVJzayWPpJIRwGAjKB7qsOA?authuser=0&hl=pt-BR&g_ep=EgoyMDI2MDkyMy4wIJJjKgBIAVAD&rclk=1,rodada_2_recuperado,Una,ChIJUVJzayWPpJIRwGAjKB7qsOA,2026-09-25,18:04:55
ChIJUxchpARkpJIRj8tjXtCJZxE,1254122549275773839,Restaurante Companhia do Açaí,Restaurante,"Restaurante Companhia do Açaí - Tv. Berredos, 556 - Ponta Grossa, Belém - PA, 66812-440","Restaurante Companhia do Açaí - Tv. Berredos, 556 - Ponta Grossa, Belém - PA, 66812-440",(93) 98802-4852,,-1.306802,-48.484044,0.000000,0,,,"{""domingo"":[""09:30–14:00""],""quarta-feira"":[""09:30–14:00""],""quinta-feira"":[""09:30–14:00""],""segunda-feira"":[""09:30–14:00""],""sexta-feira"":[""09:30–14:00""],""sábado"":[""09:30–14:00""],""terça-feira"":[""09:30–14:00""]}",https://www.google.com/maps/place/Restaurante+Companhia+do+A%C3%A7a%C3%AD/data=!4m7!3m6!1s0x92a46404a4211753:0x116789d05e63cb8f!8m2!3d-1.3068022!4d-48.484044!16s%2Fg%2F11jx4sdyk5!19sChIJUxchpARkpJIRj8tjXtCJZxE?authuser=0&hl=pt-BR&g_ep=EgoyMDI2MDkyMy4wIJJjKgBIAVAD&rclk=1,rodada_2_recuperado,Icoaraci,ChIJUxchpARkpJIRj8tjXtCJZxE,2026-09-25,18:05:41
ChIJV0nBIZNhpJIRZ6VcwzvcIJU,10745830860144813415,JUNIOR SALGADOS,Lanchonete,"JUNIOR SALGADOS - R. das Andorinha - Parque Verde, Belém - PA, 66630-730","JUNIOR SALGADOS - R. das Andorinha - Parque Verde, Belém - PA, 66630-730",(91) 98769-9521,,-1.361555,-48.450692,4.400000,47,,,"{""domingo"":[""Fechado""],""quarta-feira"":[""16:45–21:30""],""quinta-feira"":[""16:45–21:30""],""segunda-feira"":[""16:45–21:30""],""sexta-feira"":[""16:45–21:30""],""sábado"":[""16:45–21:30""],""terça-feira"":[""16:45–21:30""]}","https://www.google.com/maps/place/JUNIOR+SALGADOS/@-1.361555,-48.450692,17z/data=!4m6!3m5!1s0x92a4619321c14957:0x9520dc3bc35ca567!8m2!3d-1.3615549!4d-48.4506917!16s%2Fg%2F11f7qz14kw?hl=pt&entry=ttu&g_ep=EgoyMDI2MDkyMi4wIKXMDSoASAFQAw%3D%3D",rodada_2_recuperado,Parque Verde,ChIJV0nBIZNhpJIRZ6VcwzvcIJU,2026-09-25,18:06:38
ChIJVyhf4CtlpJIReS76Ie-j9qI,11742753325877702265,Açaí gelomar,Loja de alimentos orgânicos,"Açaí gelomar - Tv. dos Andradas, 834 - Ponta Grossa, Belém - PA, 66812-420","Açaí gelomar - Tv. dos Andradas, 834 - Ponta Grossa, Belém - PA, 66812-420",(91) 98404-3776,,-1.308790,-48.481242,1.000000,3,,,"{""domingo"":[""08:00–23:30""],""quarta-feira"":[""08:00–23:30""],""quinta-feira"":[""08:00–23:30""],""segunda-feira"":[""08:00–23:30""],""sexta-feira"":[""08:00–23:30""],""sábado"":[""08:00–23:30""],""terça-feira"":[""08:00–23:30""]}","https://www.google.com/maps/place/A%C3%A7a%C3%AD+gelomar/@-1.30879,-48.481242,17z/data=!4m6!3m5!1s0x92a4652be05f2857:0xa2f6a3ef21fa2e79!8m2!3d-1.3087895!4d-48.4812417!16s%2Fg%2F11y1lrjpz9?hl=pt&entry=ttu&g_ep=EgoyMDI2MDkyMy4wIKXMDSoASAFQAw%3D%3D",rodada_2_recuperado,Icoaraci,ChIJVyhf4CtlpJIReS76Ie-j9qI,2026-09-25,18:07:23
ChIJW0uBXwD1pJIR1wooHt83KBY,1596587499326016215,Casa 12(Condomínio Bosque do açaí),Complexo habitacional,"Casa 12(Condomínio Bosque do açaí) - Av. Amazonas - Águas Lindas, Ananindeua - PA, 67000-000","Casa 12(Condomínio Bosque do açaí) - Av. Amazonas - Águas Lindas, Ananindeua - PA, 67000-000",,,-1.388948,-48.389878,0.000000,0,,,{},"https://www.google.com/maps/place/Casa+12(Condom%C3%ADnio+Bosque+do+a%C3%A7a%C3%AD)/@-1.388948,-48.389878,17z/data=!4m6!3m5!1s0x92a4f5005f814b5b:0x162837df1e280ad7!8m2!3d-1.3889478!4d-48.3898783!16s%2Fg%2F11nvzq2t4s?hl=pt&entry=ttu&g_ep=EgoyMDI2MDkyMi4wIKXMDSoASAFQAw%3D%3D",rodada_2_recuperado,Una,ChIJW0uBXwD1pJIR1wooHt83KBY,2026-09-25,18:08:09
ChIJW1xA_SuMpJIR4PzPXVbOwqQ,11872278438038469856,Casa do Açaí,Loja de açaí,"Casa do Açaí - Av. Conselheiro Furtado, 2698 - Cremação, Belém - PA, 66040-100","Casa do Açaí - Av. Conselheiro Furtado, 2698 - Cremação, Belém - PA, 66040-100",(91) 3229-0972,,-1.456619,-48.474346,3.900000,48,,,"{""domingo"":[""07:00–15:00""],""quarta-feira"":[""07:00–17:00""],""quinta-feira"":[""07:00–17:00""],""segunda-feira"":[""07:00–17:00""],""sexta-feira"":[""07:00–17:00""],""sábado"":[""07:00–17:00""],""terça-feira"":[""07:00–17:00""]}",https://www.google.com/maps/place/Casa+do+A%C3%A7a%C3%AD/data=!4m7!3m6!1s0x92a48c2bfd405c5b:0xa4c2ce565dcffce0!8m2!3d-1.456619!4d-48.474346!16s%2Fg%2F1q5bmn_n_!19sChIJW1xA_SuMpJIR4PzPXVbOwqQ?authuser=0&hl=pt-BR&g_ep=EgoyMDI2MDkyMi4wIJJjKgBIAVAD&rclk=1,rodada_2_recuperado,Benguí,ChIJW1xA_SuMpJIR4PzPXVbOwqQ,2026-09-25,18:08:54
ChIJW2dBX3FhpJIRHMYBZuT0cGM,7165496268947572252,Muaná Açaí,Negócio de produção de comida,"Muaná Açaí - R. A, casa 133b - Coqueiro, Belém - PA, 66670-030","Muaná Açaí - R. A, casa 133b - Coqueiro, Belém - PA, 66670-030",(91) 98341-6434,,-1.352660,-48.444857,0.000000,0,,,"{""domingo"":[""11:00–17:00""],""quarta-feira"":[""10:00–20:00""],""quinta-feira"":[""00:00–20:00""],""segunda-feira"":[""10:00–20:00""],""sexta-feira"":[""11:00–20:00""],""sábado"":[""10:00–20:00""],""terça-feira"":[""10:00–20:00""]}",https://www.google.com/maps/place/Muan%C3%A1+A%C3%A7a%C3%AD/data=!4m7!3m6!1s0x92a461715f41675b:0x6370f4e46601c61c!8m2!3d-1.3526599!4d-48.4448568!16s%2Fg%2F11vpy_mz4v!19sChIJW2dBX3FhpJIRHMYBZuT0cGM?authuser=0&hl=pt-BR&g_ep=EgoyMDI2MDkyMi4wIJJjKgBIAVAD&rclk=1,rodada_2_recuperado,Cabanagem,ChIJW2dBX3FhpJIRHMYBZuT0cGM,2026-09-25,18:09:51
ChIJW31UTmxnpJIRd0FmlWDxxbk,13386370864554328439,Moara sorveteria artesanal,Sorveteria,"Moara sorveteria artesanal - Rod. Augusto Montenegro, 671 - Agulha, Belém - PA, 66645-001","Moara sorveteria artesanal - Rod. Augusto Montenegro, 671 - Agulha, Belém - PA, 66645-001",,,-1.299650,-48.472274,4.900000,23,,,"{""domingo"":[""16:00–00:00""],""quarta-feira"":[""15:00–23:30""],""quinta-feira"":[""15:00–23:30""],""segunda-feira"":[""15:00–23:30""],""sexta-feira"":[""15:00–00:00""],""sábado"":[""16:00–00:00""],""terça-feira"":[""15:00–23:30""]}","https://www.google.com/maps/place/Moara+sorveteria+artesanal/@-1.29965,-48.472274,17z/data=!4m6!3m5!1s0x92a4676c4e547d5b:0xb9c5f16095664177!8m2!3d-1.2996504!4d-48.4722739!16s%2Fg%2F11xs3fntx4?hl=pt&entry=ttu&g_ep=EgoyMDI2MDkyMi4wIKXMDSoASAFQAw%3D%3D",rodada_2_recuperado,Icoaraci,ChIJW31UTmxnpJIRd0FmlWDxxbk,2026-09-25,18:10:24
ChIJWW8guQJfpJIREQi0n0G3hAQ,325586565557651473,Casa do açaí Braga,Escritório da empresa,"Casa do açaí Braga - R. União - Distrito Industrial, Ananindeua - PA, 67000-000","Casa do açaí Braga - R. União - Distrito Industrial, Ananindeua - PA, 67000-000",,,-1.344596,-48.368119,0.000000,0,,,{},"https://www.google.com/maps/place/Casa+do+a%C3%A7a%C3%AD+Braga/@-1.344596,-48.368119,17z/data=!4m6!3m5!1s0x92a45f02b9206f59:0x484b7419fb40811!8m2!3d-1.3445958!4d-48.3681187!16s%2Fg%2F11fmybf6pz?hl=pt&entry=ttu&g_ep=EgoyMDI2MDkyMi4wIKXMDSoASAFQAw%3D%3D",rodada_2_recuperado,Una,ChIJWW8guQJfpJIREQi0n0G3hAQ,2026-09-25,18:11:10
ChIJWfg0i05hpJIRV5l4KRc7kY4,10273057195674868055,Açaí do maik,Negociante de alimentos,"Açaí do maik - R 10 manacá, Paracuri 1 - Paracuri, Belém - PA, 66814-150","Açaí do maik - R 10 manacá, Paracuri 1 - Paracuri, Belém - PA, 66814-150",(91) 98011-9859,,-1.313296,-48.478681,0.000000,0,,,"{""domingo"":[""08:30–23:30""],""quarta-feira"":[""08:00–00:00""],""quinta-feira"":[""07:30–23:30""],""segunda-feira"":[""08:00–00:00""],""sexta-feira"":[""07:30–23:30""],""sábado"":[""08:00–00:00""],""terça-feira"":[""08:00–00:00""]}","https://www.google.com/maps/place/A%C3%A7a%C3%AD+do+maik/@-1.313296,-48.478681,17z/data=!4m6!3m5!1s0x92a4614e8b34f859:0x8e913b1729789957!8m2!3d-1.3132957!4d-48.4786813!16s%2Fg%2F11z8nghpgq?hl=pt&entry=ttu&g_ep=EgoyMDI2MDkyMi4wIKXMDSoASAFQAw%3D%3D",rodada_2_recuperado,Icoaraci,ChIJWfg0i05hpJIRV5l4KRc7kY4,2026-09-25,18:11:43
ChIJX6LKAxZfpJIR0ACIhnj2YDU,3846345079287972048,AÇAÍ do RAFFA,Loja de açaí,"AÇAÍ do RAFFA - Passagem Sueli esquina com João canuto, Av. Cláudio Sanders, Número 08, Ananindeua - PA, 67030-795","AÇAÍ do RAFFA - Passagem Sueli esquina com João canuto, Av. Cláudio Sanders, Número 08, Ananindeua - PA, 67030-795",(91) 98024-3854,,-1.361020,-48.376234,4.600000,11,,,"{""domingo"":[""08:30–14:00"",""17:00–21:00""],""quarta-feira"":[""07:00–14:00"",""17:00–21:00""],""quinta-feira"":[""07:00–14:00"",""17:00–21:00""],""segunda-feira"":[""07:00–14:00"",""17:00–21:00""],""sexta-feira"":[""07:00–14:00"",""17:00–21:00""],""sábado"":[""07:00–14:00"",""17:00–21:00""],""terça-feira"":[""07:00–14:00"",""17:00–21:00""]}",https://www.google.com/maps/place/A%C3%87A%C3%8D+do+RAFFA/data=!4m7!3m6!1s0x92a45f1603caa25f:0x3560f678868800d0!8m2!3d-1.3610198!4d-48.3762342!16s%2Fg%2F11r3ddz8c5!19sChIJX6LKAxZfpJIR0ACIhnj2YDU?authuser=0&hl=pt-BR&g_ep=EgoyMDI2MDkyMi4wIJJjKgBIAVAD&rclk=1,rodada_2_recuperado,Una,ChIJX6LKAxZfpJIR0ACIhnj2YDU,2026-09-25,18:12:28
ChIJX7xCBX2KpJIRBCSMfFzbp0o,5379509470190380036,Mix Pará PIZZARIA,Pizzaria,"Mix Pará PIZZARIA - Rod. Augusto Montenegro, km 04 - Mangueirão, Belém - PA, 66640-000","Mix Pará PIZZARIA - Rod. Augusto Montenegro, km 04 - Mangueirão, Belém - PA, 66640-000",(91) 99162-1270,,-1.376791,-48.440654,4.500000,983,,R$ 20–140,"{""domingo"":[""18:00–23:30""],""quarta-feira"":[""18:00–23:30""],""quinta-feira"":[""18:00–23:30""],""segunda-feira"":[""18:00–23:30""],""sexta-feira"":[""18:00–23:30""],""sábado"":[""18:00–23:30""],""terça-feira"":[""18:00–23:30""]}","https://www.google.com/maps/place/Mix+Par%C3%A1+PIZZARIA/@-1.376791,-48.440654,17z/data=!4m6!3m5!1s0x92a48a7d0542bc5f:0x4aa7db5c7c8c2404!8m2!3d-1.3767906!4d-48.4406543!16s%2Fg%2F11f3_2n_dr?hl=pt&entry=ttu&g_ep=EgoyMDI2MDkyMi4wIKXMDSoASAFQAw%3D%3D",rodada_2_recuperado,Parque Verde,ChIJX7xCBX2KpJIRBCSMfFzbp0o,2026-09-25,18:13:02
ChIJXambtDBfpJIR-GOobMOPHCQ,2602112754217673720,Premium Açaí e Conveniêcia,Loja de açaí,"Premium Açaí e Conveniêcia - Av. Arterial 5-A 346 N° 25 - Paar - Maguari, Ananindeua - PA, 67145-074","Premium Açaí e Conveniêcia - Av. Arterial 5-A 346 N° 25 - Paar - Maguari, Ananindeua - PA, 67145-074",(91) 98408-2472,,-1.341539,-48.393854,5.000000,1,,,"{""domingo"":[""08:00–21:00""],""quarta-feira"":[""08:00–21:00""],""quinta-feira"":[""08:00–21:00""],""segunda-feira"":[""08:00–21:00""],""sexta-feira"":[""08:00–21:00""],""sábado"":[""08:00–21:00""],""terça-feira"":[""08:00–21:00""]}","https://www.google.com/maps/place/Premium+A%C3%A7a%C3%AD+e+Conveni%C3%AAcia/@-1.341539,-48.393854,17z/data=!4m6!3m5!1s0x92a45f30b49ba95d:0x241c8fc36ca863f8!8m2!3d-1.3415387!4d-48.3938541!16s%2Fg%2F11nx74m312?hl=pt&entry=ttu&g_ep=EgoyMDI2MDkyMi4wIKXMDSoASAFQAw%3D%3D",rodada_2_recuperado,Parque Guajará,ChIJXambtDBfpJIR-GOobMOPHCQ,2026-09-25,18:13:35
ChIJXcSOE-VhpJIRp6V7sEWynC0,3286697840457000359,E.S.G Equipamentos,Serviço de locação de equipamentos para construção civil,"E.S.G Equipamentos - Rua Bacuri 08 Pratinha 2, Belém - PA, 66816-860","E.S.G Equipamentos - Rua Bacuri 08 Pratinha 2, Belém - PA, 66816-860",(91) 98479-6879,https://esg-equipamentos.com.br/,-1.359096,-48.468279,5.000000,2,,,"{""domingo"":[""Fechado""],""quarta-feira"":[""07:00–17:00""],""quinta-feira"":[""07:00–17:00""],""segunda-feira"":[""07:00–17:00""],""sexta-feira"":[""07:00–17:00""],""sábado"":[""07:00–12:00""],""terça-feira"":[""07:00–17:00""]}","https://www.google.com/maps/place/E.S.G+Equipamentos/@-1.359096,-48.468279,17z/data=!4m6!3m5!1s0x92a461e5138ec45d:0x2d9cb245b07ba5a7!8m2!3d-1.3590965!4d-48.4682791!16s%2Fg%2F11zchnr0rs?hl=pt&entry=ttu&g_ep=EgoyMDI2MDkyMi4wIKXMDSoASAFQAw%3D%3D",rodada_2_recuperado,Pratinha,ChIJXcSOE-VhpJIRp6V7sEWynC0,2026-09-25,18:14:08
ChIJXcvR-GOLpJIRSVA4y3XQz4g,9858327313676521545,GUARANÁ DO MARCINHO,Loja de açaí,"GUARANÁ DO MARCINHO - Rua Antonio Everdosa Entre: Rua Alferes Costa Entre:, Tv. São Sebastião - Pedreira, Belém - PA, 66085-757","GUARANÁ DO MARCINHO - Rua Antonio Everdosa Entre: Rua Alferes Costa Entre:, Tv. São Sebastião - Pedreira, Belém - PA, 66085-757",(91) 98533-3791,,-1.417410,-48.468912,4.400000,81,,R$ 1–20,"{""domingo"":[""15:00–00:00""],""quarta-feira"":[""15:00–00:00""],""quinta-feira"":[""15:00–00:00""],""segunda-feira"":[""Fechado""],""sexta-feira"":[""15:00–00:00""],""sábado"":[""15:00–00:00""],""terça-feira"":[""15:00–00:00""]}","https://www.google.com/maps/place/GUARAN%C3%81+DO+MARCINHO/@-1.41741,-48.468912,17z/data=!4m6!3m5!1s0x92a48b63f8d1cb5d:0x88cfd075cb385049!8m2!3d-1.4174096!4d-48.468912!16s%2Fg%2F11j24g7blp?hl=pt&entry=ttu&g_ep=EgoyMDI2MDkyMi4wIKXMDSoASAFQAw%3D%3D",rodada_2_recuperado,Pratinha,ChIJXcvR-GOLpJIRSVA4y3XQz4g,2026-09-25,18:14:53
ChIJXxSZtgCLpJIR1W1BsO7_CCE,2380433803689684437,Açai da Larinha,Loja de açaí,"Açai da Larinha - Passagem São Luís 158, R. Álvaro Adolfo, 210 - Castanheira, Belém - PA, 66645-300","Açai da Larinha - Passagem São Luís 158, R. Álvaro Adolfo, 210 - Castanheira, Belém - PA, 66645-300",(91) 98618-4555,https://wa.me/message/WS2SO5OZXG3YN1,-1.402408,-48.431516,5.000000,18,,R$ 1–20,"{""domingo"":[""08:00–00:00""],""quarta-feira"":[""08:00–00:00""],""quinta-feira"":[""08:00–00:00""],""segunda-feira"":[""08:00–00:00""],""sexta-feira"":[""08:00–00:00""],""sábado"":[""08:00–00:00""],""terça-feira"":[""08:00–00:00""]}","https://www.google.com/maps/place/A%C3%A7ai+da+Larinha/@-1.402408,-48.431516,17z/data=!4m6!3m5!1s0x92a48b00b699145f:0x2108ffeeb0416dd5!8m2!3d-1.4024082!4d-48.4315161!16s%2Fg%2F11wmhn04t0?hl=pt&entry=ttu&g_ep=EgoyMDI2MDkyMi4wIKXMDSoASAFQAw%3D%3D",rodada_2_recuperado,Benguí,ChIJXxSZtgCLpJIR1W1BsO7_CCE,2026-09-25,18:15:39
ChIJXyuBh_1npJIRZhS1kj8o6XA,8136078455330903142,Açai top,Loja de açaí,"Açai top - R. Oito de Maio - Paracuri, Belém - PA, 66814-155","Açai top - R. Oito de Maio - Paracuri, Belém - PA, 66814-155",,,-1.310622,-48.468834,0.000000,0,,,"{""domingo"":[""09:00–13:00""],""quarta-feira"":[""09:00–21:00""],""quinta-feira"":[""09:00–21:00""],""segunda-feira"":[""Fechado""],""sexta-feira"":[""09:00–21:00""],""sábado"":[""09:00–21:00""],""terça-feira"":[""09:00–21:00""]}",https://www.google.com/maps/place/A%C3%A7ai+top/data=!4m7!3m6!1s0x92a467fd87812b5f:0x70e9283f92b51466!8m2!3d-1.3106216!4d-48.468834!16s%2Fg%2F11q95b4sny!19sChIJXyuBh_1npJIRZhS1kj8o6XA?authuser=0&hl=pt-BR&g_ep=EgoyMDI2MDkyMi4wIJJjKgBIAVAD&rclk=1,rodada_2_recuperado,Icoaraci,ChIJXyuBh_1npJIRZhS1kj8o6XA,2026-09-25,18:16:12
ChIJY-HECwBlpJIRjJez12XSoas,12367397386588493708,Açaí da Esquina,Loja de açaí,"Açaí da Esquina - R. Quinze de Agosto - Cruzeiro, Belém - PA, 66810-250","Açaí da Esquina - R. Quinze de Agosto - Cruzeiro, Belém - PA, 66810-250",(91) 98018-5334,,-1.296113,-48.483738,0.000000,0,,,{},https://www.google.com/maps/place/A%C3%A7a%C3%AD+da+Esquina/data=!4m7!3m6!1s0x92a465000bc4e163:0xaba1d265d7b3978c!8m2!3d-1.2961129!4d-48.4837376!16s%2Fg%2F11n3c35qp7!19sChIJY-HECwBlpJIRjJez12XSoas?authuser=0&hl=pt-BR&g_ep=EgoyMDI2MDkyMy4wIJJjKgBIAVAD&rclk=1,rodada_2_recuperado,Icoaraci,ChIJY-HECwBlpJIRjJez12XSoas,2026-09-25,18:16:57
ChIJY2DZfoBhpJIR6FqVywluyZI,10577106188205644520,Bleester's Shawarma Acai,Restaurante sírio,"Bleester's Shawarma Acai - R. Ana Júlia, 03 - Pratinha, Belém - PA, 66643-810","Bleester's Shawarma Acai - R. Ana Júlia, 03 - Pratinha, Belém - PA, 66643-810",(91) 99308-6726,,-1.363922,-48.472011,0.000000,0,,,{},"https://www.google.com/maps/place/Bleester's+Shawarma+Acai/@-1.363922,-48.472011,17z/data=!4m6!3m5!1s0x92a461807ed96063:0x92c96e09cb955ae8!8m2!3d-1.3639221!4d-48.4720109!16s%2Fg%2F11tjwbq14b?hl=pt&entry=ttu&g_ep=EgoyMDI2MDkyMi4wIKXMDSoASAFQAw%3D%3D",rodada_2_recuperado,Pratinha,ChIJY2DZfoBhpJIR6FqVywluyZI,2026-09-25,18:17:42
ChIJY4cPc1ZfpJIRN5O-QcJXYpk,11052492927358898999,Casa do Açaí Ananindeua,Centro educacional,"Casa do Açaí Ananindeua - Av. Zacarias de Assunção, 96 - Centro, Ananindeua - PA, 67030-180","Casa do Açaí Ananindeua - Av. Zacarias de Assunção, 96 - Centro, Ananindeua - PA, 67030-180",(91) 99310-4310,https://www.ananindeua.pa.gov.br/,-1.365282,-48.371935,4.800000,19,,,"{""domingo"":[""Fechado""],""quarta-feira"":[""08:00–17:00""],""quinta-feira"":[""08:00–17:00""],""segunda-feira"":[""08:00–14:00""],""sexta-feira"":[""08:00–14:00""],""sábado"":[""Fechado""],""terça-feira"":[""08:00–14:00""]}",https://www.google.com/maps/place/Casa+do+A%C3%A7a%C3%AD+Ananindeua/data=!4m7!3m6!1s0x92a45f56730f8763:0x996257c241be9337!8m2!3d-1.3652818!4d-48.3719352!16s%2Fg%2F11snmdbv2_!19sChIJY4cPc1ZfpJIRN5O-QcJXYpk?authuser=0&hl=pt-BR&g_ep=EgoyMDI2MDkyMi4wIJJjKgBIAVAD&rclk=1,rodada_2_recuperado,Coqueiro,ChIJY4cPc1ZfpJIRN5O-QcJXYpk,2026-09-25,18:18:28
ChIJY5BxIa-LpJIRf4lGB-uRRpM,10612330010570557823,Ws açaí.,Loja de alimentos congelados,"Ws açaí. - Passagem Iracema, 224 - Marambaia, Belém - PA, 66623-140","Ws açaí. - Passagem Iracema, 224 - Marambaia, Belém - PA, 66623-140",(91) 98441-6637,,-1.401409,-48.447830,0.000000,0,,,"{""domingo"":[""07:00–14:00""],""quarta-feira"":[""07:00–14:00""],""quinta-feira"":[""07:00–14:00""],""segunda-feira"":[""09:00–14:00""],""sexta-feira"":[""07:00–14:00""],""sábado"":[""07:00–14:00""],""terça-feira"":[""07:00–14:00""]}","https://www.google.com/maps/place/Ws+a%C3%A7a%C3%AD./@-1.401409,-48.44783,17z/data=!4m6!3m5!1s0x92a48baf21719063:0x934691eb0746897f!8m2!3d-1.4014095!4d-48.44783!16s%2Fg%2F11s5mmsr2m?hl=pt&entry=ttu&g_ep=EgoyMDI2MDkyMi4wIKXMDSoASAFQAw%3D%3D",rodada_2_recuperado,Coqueiro,ChIJY5BxIa-LpJIRf4lGB-uRRpM,2026-09-25,18:19:01
ChIJYRRBdbaLpJIRa5vn4Jmmzec,16703189772820519787,Amazônia na Cuia Marco,Restaurante,"Amazônia na Cuia Marco - Av. Duque de Caxias, 1444 - Marco, Belém - PA, 66093-030","Amazônia na Cuia Marco - Av. Duque de Caxias, 1444 - Marco, Belém - PA, 66093-030",(91) 98154-6336,https://www.amazonianacuia.com/,-1.425891,-48.458936,4.900000,6343,A presença de cães é permitida,R$ 40–140,"{""domingo"":[""11:00–16:00"",""18:00–23:00""],""quarta-feira"":[""11:00–16:00"",""18:00–23:00""],""quinta-feira"":[""11:00–16:00"",""18:00–23:00""],""segunda-feira"":[""Fechado""],""sexta-feira"":[""11:00–16:00"",""18:00–23:00""],""sábado"":[""11:00–16:00"",""18:00–23:00""],""terça-feira"":[""11:00–16:00"",""18:00–23:00""]}","https://www.google.com/maps/place/Amaz%C3%B4nia+na+Cuia+Marco/@-1.425891,-48.458936,17z/data=!4m6!3m5!1s0x92a48bb675411461:0xe7cda699e0e79b6b!8m2!3d-1.4258909!4d-48.4589357!16s%2Fg%2F11wmw13v5m?hl=pt&entry=ttu&g_ep=EgoyMDI2MDkyMi4wIKXMDSoASAFQAw%3D%3D",rodada_2_recuperado,Pratinha,ChIJYRRBdbaLpJIRa5vn4Jmmzec,2026-09-25,18:19:46
ChIJYZxdWFRnpJIRCz7AHms6xFY,6252186414448918027,Mercadinho e Açaí da Kátia,Mercado,"Mercadinho e Açaí da Kátia - Passagem dos Inocentes, 96 - Campina de Icoaraci, Belém - PA, 66813-260","Mercadinho e Açaí da Kátia - Passagem dos Inocentes, 96 - Campina de Icoaraci, Belém - PA, 66813-260",,,-1.291658,-48.470050,4.700000,3,,,"{""domingo"":[""08:00–22:30""],""quarta-feira"":[""08:00–22:30""],""quinta-feira"":[""08:00–22:30""],""segunda-feira"":[""08:00–22:30""],""sexta-feira"":[""08:00–22:30""],""sábado"":[""08:00–22:30""],""terça-feira"":[""08:00–22:30""]}","https://www.google.com/maps/place/Mercadinho+e+A%C3%A7a%C3%AD+da+K%C3%A1tia/@-1.291658,-48.47005,17z/data=!4m6!3m5!1s0x92a46754585d9c61:0x56c43a6b1ec03e0b!8m2!3d-1.2916578!4d-48.4700504!16s%2Fg%2F11h5vz67wh?hl=pt&entry=ttu&g_ep=EgoyMDI2MDkyMi4wIKXMDSoASAFQAw%3D%3D",rodada_2_recuperado,Icoaraci,ChIJYZxdWFRnpJIRCz7AHms6xFY,2026-09-25,18:20:31
ChIJYefA8ZeOpJIR10irPNCLs1Y,6247490834580326615,Cairu,Sorveteria,"Cairu - Av. Visc. de Souza Franco, 776 - 412 - Reduto, Belém - PA, 66053-972","Cairu - Av. Visc. de Souza Franco, 776 - 412 - Reduto, Belém - PA, 66053-972",(91) 3299-0484,,-1.445671,-48.489149,4.700000,2412,,,"{""domingo"":[""11:00–22:00""],""quarta-feira"":[""10:00–22:00""],""quinta-feira"":[""10:00–22:00""],""segunda-feira"":[""10:00–22:00""],""sexta-feira"":[""10:00–22:00""],""sábado"":[""10:00–22:00""],""terça-feira"":[""10:00–22:00""]}",https://www.google.com/maps/place/Cairu/data=!4m7!3m6!1s0x92a48e97f1c0e761:0x56b38bd03cab48d7!8m2!3d-1.4456715!4d-48.4891489!16s%2Fg%2F11cn0qn8_v!19sChIJYefA8ZeOpJIR10irPNCLs1Y?authuser=0&hl=pt-BR&g_ep=EgoyMDI2MDkyMy4wIJJjKgBIAVAD&rclk=1,rodada_2_recuperado,Pratinha,ChIJYefA8ZeOpJIR10irPNCLs1Y,2026-09-25,18:21:17
ChIJZ-mwfJthpJIRdCERZ5VWcZs,11200828947926425972,Açaí bem Paraense,Loja de comidas naturais,"Açaí bem Paraense - Passagem Sete de Setembro - Icuí-Guajará, Ananindeua - PA, 67125-316","Açaí bem Paraense - Passagem Sete de Setembro - Icuí-Guajará, Ananindeua - PA, 67125-316",(91) 98436-8625,,-1.334286,-48.401641,0.000000,0,,,"{""domingo"":[""08:30–14:00""],""quarta-feira"":[""Atendimento 24 horas""],""quinta-feira"":[""Atendimento 24 horas""],""segunda-feira"":[""Atendimento 24 horas""],""sexta-feira"":[""Atendimento 24 horas""],""sábado"":[""Atendimento 24 horas""],""terça-feira"":[""Atendimento 24 horas""]}","https://www.google.com/maps/place/A%C3%A7a%C3%AD+bem+Paraense/@-1.334286,-48.401641,17z/data=!4m6!3m5!1s0x92a4619b7cb0e967:0x9b71569567112174!8m2!3d-1.3342864!4d-48.4016415!16s%2Fg%2F11l_1ftbxn?hl=pt&entry=ttu&g_ep=EgoyMDI2MDkyMy4wIKXMDSoASAFQAw%3D%3D",rodada_2_recuperado,Parque Guajará,ChIJZ-mwfJthpJIRdCERZ5VWcZs,2026-09-25,18:22:02
ChIJZ104_tplpJIR0lqv8MRFfGo,7673084577286413010,Açaí da Graça,Restaurante,"Açaí da Graça - R. Quinze de Agosto, 205 - Cruzeiro, Belém - PA, 66810-070","Açaí da Graça - R. Quinze de Agosto, 205 - Cruzeiro, Belém - PA, 66810-070",,,-1.295390,-48.483722,4.800000,13,,,"{""domingo"":[""08:30–14:00""],""quarta-feira"":[""09:00–15:00""],""quinta-feira"":[""08:30–14:00""],""segunda-feira"":[""08:30–14:00""],""sexta-feira"":[""08:30–14:00""],""sábado"":[""09:00–15:00""],""terça-feira"":[""08:30–14:00""]}","https://www.google.com/maps/place/A%C3%A7a%C3%AD+da+Gra%C3%A7a/@-1.29539,-48.483722,17z/data=!4m6!3m5!1s0x92a465dafe385d67:0x6a7c45c4f0af5ad2!8m2!3d-1.2953898!4d-48.4837225!16s%2Fg%2F11f6y74j0w?hl=pt&entry=ttu&g_ep=EgoyMDI2MDkyMi4wIKXMDSoASAFQAw%3D%3D",rodada_2_recuperado,Coqueiro,ChIJZ104_tplpJIR0lqv8MRFfGo,2026-09-25,18:22:47
ChIJZ5cXPwCNpJIRH__wJrDEuiI,2502528803804348191,Umami Sorvete Artesanal,Sorveteria,"Umami Sorvete Artesanal - Tv. Mauriti, 2890 - Marco, Belém - PA, 66093-180","Umami Sorvete Artesanal - Tv. Mauriti, 2890 - Marco, Belém - PA, 66093-180",,https://www.instagram.com/umamisorveteartesanal?igsh=Y2F5cWR6YnI2Njlh,-1.436608,-48.459776,5.000000,7,A presença de cães é permitida,,"{""domingo"":[""14:00–20:00""],""quarta-feira"":[""13:00–19:00""],""quinta-feira"":[""13:00–19:00""],""segunda-feira"":[""Fechado""],""sexta-feira"":[""13:00–19:00""],""sábado"":[""14:00–20:00""],""terça-feira"":[""Fechado""]}","https://www.google.com/maps/place/Umami+Sorvete+Artesanal/@-1.436608,-48.459776,17z/data=!4m6!3m5!1s0x92a48d003f179767:0x22bac4b026f0ff1f!8m2!3d-1.4366081!4d-48.4597758!16s%2Fg%2F11yz8b5q3j?hl=pt&entry=ttu&g_ep=EgoyMDI2MDkyMi4wIKXMDSoASAFQAw%3D%3D",rodada_2_recuperado,Una,ChIJZ5cXPwCNpJIRH__wJrDEuiI,2026-09-25,18:23:32
ChIJZ7PTOu2LpJIR63E_3s1Kdqw,12427202469832913387,AÇAÍ Do ADIEL,Loja de açaí,"Lt nova Esperança - R. Ayrton Senna, 1284 - Coqueiro, Ananindeua - PA, 67140-825","Lt nova Esperança - R. Ayrton Senna, 1284 - Coqueiro, Ananindeua - PA, 67140-825",(91) 98747-4078,,-1.347271,-48.415576,4.000000,4,,,"{""domingo"":[""Fechado""],""quarta-feira"":[""07:00–15:00""],""quinta-feira"":[""07:00–15:00""],""segunda-feira"":[""07:00–15:00""],""sexta-feira"":[""07:00–15:00""],""sábado"":[""07:00–15:00""],""terça-feira"":[""07:00–15:00""]}","https://www.google.com/maps/place/A%C3%87A%C3%8D+Do+ADIEL/@-1.347271,-48.415576,17z/data=!4m6!3m5!1s0x92a48bed3ad3b367:0xac764acdde3f71eb!8m2!3d-1.3472713!4d-48.4155762!16s%2Fg%2F11gnsd8yv6?hl=pt&entry=ttu&g_ep=EgoyMDI2MDkyMi4wIKXMDSoASAFQAw%3D%3D",rodada_2_recuperado,Parque Guajará,ChIJZ7PTOu2LpJIR63E_3s1Kdqw,2026-09-25,18:24:18
ChIJZ9gjWr1mpJIRIgxn4X8D4N4,16059840118980545570,Açai Da Jane,Restaurante,"Açai Da Jane - Tv. W-6, 274-288 - Campina de Icoaraci, Belém - PA, 66813-580","Açai Da Jane - Tv. W-6, 274-288 - Campina de Icoaraci, Belém - PA, 66813-580",,,-1.298775,-48.468005,5.000000,2,,,{},https://www.google.com/maps/place/A%C3%A7ai+Da+Jane/data=!4m7!3m6!1s0x92a466bd5a23d867:0xdee0037fe1670c22!8m2!3d-1.2987746!4d-48.4680052!16s%2Fg%2F11j132w_y9!19sChIJZ9gjWr1mpJIRIgxn4X8D4N4?authuser=0&hl=pt-BR&g_ep=EgoyMDI2MDkyMi4wIJJjKgBIAVAD&rclk=1,rodada_2_recuperado,Icoaraci,ChIJZ9gjWr1mpJIRIgxn4X8D4N4,2026-09-25,18:24:51
ChIJZWB5YqD1pJIRfnwZgiLxSc0,14792619581588995198,I LOVE AÇAÍ PARÁ,Fabricante de alimentos congelados,"I LOVE AÇAÍ PARÁ - Alameda dos Cravos, LT Girassol 52 A - Águas Brancas, Ananindeua - PA, 67033-037","I LOVE AÇAÍ PARÁ - Alameda dos Cravos, LT Girassol 52 A - Águas Brancas, Ananindeua - PA, 67033-037",(91) 99374-1067,https://linkme.bio/iloveacaipara,-1.396559,-48.369217,0.000000,0,,,"{""domingo"":[""Fechado""],""quarta-feira"":[""08:00–18:00""],""quinta-feira"":[""08:00–18:00""],""segunda-feira"":[""08:00–18:00""],""sexta-feira"":[""08:00–18:00""],""sábado"":[""08:00–18:00""],""terça-feira"":[""08:00–18:00""]}","https://www.google.com/maps/place/I+LOVE+A%C3%87A%C3%8D+PAR%C3%81/@-1.396559,-48.369217,17z/data=!4m6!3m5!1s0x92a4f5a062796065:0xcd49f12282197c7e!8m2!3d-1.3965585!4d-48.3692169!16s%2Fg%2F11xgfqsq6k?hl=pt&entry=ttu&g_ep=EgoyMDI2MDkyMi4wIKXMDSoASAFQAw%3D%3D",rodada_2_recuperado,Coqueiro,ChIJZWB5YqD1pJIRfnwZgiLxSc0,2026-09-25,18:25:24
ChIJZblcyKeOpJIRFJ3h_g2Fpao,12296380652762275092,Açaí tropical do Pará,Loja de açaí,"Açaí tropical do Pará - Tv. 14 de Março - Umarizal, Belém - PA, 66050-430","Açaí tropical do Pará - Tv. 14 de Março - Umarizal, Belém - PA, 66050-430",(91) 98141-0953,,-1.438349,-48.480725,5.000000,3,,,"{""domingo"":[""08:00–13:00""],""quarta-feira"":[""08:00–14:00""],""quinta-feira"":[""08:00–14:00""],""segunda-feira"":[""08:00–14:00""],""sexta-feira"":[""08:00–14:00""],""sábado"":[""08:00–14:00""],""terça-feira"":[""08:00–14:00""]}",https://www.google.com/maps/place/A%C3%A7a%C3%AD+tropical+do+Par%C3%A1/data=!4m7!3m6!1s0x92a48ea7c85cb965:0xaaa5850dfee19d14!8m2!3d-1.4383488!4d-48.4807249!16s%2Fg%2F11fz9d_j9w!19sChIJZblcyKeOpJIRFJ3h_g2Fpao?authuser=0&hl=pt-BR&g_ep=EgoyMDI2MDkyMy4wIJJjKgBIAVAD&rclk=1,rodada_2_recuperado,Coqueiro,ChIJZblcyKeOpJIRFJ3h_g2Fpao,2026-09-25,18:26:09
ChIJZcxaSuJfpJIRYfoEbPppZh4,2190554793037331041,Açai do Elias,Restaurante,"Entre Zacarias de Assunção e - Rua Salvador, Tv. São Paulo III - Distrito Industrial, Ananindeua - PA, 67035-180","Entre Zacarias de Assunção e - Rua Salvador, Tv. São Paulo III - Distrito Industrial, Ananindeua - PA, 67035-180",(91) 98206-1524,,-1.346163,-48.357206,0.000000,0,,,"{""domingo"":[""08:00–15:00""],""quarta-feira"":[""08:00–22:00""],""quinta-feira"":[""08:00–22:00""],""segunda-feira"":[""08:00–22:00""],""sexta-feira"":[""08:00–22:00""],""sábado"":[""08:00–22:00""],""terça-feira"":[""08:00–22:00""]}",https://www.google.com/maps/place/A%C3%A7ai+do+Elias/data=!4m7!3m6!1s0x92a45fe24a5acc65:0x1e6669fa6c04fa61!8m2!3d-1.346163!4d-48.357206!16s%2Fg%2F11q4bzhkcv!19sChIJZcxaSuJfpJIRYfoEbPppZh4?authuser=0&hl=pt-BR&g_ep=EgoyMDI2MDkyMi4wIJJjKgBIAVAD&rclk=1,rodada_2_recuperado,Tapajós,ChIJZcxaSuJfpJIRYfoEbPppZh4,2026-09-25,18:26:42
ChIJZz6Ed0GOpJIR0yS7Ux98fZ8,11492478298109977811,Açaí da Orla,Lanchonete,"Açaí da Orla - R. Osvaldo de Caldas Brito, 52 - Jurunas, Belém - PA, 66025-190","Açaí da Orla - R. Osvaldo de Caldas Brito, 52 - Jurunas, Belém - PA, 66025-190",,,-1.471512,-48.501265,4.800000,22,,,"{""domingo"":[""09:00–22:30""],""quarta-feira"":[""09:00–22:30""],""quinta-feira"":[""09:00–22:30""],""segunda-feira"":[""09:00–22:30""],""sexta-feira"":[""09:00–22:30""],""sábado"":[""09:00–22:30""],""terça-feira"":[""09:00–22:30""]}",https://www.google.com/maps/place/A%C3%A7a%C3%AD+da+Orla/data=!4m7!3m6!1s0x92a48e4177843e67:0x9f7d7c1f53bb24d3!8m2!3d-1.4715118!4d-48.5012651!16s%2Fg%2F11c52bygc8!19sChIJZz6Ed0GOpJIR0yS7Ux98fZ8?authuser=0&hl=pt-BR&g_ep=EgoyMDI2MDkyMi4wIJJjKgBIAVAD&rclk=1,rodada_2_recuperado,Una,ChIJZz6Ed0GOpJIR0yS7Ux98fZ8,2026-09-25,18:27:16
ChIJ_1TyQF5hpJIRzHbINeYLhnU,8468469232689510092,Artes Salmo 23 Bordado computadorizado e Confecção de blusa esportiva,Serviço de bordados,"metros da, Conjunto Maguari - Rua Principal do Conjunto Maguari entre alamedas 2 e 3 47A - Rodovia Augusto Montenegro Km8 Em frente ao Açaí Pirâmide do, Rod. Augusto Montenegro, à 100 - Coqueiro, Belém - PA, 66823-072","metros da, Conjunto Maguari - Rua Principal do Conjunto Maguari entre alamedas 2 e 3 47A - Rodovia Augusto Montenegro Km8 Em frente ao Açaí Pirâmide do, Rod. Augusto Montenegro, à 100 - Coqueiro, Belém - PA, 66823-072",(91) 99986-1191,https://www.facebook.com/artessalmo23,-1.331485,-48.448527,0.000000,0,,,"{""domingo"":[""Fechado""],""quarta-feira"":[""08:30–12:00"",""14:30–18:00""],""quinta-feira"":[""08:30–12:00"",""14:30–18:00""],""segunda-feira"":[""08:30–12:00"",""14:30–18:00""],""sexta-feira"":[""08:30–12:00"",""14:30–18:00""],""sábado"":[""Fechado""],""terça-feira"":[""08:30–12:00"",""14:30–18:00""]}","https://www.google.com/maps/place/Artes+Salmo+23+Bordado+computadorizado+e+Confec%C3%A7%C3%A3o+de+blusa+esportiva/@-1.331485,-48.448527,17z/data=!4m6!3m5!1s0x92a4615e40f254ff:0x75860be635c876cc!8m2!3d-1.3314853!4d-48.4485275!16s%2Fg%2F11mzhpldhf?hl=pt&entry=ttu&g_ep=EgoyMDI2MDkyMi4wIKXMDSoASAFQAw%3D%3D",rodada_2_recuperado,Tenoné,ChIJ_1TyQF5hpJIRzHbINeYLhnU,2026-09-25,18:27:49
ChIJ_SN-USyJpJIROLAPRMNJwPU,17708234837830119480,AÇAI DO NANDO,Fabricação de alimentos,"AÇAI DO NANDO - Pss são Sebastião, Tv. São Sebastião, 11 - Casa - Barreiro, Belém - PA, 66120-340","AÇAI DO NANDO - Pss são Sebastião, Tv. São Sebastião, 11 - Casa - Barreiro, Belém - PA, 66120-340",(91) 98207-6903,,-1.410180,-48.478837,5.000000,3,,,"{""domingo"":[""09:00–22:00""],""quarta-feira"":[""09:00–22:00""],""quinta-feira"":[""09:00–22:00""],""segunda-feira"":[""09:00–22:00""],""sexta-feira"":[""09:00–22:00""],""sábado"":[""09:00–22:00""],""terça-feira"":[""09:00–22:00""]}",https://www.google.com/maps/place/A%C3%87AI+DO+NANDO/data=!4m7!3m6!1s0x92a4892c517e23fd:0xf5c049c3440fb038!8m2!3d-1.41018!4d-48.478837!16s%2Fg%2F11kmcvmx_y!19sChIJ_SN-USyJpJIROLAPRMNJwPU?authuser=0&hl=pt-BR&g_ep=EgoyMDI2MDkyMi4wIJJjKgBIAVAD&rclk=1,rodada_2_recuperado,Una,ChIJ_SN-USyJpJIROLAPRMNJwPU,2026-09-25,18:28:22
ChIJ_UG-EnRhpJIRmUTLRaoRbOY,16603665349221237913,"O Menino das Polpas - Polpa de Fruta 100% Natural | 40 horas, Ananindeua",Loja de sucos,"O Menino das Polpas - Polpa de Fruta 100% Natural | 40 horas, Ananindeua - rua jiboia branca, Av. Gov. Hélio Gueiros, 198, Ananindeua - PA, 67120-198","O Menino das Polpas - Polpa de Fruta 100% Natural | 40 horas, Ananindeua - rua jiboia branca, Av. Gov. Hélio Gueiros, 198, Ananindeua - PA, 67120-198",(91) 92002-8281,,-1.347449,-48.426894,5.000000,1,,,"{""domingo"":[""08:00–19:00""],""quarta-feira"":[""08:00–19:00""],""quinta-feira"":[""08:00–19:00""],""segunda-feira"":[""08:00–19:00""],""sexta-feira"":[""08:00–19:00""],""sábado"":[""08:00–19:00""],""terça-feira"":[""08:00–19:00""]}","https://www.google.com/maps/place/O+Menino+das+Polpas+-+Polpa+de+Fruta+100%25+Natural+%7C+40+horas,+Ananindeua/@-1.347449,-48.426894,17z/data=!4m6!3m5!1s0x92a4617412be41fd:0xe66c11aa45cb4499!8m2!3d-1.3474492!4d-48.4268939!16s%2Fg%2F11mlbh60z0?hl=pt&entry=ttu&g_ep=EgoyMDI2MDkyMy4wIKXMDSoASAFQAw%3D%3D",rodada_2_recuperado,Coqueiro,ChIJ_UG-EnRhpJIRmUTLRaoRbOY,2026-09-25,18:28:55
ChIJ_V3jcwqMpJIRw6cLxpfATqs,12344015386764355523,Açai Duque,Loja de sucos,"Açai Duque - Av. Duque de Caxias, 1135 - Marco, Belém - PA, 60093-671","Açai Duque - Av. Duque de Caxias, 1135 - Marco, Belém - PA, 60093-671",(91) 99129-2430,,-1.430013,-48.462319,4.600000,23,,,"{""domingo"":[""09:00–14:30""],""quarta-feira"":[""09:00–14:30""],""quinta-feira"":[""09:00–14:30""],""segunda-feira"":[""09:00–14:30""],""sexta-feira"":[""09:00–14:30""],""sábado"":[""09:00–14:30""],""terça-feira"":[""09:00–14:30""]}","https://www.google.com/maps/place/A%C3%A7ai+Duque/@-1.430013,-48.462319,17z/data=!4m6!3m5!1s0x92a48c0a73e35dfd:0xab4ec097c60ba7c3!8m2!3d-1.430013!4d-48.4623194!16s%2Fg%2F1pyqm15sp?hl=pt&entry=ttu&g_ep=EgoyMDI2MDkyMy4wIKXMDSoASAFQAw%3D%3D",rodada_2_recuperado,Coqueiro,ChIJ_V3jcwqMpJIRw6cLxpfATqs,2026-09-25,18:29:41
ChIJ_ZxQTgBnpJIRJXkIArlautY,15472779220434319653,Açai Kaa,Fabricante de alimentos congelados,"Açai Kaa - Estr. do Outeiro, sn - Quadra 1, Lote 1 - Distrito Industrial de Icoaraci, Belém - PA, 66815-555","Açai Kaa - Estr. do Outeiro, sn - Quadra 1, Lote 1 - Distrito Industrial de Icoaraci, Belém - PA, 66815-555",(91) 93197-0042,https://acaikaa.com.br/,-1.282849,-48.454242,4.800000,4,,,"{""domingo"":[""Fechado""],""quarta-feira"":[""07:30–17:18""],""quinta-feira"":[""07:30–17:18""],""segunda-feira"":[""07:30–17:18""],""sexta-feira"":[""07:30–17:18""],""sábado"":[""Fechado""],""terça-feira"":[""07:30–17:18""]}","https://www.google.com/maps/place/A%C3%A7ai+Kaa/@-1.282849,-48.454242,17z/data=!4m6!3m5!1s0x92a467004e509cfd:0xd6ba5ab902087925!8m2!3d-1.282849!4d-48.4542423!16s%2Fg%2F11vm1zwjll?hl=pt&entry=ttu&g_ep=EgoyMDI2MDkyMi4wIKXMDSoASAFQAw%3D%3D",rodada_2_recuperado,Coqueiro,ChIJ_ZxQTgBnpJIRJXkIArlautY,2026-09-25,18:30:14
ChIJ_eTr7tdhpJIRu5uPgq3l92g,7563766632574589883,MixturAMA Pizza's,Pizzaria,"MixturAMA Pizza's - Passagem John Engelhard, 832a - Pratinha, Belém - PA, 66816-030","MixturAMA Pizza's - Passagem John Engelhard, 832a - Pratinha, Belém - PA, 66816-030",(91) 98047-1000,,-1.361279,-48.469224,4.200000,119,,,"{""domingo"":[""05:00–01:00""],""quarta-feira"":[""18:00–00:00""],""quinta-feira"":[""18:00–00:00""],""segunda-feira"":[""18:00–00:00""],""sexta-feira"":[""18:00–00:30""],""sábado"":[""17:30–00:30""],""terça-feira"":[""18:00–00:00""]}",https://www.google.com/maps/place/MixturAMA+Pizza%27s/data=!4m7!3m6!1s0x92a461d7eeebe4fd:0x68f7e5ad828f9bbb!8m2!3d-1.3612792!4d-48.4692241!16s%2Fg%2F11j082zvq3!19sChIJ_eTr7tdhpJIRu5uPgq3l92g?authuser=0&hl=pt-BR&g_ep=EgoyMDI2MDkyMi4wIJJjKgBIAVAD&rclk=1,rodada_2_recuperado,Pratinha,ChIJ_eTr7tdhpJIRu5uPgq3l92g,2026-09-25,18:30:59
ChIJ_foSdL2PpJIR9yvgfQiAmOQ,16472056411067526135,AÇAÍZÃO EXPRESSO,Loja de alimentos congelados,"e Honório. Em frente à igreja Universal - Rua dos Mundurucus, 1109 Entre, Av. Roberto Camelier - Jurunas, Belém - PA, 66025-660","e Honório. Em frente à igreja Universal - Rua dos Mundurucus, 1109 Entre, Av. Roberto Camelier - Jurunas, Belém - PA, 66025-660",(91) 99105-1952,,-1.464961,-48.493142,3.000000,2,,,"{""domingo"":[""09:00–22:00""],""quarta-feira"":[""09:00–22:00""],""quinta-feira"":[""09:00–22:00""],""segunda-feira"":[""09:00–22:00""],""sexta-feira"":[""09:00–22:00""],""sábado"":[""09:00–22:00""],""terça-feira"":[""09:00–22:00""]}","https://www.google.com/maps/place/A%C3%87A%C3%8DZ%C3%83O+EXPRESSO/@-1.464961,-48.493142,17z/data=!4m6!3m5!1s0x92a48fbd7412fafd:0xe49880087de02bf7!8m2!3d-1.4649614!4d-48.4931417!16s%2Fg%2F11nmh_qpw5?hl=pt&entry=ttu&g_ep=EgoyMDI2MDkyMi4wIKXMDSoASAFQAw%3D%3D",rodada_2_recuperado,Coqueiro,ChIJ_foSdL2PpJIR9yvgfQiAmOQ,2026-09-25,18:31:32
ChIJ_z9XmiJkpJIRaDWl0FlMkho,1914676740222170472,Mr. Mix Milk Shake - Belém (Icoaraci),Sorveteria,"Mr. Mix Milk Shake - Belém (Icoaraci) - Tv. Cristóvão Colombo, 500 - Icoaraci, Belém - PA, 66810-000","Mr. Mix Milk Shake - Belém (Icoaraci) - Tv. Cristóvão Colombo, 500 - Icoaraci, Belém - PA, 66810-000",(91) 98489-0457,https://www.mrmixbrasil.com.br/,-1.298491,-48.485774,4.800000,226,,,"{""domingo"":[""15:00–22:00""],""quarta-feira"":[""09:30–20:30""],""quinta-feira"":[""09:30–20:30""],""segunda-feira"":[""09:30–20:30""],""sexta-feira"":[""10:00–21:00""],""sábado"":[""10:00–22:00""],""terça-feira"":[""09:30–20:30""]}",https://www.google.com/maps/place/Mr.+Mix+Milk+Shake+-+Bel%C3%A9m+%28Icoaraci%29/data=!4m7!3m6!1s0x92a464229a573fff:0x1a924c59d0a53568!8m2!3d-1.2984909!4d-48.4857739!16s%2Fg%2F11hbfkhwyz!19sChIJ_z9XmiJkpJIRaDWl0FlMkho?authuser=0&hl=pt-BR&g_ep=EgoyMDI2MDkyMi4wIJJjKgBIAVAD&rclk=1,rodada_2_recuperado,Icoaraci,ChIJ_z9XmiJkpJIRaDWl0FlMkho,2026-09-25,18:32:06
ChIJaZ58ucSNpJIRswiuWlClZqE,11630164852268206259,AÇAI ORIGINAL,Loja de açaí,"AÇAI ORIGINAL - Av. Duque de Caxias, 794 - Marco, Belém - PA, 66093-026","AÇAI ORIGINAL - Av. Duque de Caxias, 794 - Marco, Belém - PA, 66093-026",(91) 99245-9960,,-1.435245,-48.465182,4.000000,9,,,"{""domingo"":[""09:00–15:00""],""quarta-feira"":[""09:00–15:00""],""quinta-feira"":[""09:00–15:00""],""segunda-feira"":[""09:00–15:00""],""sexta-feira"":[""09:00–15:00""],""sábado"":[""09:00–15:00""],""terça-feira"":[""09:00–15:00""]}","https://www.google.com/maps/place/A%C3%87AI+ORIGINAL/@-1.435245,-48.465182,17z/data=!4m6!3m5!1s0x92a48dc4b97c9e69:0xa166a5505aae08b3!8m2!3d-1.4352451!4d-48.4651823!16s%2Fg%2F11fk14k_1h?hl=pt&entry=ttu&g_ep=EgoyMDI2MDkyMi4wIKXMDSoASAFQAw%3D%3D",rodada_2_recuperado,Coqueiro,ChIJaZ58ucSNpJIRswiuWlClZqE,2026-09-25,18:32:39
ChIJaz6WfZGOpJIRKTQ9EZ3pzNw,15910348444401480745,Seuaçaibel,Restaurante,"Seuaçaibel - R. Tiradentes, 79 - Reduto, Belém - PA, 68374-999","Seuaçaibel - R. Tiradentes, 79 - Reduto, Belém - PA, 68374-999",(91) 99337-3724,,-1.450251,-48.493645,5.000000,1,,,"{""domingo"":[""09:30–13:00""],""quarta-feira"":[""09:30–14:30""],""quinta-feira"":[""09:30–14:30""],""segunda-feira"":[""09:30–14:30""],""sexta-feira"":[""09:30–14:30""],""sábado"":[""09:30–14:30""],""terça-feira"":[""09:30–14:30""]}","https://www.google.com/maps/place/Seua%C3%A7aibel/@-1.450251,-48.493645,17z/data=!4m6!3m5!1s0x92a48e917d963e6b:0xdccce99d113d3429!8m2!3d-1.4502512!4d-48.4936455!16s%2Fg%2F11tk1zzs0k?hl=pt&entry=ttu&g_ep=EgoyMDI2MDkyMi4wIKXMDSoASAFQAw%3D%3D",rodada_2_recuperado,Una,ChIJaz6WfZGOpJIRKTQ9EZ3pzNw,2026-09-25,18:33:12
ChIJb5UZnKNnpJIRaXmFmPVUO5U,10753281949079796073,Vício do Açaí,Restaurante,"Vício do Açaí - Estr. da Maracacuera, 306 c - Box b - Campina, Belém - PA, 66811-460","Vício do Açaí - Estr. da Maracacuera, 306 c - Box b - Campina, Belém - PA, 66811-460",(91) 98623-2310,https://www.instagram.com/viciodoacai/,-1.301824,-48.466587,4.700000,7,,,"{""domingo"":[""09:00–14:00""],""quarta-feira"":[""09:00–14:00""],""quinta-feira"":[""09:00–14:00""],""segunda-feira"":[""09:00–14:00""],""sexta-feira"":[""09:00–14:00""],""sábado"":[""09:00–14:00""],""terça-feira"":[""09:00–14:00""]}","https://www.google.com/maps/place/V%C3%ADcio+do+A%C3%A7a%C3%AD/@-1.301824,-48.466587,17z/data=!4m6!3m5!1s0x92a467a39c19956f:0x953b54f598857969!8m2!3d-1.3018244!4d-48.4665871!16s%2Fg%2F11s1w4bkrp?hl=pt&entry=ttu&g_ep=EgoyMDI2MDkyMi4wIKXMDSoASAFQAw%3D%3D",rodada_2_recuperado,Icoaraci,ChIJb5UZnKNnpJIRaXmFmPVUO5U,2026-09-25,18:33:57
ChIJb90yLgCLpJIRg3JZwTEes28,8048810158087303811,PARÁIAÇÁ,Restaurante,"PARÁIAÇÁ - Av. Rodolfo Chermont, 910 - Marambaia, Belém - PA, 66620-000","PARÁIAÇÁ - Av. Rodolfo Chermont, 910 - Marambaia, Belém - PA, 66620-000",(91) 98808-1127,https://www.instagram.com/paraiaca?igsh=M3lydmFvaHFpMGc2,-1.401414,-48.453578,4.000000,89,,R$ 20–40,"{""domingo"":[""10:00–14:30""],""quarta-feira"":[""10:00–14:30"",""19:00–22:30""],""quinta-feira"":[""10:00–14:30"",""19:00–22:30""],""segunda-feira"":[""10:00–14:30""],""sexta-feira"":[""10:00–14:30"",""19:00–22:30""],""sábado"":[""10:00–14:30"",""19:00–22:30""],""terça-feira"":[""10:00–14:30""]}","https://www.google.com/maps/place/PAR%C3%81IA%C3%87%C3%81/@-1.401414,-48.453578,17z/data=!4m6!3m5!1s0x92a48b002e32dd6f:0x6fb31e31c1597283!8m2!3d-1.401414!4d-48.4535781!16s%2Fg%2F11wh484l1r?hl=pt&entry=ttu&g_ep=EgoyMDI2MDkyMi4wIKXMDSoASAFQAw%3D%3D",rodada_2_recuperado,Pratinha,ChIJb90yLgCLpJIRg3JZwTEes28,2026-09-25,18:34:30
ChIJbeosQH6JpJIRl2O-G0Rmcw8,1113345975599915927,Point Açaí,Restaurante,"Point Açaí - Av. dos Tucanos - Maracangalha, Belém - PA","Point Açaí - Av. dos Tucanos - Maracangalha, Belém - PA",,,-1.403702,-48.480125,4.000000,3,,,{},https://www.google.com/maps/place/Point+A%C3%A7a%C3%AD/data=!4m7!3m6!1s0x92a4897e402cea6d:0xf7366441bbe6397!8m2!3d-1.4037024!4d-48.4801251!16s%2Fg%2F11ljcgbd82!19sChIJbeosQH6JpJIRl2O-G0Rmcw8?authuser=0&hl=pt-BR&g_ep=EgoyMDI2MDkyMi4wIJJjKgBIAVAD&rclk=1,rodada_2_recuperado,Pratinha,ChIJbeosQH6JpJIRl2O-G0Rmcw8,2026-09-25,18:35:04
ChIJc9FtS3RhpJIRJJOQEDMlM8Y,14281799744573444900,Açaí ebenezer,Loja de alimentos congelados,"Açaí ebenezer - Estr. Icuí-Guajará, 12 - Icuí-Guajara, Ananindeua - PA, 67125-020","Açaí ebenezer - Estr. Icuí-Guajará, 12 - Icuí-Guajara, Ananindeua - PA, 67125-020",(91) 98461-5108,,-1.345588,-48.405600,5.000000,1,,,"{""domingo"":[""08:00–23:00""],""quarta-feira"":[""08:00–23:00""],""quinta-feira"":[""08:00–23:00""],""segunda-feira"":[""08:00–23:00""],""sexta-feira"":[""08:00–23:00""],""sábado"":[""08:00–23:00""],""terça-feira"":[""08:00–23:00""]}",https://www.google.com/maps/place/A%C3%A7a%C3%AD+ebenezer/data=!4m7!3m6!1s0x92a461744b6dd173:0xc633253310909324!8m2!3d-1.3455885!4d-48.4055997!16s%2Fg%2F11t022z_4p!19sChIJc9FtS3RhpJIRJJOQEDMlM8Y?authuser=0&hl=pt-BR&g_ep=EgoyMDI2MDkyMi4wIJJjKgBIAVAD&rclk=1,rodada_2_recuperado,Coqueiro,ChIJc9FtS3RhpJIRJJOQEDMlM8Y,2026-09-25,18:35:49
ChIJcSWUer2LpJIRRSfXgDe-SJY,10829114449606420293,Açai Natural,,"Açai Natural - Souza, Belém - PA, 66613-070","Açai Natural - Souza, Belém - PA, 66613-070",,,-1.414552,-48.450711,5.000000,1,,,{},https://www.google.com/maps/place/A%C3%A7ai+Natural/data=!4m7!3m6!1s0x92a48bbd7a942571:0x9648be3780d72745!8m2!3d-1.4145521!4d-48.4507107!16s%2Fg%2F11w96235bm!19sChIJcSWUer2LpJIRRSfXgDe-SJY?authuser=0&hl=pt-BR&g_ep=EgoyMDI2MDkyMi4wIJJjKgBIAVAD&rclk=1,rodada_2_recuperado,Parque Verde,ChIJcSWUer2LpJIRRSfXgDe-SJY,2026-09-25,18:36:46
ChIJcUQ4006KpJIRBuBooeokMaw,12407739038531379206,Açaí do Zeca 1,Loja de sucos,"Açaí do Zeca 1 - Av. Rodolfo Chermont, 1596 - Marambaia, Belém - PA, 66620-430","Açaí do Zeca 1 - Av. Rodolfo Chermont, 1596 - Marambaia, Belém - PA, 66620-430",,,-1.395218,-48.453697,4.300000,36,,,"{""domingo"":[""09:00–14:00""],""quarta-feira"":[""09:00–14:00""],""quinta-feira"":[""09:00–14:00""],""segunda-feira"":[""09:00–14:00""],""sexta-feira"":[""09:00–14:00""],""sábado"":[""09:00–14:00""],""terça-feira"":[""09:00–14:00""]}","https://www.google.com/maps/place/A%C3%A7a%C3%AD+do+Zeca+1/@-1.395218,-48.453697,17z/data=!4m6!3m5!1s0x92a48a4ed3384471:0xac3124eaa168e006!8m2!3d-1.3952176!4d-48.4536968!16s%2Fg%2F1q2vwwmry?hl=pt&entry=ttu&g_ep=EgoyMDI2MDkyMi4wIKXMDSoASAFQAw%3D%3D",rodada_2_recuperado,Parque Verde,ChIJcUQ4006KpJIRBuBooeokMaw,2026-09-25,18:37:32
ChIJcUbp08FhpJIRygZN5keShcg,14449115816992245450,Açai Cacique Mania,Loja de açaí,"Açai Cacique Mania - R. dos Cabanos, 125-75 - Marituba, Ananindeua - PA, 67140-680","Açai Cacique Mania - R. dos Cabanos, 125-75 - Marituba, Ananindeua - PA, 67140-680",(91) 98194-2344,,-1.349795,-48.412856,4.000000,6,,,"{""domingo"":[""09:00–17:00""],""quarta-feira"":[""09:00–17:00""],""quinta-feira"":[""09:00–17:00""],""segunda-feira"":[""Fechado""],""sexta-feira"":[""09:00–17:00""],""sábado"":[""09:00–17:00""],""terça-feira"":[""09:00–17:00""]}","https://www.google.com/maps/place/A%C3%A7ai+Cacique+Mania/@-1.349795,-48.412856,17z/data=!4m6!3m5!1s0x92a461c1d3e94671:0xc8859247e64d06ca!8m2!3d-1.3497949!4d-48.4128556!16s%2Fg%2F11h_v72sn8?hl=pt&entry=ttu&g_ep=EgoyMDI2MDkyMi4wIKXMDSoASAFQAw%3D%3D",rodada_2_recuperado,Coqueiro,ChIJcUbp08FhpJIRygZN5keShcg,2026-09-25,18:38:17
ChIJcUxevcFhpJIRLW5_GxctBe0,17079106739141307949,Açaí Marajó,Restaurante,"Açaí Marajó - Passagem dos Comerciários, 99 - Una, Belém - PA, 66650-550","Açaí Marajó - Passagem dos Comerciários, 99 - Una, Belém - PA, 66650-550",(91) 99106-0096,,-1.367614,-48.428404,5.000000,8,,,"{""domingo"":[""08:00–14:00""],""quarta-feira"":[""08:00–21:00""],""quinta-feira"":[""08:00–21:00""],""segunda-feira"":[""08:00–21:00""],""sexta-feira"":[""08:00–21:00""],""sábado"":[""08:00–21:00""],""terça-feira"":[""08:00–21:00""]}",https://www.google.com/maps/place/A%C3%A7a%C3%AD+Maraj%C3%B3/data=!4m7!3m6!1s0x92a461c1bd5e4c71:0xed052d171b7f6e2d!8m2!3d-1.3676142!4d-48.4284043!16s%2Fg%2F11lh66yq8k!19sChIJcUxevcFhpJIRLW5_GxctBe0?authuser=0&hl=pt-BR&g_ep=EgoyMDI2MDkyMi4wIJJjKgBIAVAD&rclk=1,rodada_2_recuperado,Cabanagem,ChIJcUxevcFhpJIRLW5_GxctBe0,2026-09-25,18:39:02
ChIJcW1MH7FhpJIRgm5uH2C8pF0,6747725262738058882,Açaí do Leandro,Empresa processadora de alimentos,"Açaí do Leandro - Cj xingu, 64 - casa b - Coqueiro, Belém - PA, 66650-484","Açaí do Leandro - Cj xingu, 64 - casa b - Coqueiro, Belém - PA, 66650-484",(91) 98582-9031,,-1.355765,-48.436800,0.000000,0,,,"{""domingo"":[""08:00–22:30""],""quarta-feira"":[""08:00–22:30""],""quinta-feira"":[""08:00–22:30""],""segunda-feira"":[""08:00–22:30""],""sexta-feira"":[""08:00–22:30""],""sábado"":[""08:00–22:30""],""terça-feira"":[""08:00–22:30""]}",https://www.google.com/maps/place/A%C3%A7a%C3%AD+do+Leandro/data=!4m7!3m6!1s0x92a461b11f4c6d71:0x5da4bc601f6e6e82!8m2!3d-1.3557655!4d-48.4368002!16s%2Fg%2F11vz8y3bbj!19sChIJcW1MH7FhpJIRgm5uH2C8pF0?authuser=0&hl=pt-BR&g_ep=EgoyMDI2MDkyMi4wIJJjKgBIAVAD&rclk=1,rodada_2_recuperado,Benguí,ChIJcW1MH7FhpJIRgm5uH2C8pF0,2026-09-25,18:39:35
ChIJc_SomGyKpJIRRY3N2CCIrXM,8335468159990336837,Sorveteria e Lanchonete Sr. Mix,Sorveteria,"Sorveteria e Lanchonete Sr. Mix - Av. Cel. Brito, 168-356 - Mangueirão, Belém - PA, 66640-230","Sorveteria e Lanchonete Sr. Mix - Av. Cel. Brito, 168-356 - Mangueirão, Belém - PA, 66640-230",,,-1.381970,-48.457487,4.600000,8,,,{},"https://www.google.com/maps/place/Sorveteria+e+Lanchonete+Sr.+Mix/@-1.38197,-48.457487,17z/data=!4m6!3m5!1s0x92a48a6c98a8f473:0x73ad8820d8cd8d45!8m2!3d-1.3819698!4d-48.4574866!16s%2Fg%2F11gfh17yt8?hl=pt&entry=ttu&g_ep=EgoyMDI2MDkyMi4wIKXMDSoASAFQAw%3D%3D",rodada_2_recuperado,Pratinha,ChIJc_SomGyKpJIRRY3N2CCIrXM,2026-09-25,18:40:08
ChIJd1L2upf1pJIRPFsndxSgWVM,6006007587834125116,Açaí da Leticia,Restaurante familiar,"Açaí da Leticia - R. da Feirinha Renovo - Entroncamento, Belém - PA","Açaí da Leticia - R. da Feirinha Renovo - Entroncamento, Belém - PA",,,-1.409178,-48.389421,5.000000,12,,,"{""domingo"":[""10:00–15:00""],""quarta-feira"":[""10:00–22:00""],""quinta-feira"":[""10:00–22:00""],""segunda-feira"":[""10:00–22:00""],""sexta-feira"":[""10:00–22:00""],""sábado"":[""10:00–22:00""],""terça-feira"":[""10:00–19:00""]}","https://www.google.com/maps/place/A%C3%A7a%C3%AD+da+Leticia/@-1.409178,-48.389421,17z/data=!4m6!3m5!1s0x92a4f597baf65277:0x5359a01477275b3c!8m2!3d-1.4091777!4d-48.3894215!16s%2Fg%2F11rkhch0yp?hl=pt&entry=ttu&g_ep=EgoyMDI2MDkyMi4wIKXMDSoASAFQAw%3D%3D",rodada_2_recuperado,Parque Verde,ChIJd1L2upf1pJIRPFsndxSgWVM,2026-09-25,18:40:42
ChIJd2VW6TxkpJIRXQhB5T-Ukf8,18415663353444763741,Feira de Artesanato do Paracuri,Feira de artesanato,"Praça São Sebastião - R. Siqueira Mendes, s/N - Orla de Icoaraci, Belém - PA, 66810-050","Praça São Sebastião - R. Siqueira Mendes, s/N - Orla de Icoaraci, Belém - PA, 66810-050",(91) 3297-6570,https://tudoemfrutas.com/,-1.296327,-48.489981,4.600000,680,,,"{""domingo"":[""11:00–19:00""],""quarta-feira"":[""11:00–19:00""],""quinta-feira"":[""Atendimento 24 horas""],""segunda-feira"":[""11:00–19:00""],""sexta-feira"":[""11:00–19:00""],""sábado"":[""11:00–19:00""],""terça-feira"":[""11:00–19:00""]}",https://www.google.com/maps/place/Feira+de+Artesanato+do+Paracuri/data=!4m7!3m6!1s0x92a4643ce9566577:0xff91943fe541085d!8m2!3d-1.2963269!4d-48.4899806!16s%2Fg%2F1tdmfz7r!19sChIJd2VW6TxkpJIRXQhB5T-Ukf8?authuser=0&hl=pt-BR&g_ep=EgoyMDI2MDkyMi4wIJJjKgBIAVAD&rclk=1,rodada_2_recuperado,Icoaraci,ChIJd2VW6TxkpJIRXQhB5T-Ukf8,2026-09-25,18:41:15
ChIJd2WzTGSLpJIRHgRzClXU-mY,7420476797758931998,SORVETINHO BELÉM,Sorveteria,"SORVETINHO BELÉM - R. da Mata, 0 - Marambaia, Belém - PA, 66615-420","SORVETINHO BELÉM - R. da Mata, 0 - Marambaia, Belém - PA, 66615-420",(91) 98426-1177,,-1.401542,-48.460184,4.700000,95,A presença de cães é permitida,,"{""domingo"":[""17:30–23:00""],""quarta-feira"":[""17:30–22:30""],""quinta-feira"":[""17:30–22:30""],""segunda-feira"":[""17:30–22:30""],""sexta-feira"":[""17:00–23:00""],""sábado"":[""17:00–23:00""],""terça-feira"":[""17:30–22:30""]}","https://www.google.com/maps/place/SORVETINHO+BEL%C3%89M/@-1.401542,-48.460184,17z/data=!4m6!3m5!1s0x92a48b644cb36577:0x66fad4550a73041e!8m2!3d-1.4015425!4d-48.4601843!16s%2Fg%2F11gmg3bvl2?hl=pt&entry=ttu&g_ep=EgoyMDI2MDkyMi4wIKXMDSoASAFQAw%3D%3D",rodada_2_recuperado,Pratinha,ChIJd2WzTGSLpJIRHgRzClXU-mY,2026-09-25,18:41:48
ChIJdQdE6rSLpJIRfn2t549vsGU,7327479257589710206,AÇAI DUELVIS,Restaurante,"AÇAI DUELVIS - Marambaia, Belém - PA, 66615-420","AÇAI DUELVIS - Marambaia, Belém - PA, 66615-420",(91) 98098-7858,https://www.instagram.com/acaiduelvis/,-1.401427,-48.455204,4.200000,6,,,"{""domingo"":[""09:00–14:30""],""quarta-feira"":[""09:00–14:30""],""quinta-feira"":[""09:00–14:30""],""segunda-feira"":[""09:00–14:30""],""sexta-feira"":[""09:00–14:30""],""sábado"":[""09:00–14:30""],""terça-feira"":[""Fechado""]}",https://www.google.com/maps/place/A%C3%87AI+DUELVIS/data=!4m7!3m6!1s0x92a48bb4ea440775:0x65b06f8fe7ad7d7e!8m2!3d-1.4014267!4d-48.4552041!16s%2Fg%2F11kpknx0nl!19sChIJdQdE6rSLpJIRfn2t549vsGU?authuser=0&hl=pt-BR&g_ep=EgoyMDI2MDkyMi4wIJJjKgBIAVAD&rclk=1,rodada_2_recuperado,Pratinha,ChIJdQdE6rSLpJIRfn2t549vsGU,2026-09-25,18:42:33
ChIJdRzeHNlgpJIRURw5g0ST1m4,7986732911656770641,Ahmed Açaí,Lanchonete,"Ahmed Açaí - Passagem Sexta Linha - Tenoné, Belém - PA, 66820-170","Ahmed Açaí - Passagem Sexta Linha - Tenoné, Belém - PA, 66820-170",,,-1.322085,-48.436088,5.000000,1,,,{},"https://www.google.com/maps/place/Ahmed+A%C3%A7a%C3%AD/@-1.322085,-48.436088,17z/data=!4m6!3m5!1s0x92a460d91cde1c75:0x6ed6934483391c51!8m2!3d-1.3220848!4d-48.4360884!16s%2Fg%2F11fr3xjnx8?hl=pt&entry=ttu&g_ep=EgoyMDI2MDkyMi4wIKXMDSoASAFQAw%3D%3D",rodada_2_recuperado,Parque Guajará,ChIJdRzeHNlgpJIRURw5g0ST1m4,2026-09-25,18:43:07
ChIJddfCKw6LpJIRaPYwOuLAUcc,14362472764532651624,Artesanal Burguer,Hamburgueria,"Artesanal Burguer - Av. Maj. Aviador Seda, n°112 - Mangueirão, Belém - PA, 66640-210","Artesanal Burguer - Av. Maj. Aviador Seda, n°112 - Mangueirão, Belém - PA, 66640-210",(91) 98822-5157,,-1.382378,-48.455294,4.700000,7,,,"{""domingo"":[""19:00–00:00""],""quarta-feira"":[""Fechado""],""quinta-feira"":[""19:00–00:00""],""segunda-feira"":[""19:00–00:00""],""sexta-feira"":[""19:00–00:00""],""sábado"":[""19:00–00:00""],""terça-feira"":[""19:00–00:00""]}",https://www.google.com/maps/place/Artesanal+Burguer/data=!4m7!3m6!1s0x92a48b0e2bc2d775:0xc751c0e23a30f668!8m2!3d-1.3823784!4d-48.4552939!16s%2Fg%2F11j37mh6bb!19sChIJddfCKw6LpJIRaPYwOuLAUcc?authuser=0&hl=pt-BR&g_ep=EgoyMDI2MDkyMi4wIJJjKgBIAVAD&rclk=1,rodada_2_recuperado,Parque Verde,ChIJddfCKw6LpJIRaPYwOuLAUcc,2026-09-25,18:43:52
ChIJdfNAmRxfpJIRnAFHYIAa1Hk,8778670712325341596,Açaí Papa Xibé,Restaurante,"Conjunto Uirapuru - Q. Trinta e nove, 31 - Icuí-Guajará, Ananindeua - PA, 67125-654","Conjunto Uirapuru - Q. Trinta e nove, 31 - Icuí-Guajará, Ananindeua - PA, 67125-654",(91) 98057-6630,,-1.326925,-48.397782,5.000000,5,,,"{""domingo"":[""08:00–22:00""],""quarta-feira"":[""08:00–22:00""],""quinta-feira"":[""08:00–22:00""],""segunda-feira"":[""08:00–22:00""],""sexta-feira"":[""08:00–22:00""],""sábado"":[""08:00–22:00""],""terça-feira"":[""08:00–22:00""]}",https://www.google.com/maps/place/A%C3%A7a%C3%AD+Papa+Xib%C3%A9/data=!4m7!3m6!1s0x92a45f1c9940f375:0x79d41a806047019c!8m2!3d-1.3269254!4d-48.3977821!16s%2Fg%2F11ft1rt9pw!19sChIJdfNAmRxfpJIRnAFHYIAa1Hk?authuser=0&hl=pt-BR&g_ep=EgoyMDI2MDkyMi4wIJJjKgBIAVAD&rclk=1,rodada_2_recuperado,Parque Guajará,ChIJdfNAmRxfpJIRnAFHYIAa1Hk,2026-09-25,18:44:49
ChIJdzPsoPOOpJIRpbNHPUMnYJQ,10691588685121958821,Restaurante Sinhá - Buffet livre (Comida por quilo),Restaurante self-service,"Restaurante Sinhá - Buffet livre (Comida por quilo) - R. Sen. Manoel Barata, 270 - Campina, Belém - PA, 66015-020","Restaurante Sinhá - Buffet livre (Comida por quilo) - R. Sen. Manoel Barata, 270 - Campina, Belém - PA, 66015-020",(91) 3241-7633,,-1.453791,-48.500245,4.500000,1089,,,"{""domingo"":[""Fechado""],""quarta-feira"":[""11:00–16:00""],""quinta-feira"":[""11:00–16:00""],""segunda-feira"":[""11:00–16:00""],""sexta-feira"":[""11:00–16:00""],""sábado"":[""11:00–16:00""],""terça-feira"":[""11:00–16:00""]}","https://www.google.com/maps/place/Restaurante+Sinh%C3%A1+-+Buffet+livre+(Comida+por+quilo)/@-1.453791,-48.500245,17z/data=!4m6!3m5!1s0x92a48ef3a0ec3377:0x946027433d47b3a5!8m2!3d-1.4537914!4d-48.5002452!16s%2Fg%2F1tgljc_6?hl=pt&entry=ttu&g_ep=EgoyMDI2MDkyMi4wIKXMDSoASAFQAw%3D%3D",rodada_2_recuperado,Parque Verde,ChIJdzPsoPOOpJIRpbNHPUMnYJQ,2026-09-25,18:45:22
ChIJe92VAseNpJIR7v4LHED5WGY,7374918443562958574,GINGA AÇAÍ,Loja de açaí,"GINGA AÇAÍ - Tv. Quatorze de Abril, N° 1473 - São Brás, Belém - PA, 66063-005","GINGA AÇAÍ - Tv. Quatorze de Abril, N° 1473 - São Brás, Belém - PA, 66063-005",(91) 98438-4495,,-1.452967,-48.472655,0.000000,0,,,"{""domingo"":[""Fechado""],""quarta-feira"":[""11:00–19:00""],""quinta-feira"":[""11:00–19:00""],""segunda-feira"":[""11:00–19:00""],""sexta-feira"":[""11:00–19:00""],""sábado"":[""Fechado""],""terça-feira"":[""11:00–19:00""]}","https://www.google.com/maps/place/GINGA+A%C3%87A%C3%8D/@-1.452967,-48.472655,17z/data=!4m6!3m5!1s0x92a48dc70295dd7b:0x6658f9401c0bfeee!8m2!3d-1.4529674!4d-48.4726546!16s%2Fg%2F11y75zstvg?hl=pt&entry=ttu&g_ep=EgoyMDI2MDkyMi4wIKXMDSoASAFQAw%3D%3D",rodada_2_recuperado,Cabanagem,ChIJe92VAseNpJIR7v4LHED5WGY,2026-09-25,18:46:08
ChIJeUB_MLZfpJIR3Lsvtb-gH2k,7574949843499465692,Açai Pasa Industria,Fabricante de alimentos congelados,"Açai Pasa Industria - Av. Cláudio Sanders, 770 - Centro, Ananindeua - PA, 67030-325","Açai Pasa Industria - Av. Cláudio Sanders, 770 - Centro, Ananindeua - PA, 67030-325",(91) 98032-4222,https://studiotatuagem.my.canva.site/acaipassa,-1.360062,-48.374960,0.000000,0,,,"{""domingo"":[""Fechado""],""quarta-feira"":[""06:00–22:00""],""quinta-feira"":[""06:00–22:00""],""segunda-feira"":[""06:00–22:00""],""sexta-feira"":[""06:00–22:00""],""sábado"":[""06:00–14:00""],""terça-feira"":[""06:00–22:00""]}","https://www.google.com/maps/place/A%C3%A7ai+Pasa+Industria/@-1.360062,-48.37496,17z/data=!4m6!3m5!1s0x92a45fb6307f4079:0x691fa0bfb52fbbdc!8m2!3d-1.3600618!4d-48.3749597!16s%2Fg%2F11sk1ps9jd?hl=pt&entry=ttu&g_ep=EgoyMDI2MDkyMi4wIKXMDSoASAFQAw%3D%3D",rodada_2_recuperado,Coqueiro,ChIJeUB_MLZfpJIR3Lsvtb-gH2k,2026-09-25,18:46:53
ChIJeVPBUNZhpJIRf1iXIY95VK8,12633856510331934847,Açai do Raelcio,Supermercado,"Açai do Raelcio - R. Alm. Tamandaré, 9 - Tapanã, Belém - PA, 66025-620","Açai do Raelcio - R. Alm. Tamandaré, 9 - Tapanã, Belém - PA, 66025-620",(91) 98386-0328,,-1.347992,-48.468529,4.800000,8,,,"{""domingo"":[""09:00–19:00""],""quarta-feira"":[""09:00–20:30""],""quinta-feira"":[""09:00–20:30""],""segunda-feira"":[""09:00–19:00""],""sexta-feira"":[""09:00–20:30""],""sábado"":[""09:00–20:30""],""terça-feira"":[""09:00–20:30""]}","https://www.google.com/maps/place/A%C3%A7ai+do+Raelcio/@-1.347992,-48.468529,17z/data=!4m6!3m5!1s0x92a461d650c15379:0xaf54798f2197587f!8m2!3d-1.3479921!4d-48.4685288!16s%2Fg%2F11fhlrts57?hl=pt&entry=ttu&g_ep=EgoyMDI2MDkyMi4wIKXMDSoASAFQAw%3D%3D",rodada_2_recuperado,Coqueiro,ChIJeVPBUNZhpJIRf1iXIY95VK8,2026-09-25,18:47:38
ChIJecG4j3-JpJIRGvfCncApB8s,14629707821793605402,Açaí Do Irmão Manoel,Loja de alimentos congelados,"Açaí Do Irmão Manoel - Rua Rio Amazonas, Q4C4 - Maracangalha, Belém - PA, 66110-340","Açaí Do Irmão Manoel - Rua Rio Amazonas, Q4C4 - Maracangalha, Belém - PA, 66110-340",(91) 98732-8499,,-1.401420,-48.480637,3.700000,9,,,"{""domingo"":[""09:30–22:00""],""quarta-feira"":[""09:30–22:00""],""quinta-feira"":[""09:30–22:00""],""segunda-feira"":[""09:30–22:00""],""sexta-feira"":[""09:30–22:00""],""sábado"":[""09:30–22:00""],""terça-feira"":[""09:30–22:00""]}","https://www.google.com/maps/place/A%C3%A7a%C3%AD+Do+Irm%C3%A3o+Manoel/@-1.40142,-48.480637,17z/data=!4m6!3m5!1s0x92a4897f8fb8c179:0xcb0729c09dc2f71a!8m2!3d-1.4014195!4d-48.4806371!16s%2Fg%2F11f3tr2xwj?hl=pt&entry=ttu&g_ep=EgoyMDI2MDkyMi4wIKXMDSoASAFQAw%3D%3D",rodada_2_recuperado,Coqueiro,ChIJecG4j3-JpJIRGvfCncApB8s,2026-09-25,18:48:24
ChIJeeFxtryLpJIRM-FQe-ucdBs,1978378671522636083,Assaí Atacadista,Atacadista,"Assaí Atacadista - Av. Alm. Barroso, 5386 - Castanheira, Belém - PA, 66645-250","Assaí Atacadista - Av. Alm. Barroso, 5386 - Castanheira, Belém - PA, 66645-250",(91) 3214-9600,https://www.assai.com.br/,-1.409400,-48.437507,4.500000,928,,,"{""domingo"":[""07:00–18:00""],""quarta-feira"":[""07:00–22:00""],""quinta-feira"":[""07:00–22:00""],""segunda-feira"":[""07:00–22:00""],""sexta-feira"":[""07:00–22:00""],""sábado"":[""07:00–22:00""],""terça-feira"":[""07:00–22:00""]}",https://www.google.com/maps/place/Assa%C3%AD+Atacadista/data=!4m7!3m6!1s0x92a48bbcb671e179:0x1b749ceb7b50e133!8m2!3d-1.4093998!4d-48.437507!16s%2Fg%2F11ptvwjzzs!19sChIJeeFxtryLpJIRM-FQe-ucdBs?authuser=0&hl=pt-BR&g_ep=EgoyMDI2MDkyMy4wIJJjKgBIAVAD&rclk=1,rodada_2_recuperado,Cabanagem,ChIJeeFxtryLpJIRM-FQe-ucdBs,2026-09-25,18:49:09
ChIJex0RXOSLpJIRfRUNGvbIPg8,1098536318449554813,CASA DO ACAI,,"CASA DO ACAI - Tv. Dr. Enéas Pinheiro, 35 - Pedreira, Belém - PA, 66083-156","CASA DO ACAI - Tv. Dr. Enéas Pinheiro, 35 - Pedreira, Belém - PA, 66083-156",,,-1.420657,-48.472218,0.000000,0,,,{},https://www.google.com/maps/place/CASA+DO+ACAI/data=!4m7!3m6!1s0x92a48be45c111d7b:0xf3ec8f61a0d157d!8m2!3d-1.4206571!4d-48.4722183!16s%2Fg%2F11nhz08lqt!19sChIJex0RXOSLpJIRfRUNGvbIPg8?authuser=0&hl=pt-BR&g_ep=EgoyMDI2MDkyMi4wIJJjKgBIAVAD&rclk=1,rodada_2_recuperado,Benguí,ChIJex0RXOSLpJIRfRUNGvbIPg8,2026-09-25,18:50:06
ChIJey840HaPpJIRPMAeqsglK_I,17450082724954947644,Terrace Açai Gourmet,Restaurante,"Terrace Açai Gourmet - Blvd. Castilhos França - Campina, Belém - PA, 66010-070","Terrace Açai Gourmet - Blvd. Castilhos França - Campina, Belém - PA, 66010-070",(91) 98141-0280,,-1.448649,-48.500101,3.900000,82,,,"{""domingo"":[""11:00–22:00""],""quarta-feira"":[""11:00–22:00""],""quinta-feira"":[""11:00–22:00""],""segunda-feira"":[""11:00–22:00""],""sexta-feira"":[""11:00–22:00""],""sábado"":[""11:00–22:00""],""terça-feira"":[""11:00–22:00""]}","https://www.google.com/maps/place/Terrace+A%C3%A7ai+Gourmet/@-1.448649,-48.500101,17z/data=!4m6!3m5!1s0x92a48f76d0382f7b:0xf22b25c8aa1ec03c!8m2!3d-1.4486495!4d-48.500101!16s%2Fg%2F11nxqtnf9t?hl=pt&entry=ttu&g_ep=EgoyMDI2MDkyMi4wIKXMDSoASAFQAw%3D%3D",rodada_2_recuperado,Pratinha,ChIJey840HaPpJIRPMAeqsglK_I,2026-09-25,18:52:05
ChIJfU-jMHhfpJIRZa8YsuO0x2o,7694317378424319845,"Açaí du Prime - Açaí, mercearia e conveniência delivery",Loja de açaí,"Açaí du Prime - Açaí, mercearia e conveniência delivery - Tv. We Setenta e Seis, 632 - Cidade Nova, Ananindeua - PA, 67140-648","Açaí du Prime - Açaí, mercearia e conveniência delivery - Tv. We Setenta e Seis, 632 - Cidade Nova, Ananindeua - PA, 67140-648",,,-1.348991,-48.399336,5.000000,3,,,{},"https://www.google.com/maps/place/A%C3%A7a%C3%AD+du+Prime+-+A%C3%A7a%C3%AD,+mercearia+e+conveni%C3%AAncia+delivery/@-1.348991,-48.399336,17z/data=!4m6!3m5!1s0x92a45f7830a34f7d:0x6ac7b4e3b218af65!8m2!3d-1.348991!4d-48.399336!16s%2Fg%2F11rfbdyfs8?hl=pt&entry=ttu&g_ep=EgoyMDI2MDkyMi4wIKXMDSoASAFQAw%3D%3D",rodada_2_recuperado,Parque Verde,ChIJfU-jMHhfpJIRZa8YsuO0x2o,2026-09-25,18:52:51
ChIJfWUD70FnpJIREk4FOkRmi5k,11064049352782990866,Açãi do negao,Fornecedor de produtos alimentícios,"Açãi do negao - Passagem Brasília, 512 - Maracacuera, Belém - PA, 66815-190","Açãi do negao - Passagem Brasília, 512 - Maracacuera, Belém - PA, 66815-190",(91) 99189-1289,,-1.298337,-48.462452,5.000000,1,,,"{""domingo"":[""09:00–15:00""],""quarta-feira"":[""09:00–15:00""],""quinta-feira"":[""09:00–15:00""],""segunda-feira"":[""09:00–15:00""],""sexta-feira"":[""09:00–15:00""],""sábado"":[""09:00–15:00""],""terça-feira"":[""09:00–15:00""]}","https://www.google.com/maps/place/A%C3%A7%C3%A3i+do+negao/@-1.298337,-48.462452,17z/data=!4m6!3m5!1s0x92a46741ef03657d:0x998b66443a054e12!8m2!3d-1.2983373!4d-48.4624524!16s%2Fg%2F11rfj0s0mw?hl=pt&entry=ttu&g_ep=EgoyMDI2MDkyMi4wIKXMDSoASAFQAw%3D%3D",rodada_2_recuperado,Icoaraci,ChIJfWUD70FnpJIREk4FOkRmi5k,2026-09-25,18:53:36
ChIJfeNXHF9hpJIRUBSuJh2byg0,993777217293915216,Açaí da Geise,Desenvolvimento de moradias,"Açaí da Geise - R. Padre Jósimo, 100 - Icuí-Guajará, Ananindeua - PA, 67125-118","Açaí da Geise - R. Padre Jósimo, 100 - Icuí-Guajará, Ananindeua - PA, 67125-118",,,-1.343207,-48.406875,5.000000,2,,,{},"https://www.google.com/maps/place/A%C3%A7a%C3%AD+da+Geise/@-1.343207,-48.406875,17z/data=!4m6!3m5!1s0x92a4615f1c57e37d:0xdca9b1d26ae1450!8m2!3d-1.3432073!4d-48.4068754!16s%2Fg%2F11s_zpdqwg?hl=pt&entry=ttu&g_ep=EgoyMDI2MDkyMi4wIKXMDSoASAFQAw%3D%3D",rodada_2_recuperado,Parque Guajará,ChIJfeNXHF9hpJIRUBSuJh2byg0,2026-09-25,18:54:21
ChIJfws9DJSOpJIRrd4Som1XTfI,17459707458767478445,C.A.M.T.A - Cooperativa Agrícola Mista de Tomé-Açu,Cooperativa,"C.A.M.T.A - Cooperativa Agrícola Mista de Tomé-Açu - R. Sen. Manoel Barata, 1335 - Reduto, Belém - PA, 66053-320","C.A.M.T.A - Cooperativa Agrícola Mista de Tomé-Açu - R. Sen. Manoel Barata, 1335 - Reduto, Belém - PA, 66053-320",(91) 3223-2895,https://www.camta.com.br/,-1.447579,-48.493785,4.600000,67,,,"{""domingo"":[""Fechado""],""quarta-feira"":[""08:00–17:00""],""quinta-feira"":[""08:00–17:00""],""segunda-feira"":[""08:00–17:00""],""sexta-feira"":[""08:00–17:00""],""sábado"":[""08:00–12:00""],""terça-feira"":[""08:00–17:00""]}",https://www.google.com/maps/place/C.A.M.T.A+-+Cooperativa+Agr%C3%ADcola+Mista+de+Tom%C3%A9-A%C3%A7u/data=!4m7!3m6!1s0x92a48e940c3d0b7f:0xf24d576da212dead!8m2!3d-1.4475792!4d-48.4937854!16s%2Fg%2F1thfgj45!19sChIJfws9DJSOpJIRrd4Som1XTfI?authuser=0&hl=pt-BR&g_ep=EgoyMDI2MDkyMi4wIJJjKgBIAVAD&rclk=1,rodada_2_recuperado,Pratinha,ChIJfws9DJSOpJIRrd4Som1XTfI,2026-09-25,18:55:07
ChIJgTqjW66NpJIRDQpqgeZgU60,12489432734758472205,AÇAÍ SUPREMO,Restaurante,"AÇAÍ SUPREMO - Av. Perimetral - Marco, Belém - PA, 66077-830","AÇAÍ SUPREMO - Av. Perimetral - Marco, Belém - PA, 66077-830",,,-1.463636,-48.446698,0.000000,0,,,{},https://www.google.com/maps/place/A%C3%87A%C3%8D+SUPREMO/data=!4m7!3m6!1s0x92a48dae5ba33a81:0xad5360e6816a0a0d!8m2!3d-1.4636358!4d-48.4466979!16s%2Fg%2F11sbwpspxl!19sChIJgTqjW66NpJIRDQpqgeZgU60?authuser=0&hl=pt-BR&g_ep=EgoyMDI2MDkyMi4wIJJjKgBIAVAD&rclk=1,rodada_2_recuperado,Una,ChIJgTqjW66NpJIRDQpqgeZgU60,2026-09-25,18:55:40
ChIJg_fZC8FhpJIRYmrNbe83PAQ,305180376233241186,Açaí Do Móca,Restaurante,"Açaí Do Móca - Tv. Sete, 112 - Coqueiro, Ananindeua - PA, 67130-230","Açaí Do Móca - Tv. Sete, 112 - Coqueiro, Ananindeua - PA, 67130-230",(91) 98212-7419,,-1.369816,-48.405657,4.800000,10,,,"{""domingo"":[""09:00–13:00""],""quarta-feira"":[""09:00–13:00""],""quinta-feira"":[""09:00–13:00""],""segunda-feira"":[""09:00–13:00""],""sexta-feira"":[""09:00–13:00""],""sábado"":[""09:00–13:00""],""terça-feira"":[""09:00–13:00""]}","https://www.google.com/maps/place/A%C3%A7a%C3%AD+Do+M%C3%B3ca/@-1.369816,-48.405657,17z/data=!4m6!3m5!1s0x92a461c10bd9f783:0x43c37ef6dcd6a62!8m2!3d-1.3698163!4d-48.4056571!16s%2Fg%2F11f5v9zlrb?hl=pt&entry=ttu&g_ep=EgoyMDI2MDkyMi4wIKXMDSoASAFQAw%3D%3D",rodada_2_recuperado,Una,ChIJg_fZC8FhpJIRYmrNbe83PAQ,2026-09-25,18:56:25
ChIJgcZCGjxhpJIRwqbap8laIMg,14420625828991379138,Bolo da Vovó - Bolos caseiros,Confeitaria,"Bolo da Vovó - Bolos caseiros - Rod. Augusto Montenegro, 03 - km 6 - Parque Verde, Belém - PA, 66635-110","Bolo da Vovó - Bolos caseiros - Rod. Augusto Montenegro, 03 - km 6 - Parque Verde, Belém - PA, 66635-110",(91) 98273-3270,,-1.357614,-48.453634,4.500000,82,,,"{""domingo"":[""08:30–18:00""],""quarta-feira"":[""08:00–19:30""],""quinta-feira"":[""08:00–19:30""],""segunda-feira"":[""08:00–19:30""],""sexta-feira"":[""08:00–19:30""],""sábado"":[""08:00–19:30""],""terça-feira"":[""08:00–19:30""]}",https://www.google.com/maps/place/Bolo+da+Vov%C3%B3+-+Bolos+caseiros/data=!4m7!3m6!1s0x92a4613c1a42c681:0xc8205ac9a7daa6c2!8m2!3d-1.3576139!4d-48.4536336!16s%2Fg%2F11ny0rvy4c!19sChIJgcZCGjxhpJIRwqbap8laIMg?authuser=0&hl=pt-BR&g_ep=EgoyMDI2MDkyMi4wIJJjKgBIAVAD&rclk=1,rodada_2_recuperado,Parque Verde,ChIJgcZCGjxhpJIRwqbap8laIMg,2026-09-25,18:57:11
ChIJh0XkK96NpJIRs6vRvie7WVw,6654555703796149171,Kiara Self-service Sorvetes Pizzaria e Açais (Em Breva Hamburgue artesanal),Sorveteria,"Kiara Self-service Sorvetes Pizzaria e Açais (Em Breva Hamburgue artesanal) - Av. Alcindo Cacela, 4197 - Condor, Belém - PA, 66065-217","Kiara Self-service Sorvetes Pizzaria e Açais (Em Breva Hamburgue artesanal) - Av. Alcindo Cacela, 4197 - Condor, Belém - PA, 66065-217",(91) 99300-8190,,-1.475211,-48.475679,4.100000,138,,,"{""domingo"":[""09:00–23:00""],""quarta-feira"":[""09:00–23:00""],""quinta-feira"":[""09:00–23:00""],""segunda-feira"":[""09:00–23:00""],""sexta-feira"":[""09:00–23:00""],""sábado"":[""09:00–23:00""],""terça-feira"":[""09:00–23:00""]}","https://www.google.com/maps/place/Kiara+Self-service+Sorvetes+Pizzaria+e+A%C3%A7ais+(Em+Breva+Hamburgue+artesanal)/@-1.475211,-48.475679,17z/data=!4m6!3m5!1s0x92a48dde2be44587:0x5c59bb27bed1abb3!8m2!3d-1.4752112!4d-48.4756795!16s%2Fg%2F11gbwy_gfk?hl=pt&entry=ttu&g_ep=EgoyMDI2MDkyMi4wIKXMDSoASAFQAw%3D%3D",rodada_2_recuperado,Parque Verde,ChIJh0XkK96NpJIRs6vRvie7WVw,2026-09-25,18:57:56
ChIJh1CN9NRhpJIRh4jbUi2sMEc,5129789286238619783,Fabrica de polpa de açaí,Fabricação de alimentos,"Fabrica de polpa de açaí - R. Pres. Costa e Silva, S/N - Tapanã, Belém - PA, 66825-080","Fabrica de polpa de açaí - R. Pres. Costa e Silva, S/N - Tapanã, Belém - PA, 66825-080",(91) 99808-1433,,-1.337132,-48.472472,4.000000,3,,,"{""domingo"":[""Fechado""],""quarta-feira"":[""08:00–18:00""],""quinta-feira"":[""08:00–18:00""],""segunda-feira"":[""08:00–18:00""],""sexta-feira"":[""08:00–18:00""],""sábado"":[""Fechado""],""terça-feira"":[""08:00–18:00""]}",https://www.google.com/maps/place/Fabrica+de+polpa+de+a%C3%A7a%C3%AD/data=!4m7!3m6!1s0x92a461d4f48d5087:0x4730ac2d52db8887!8m2!3d-1.337132!4d-48.4724719!16s%2Fg%2F11gs5dlwcz!19sChIJh1CN9NRhpJIRh4jbUi2sMEc?authuser=0&hl=pt-BR&g_ep=EgoyMDI2MDkyMi4wIJJjKgBIAVAD&rclk=1,rodada_2_recuperado,Parque Guajará,ChIJh1CN9NRhpJIRh4jbUi2sMEc,2026-09-25,18:59:05
ChIJh1rIH4lhpJIRvP6qbTo0eh4,2196125193849208508,Açaí do Ruan,Restaurante,"Açaí do Ruan - Tv. We 46, 531 - Cidade Nova, Ananindeua - PA, 67133-290","Açaí do Ruan - Tv. We 46, 531 - Cidade Nova, Ananindeua - PA, 67133-290",(91) 98917-3734,,-1.354420,-48.404835,5.000000,5,,,"{""domingo"":[""08:30–14:00""],""quarta-feira"":[""08:30–15:00""],""quinta-feira"":[""08:30–15:00""],""segunda-feira"":[""08:30–15:00""],""sexta-feira"":[""08:30–15:00""],""sábado"":[""08:30–15:00""],""terça-feira"":[""08:30–15:00""]}","https://www.google.com/maps/place/A%C3%A7a%C3%AD+do+Ruan/@-1.35442,-48.404835,17z/data=!4m6!3m5!1s0x92a461891fc85a87:0x1e7a343a6daafebc!8m2!3d-1.3544202!4d-48.4048351!16s%2Fg%2F11hhcb7j0p?hl=pt&entry=ttu&g_ep=EgoyMDI2MDkyMi4wIKXMDSoASAFQAw%3D%3D",rodada_2_recuperado,Una,ChIJh1rIH4lhpJIRvP6qbTo0eh4,2026-09-25,18:59:51
ChIJh8xIu6pfpJIRxMUjpCXxjxI,1337552758322218436,Égua Do Açaí,Sorveteria,"Égua Do Açaí - Estr. do Curuçambá - Maguari, Ananindeua - PA, 67146-204","Égua Do Açaí - Estr. do Curuçambá - Maguari, Ananindeua - PA, 67146-204",(91) 98333-3009,,-1.333238,-48.377602,4.700000,3,,,"{""domingo"":[""16:00–22:00""],""quarta-feira"":[""16:00–22:00""],""quinta-feira"":[""16:00–22:00""],""segunda-feira"":[""16:00–22:00""],""sexta-feira"":[""16:00–22:00""],""sábado"":[""16:00–22:00""],""terça-feira"":[""16:00–22:00""]}",https://www.google.com/maps/place/%C3%89gua+Do+A%C3%A7a%C3%AD/data=!4m7!3m6!1s0x92a45faabb48cc87:0x128ff125a423c5c4!8m2!3d-1.3332382!4d-48.3776016!16s%2Fg%2F11k4sbsbsw!19sChIJh8xIu6pfpJIRxMUjpCXxjxI?authuser=0&hl=pt-BR&g_ep=EgoyMDI2MDkyMi4wIJJjKgBIAVAD&rclk=1,rodada_2_recuperado,Coqueiro,ChIJh8xIu6pfpJIRxMUjpCXxjxI,2026-09-25,19:00:48
ChIJhT0jkGaJpJIRWtHUjpVel8Y,14310010337432490330,açai da pp III,Processamento de frutas e legumes,"açai da pp III - rua 29 esquina com avenida norte quadra 80 numero - Maracangalha, Belém - PA, 66110-022","açai da pp III - rua 29 esquina com avenida norte quadra 80 numero - Maracangalha, Belém - PA, 66110-022",(91) 99165-1045,,-1.399684,-48.485199,5.000000,3,,,"{""domingo"":[""08:00–22:00""],""quarta-feira"":[""08:00–22:00""],""quinta-feira"":[""08:00–22:00""],""segunda-feira"":[""08:00–22:00""],""sexta-feira"":[""08:00–22:00""],""sábado"":[""08:00–22:00""],""terça-feira"":[""08:00–22:00""]}","https://www.google.com/maps/place/a%C3%A7ai+da+pp+III/@-1.399684,-48.485199,17z/data=!4m6!3m5!1s0x92a4896690233d85:0xc6975e958ed4d15a!8m2!3d-1.399684!4d-48.4851991!16s%2Fg%2F11fswz9tt_?hl=pt&entry=ttu&g_ep=EgoyMDI2MDkyMi4wIKXMDSoASAFQAw%3D%3D",rodada_2_recuperado,Una,ChIJhT0jkGaJpJIRWtHUjpVel8Y,2026-09-25,19:01:59
ChIJhUuHJl5hpJIRqcBJ77zzRfg,17889973087593152681,Point do Açaí,Restaurante,"Point do Açaí - R. dos Cabanos, Quadra 201 - n°11, Ananindeua - PA, 67140-680","Point do Açaí - R. dos Cabanos, Quadra 201 - n°11, Ananindeua - PA, 67140-680",(91) 98156-1831,,-1.349880,-48.412946,4.000000,2,,,"{""domingo"":[""08:00–20:00""],""quarta-feira"":[""08:00–20:00""],""quinta-feira"":[""08:00–20:00""],""segunda-feira"":[""08:00–20:00""],""sexta-feira"":[""08:00–20:00""],""sábado"":[""08:00–20:00""],""terça-feira"":[""08:00–20:00""]}",https://www.google.com/maps/place/Point+do+A%C3%A7a%C3%AD/data=!4m7!3m6!1s0x92a4615e26874b85:0xf845f3bcef49c0a9!8m2!3d-1.3498799!4d-48.4129459!16s%2Fg%2F11h884sqgx!19sChIJhUuHJl5hpJIRqcBJ77zzRfg?authuser=0&hl=pt-BR&g_ep=EgoyMDI2MDkyMi4wIJJjKgBIAVAD&rclk=1,rodada_2_recuperado,Coqueiro,ChIJhUuHJl5hpJIRqcBJ77zzRfg,2026-09-25,19:02:44
ChIJhwp0HABhpJIR6C9c2X0XyC0,3298912556333936616,Açaí do Perema,Restaurante,"Açaí do Perema - Tv. WE12, 1506 - Coqueiro, Belém - PA, 66670-260","Açaí do Perema - Tv. WE12, 1506 - Coqueiro, Belém - PA, 66670-260",(91) 98879-1045,https://www.instagram.com/imperiodoacaipa_?igsh=aGg0MG8zb3NuNXk2&utm_source=qr,-1.337806,-48.435744,0.000000,0,,,"{""domingo"":[""09:00–14:00""],""quarta-feira"":[""09:00–14:00""],""quinta-feira"":[""09:00–14:00""],""segunda-feira"":[""09:00–14:00""],""sexta-feira"":[""09:00–14:00""],""sábado"":[""09:00–14:00""],""terça-feira"":[""09:00–14:00""]}",https://www.google.com/maps/place/A%C3%A7a%C3%AD+do+Perema/data=!4m7!3m6!1s0x92a461001c740a87:0x2dc8177dd95c2fe8!8m2!3d-1.3378062!4d-48.4357435!16s%2Fg%2F11w3x8jx51!19sChIJhwp0HABhpJIR6C9c2X0XyC0?authuser=0&hl=pt-BR&g_ep=EgoyMDI2MDkyMi4wIJJjKgBIAVAD&rclk=1,rodada_2_recuperado,Tenoné,ChIJhwp0HABhpJIR6C9c2X0XyC0,2026-09-25,19:03:54
ChIJi06Fq61npJIR4nPT9vJeWc0,14796962448318624738,Açaí Do Irmão,Fabricante de alimentos congelados,"Açaí Do Irmão - R. L Um, 47 - Paracuri, Belém - PA, 66814-005","Açaí Do Irmão - R. L Um, 47 - Paracuri, Belém - PA, 66814-005",(91) 98907-0274,,-1.312195,-48.470862,5.000000,1,,,"{""domingo"":[""09:00–21:00""],""quarta-feira"":[""09:00–21:00""],""quinta-feira"":[""09:00–21:00""],""segunda-feira"":[""09:00–21:00""],""sexta-feira"":[""09:00–21:00""],""sábado"":[""09:00–21:00""],""terça-feira"":[""09:00–21:00""]}",https://www.google.com/maps/place/A%C3%A7a%C3%AD+Do+Irm%C3%A3o/data=!4m7!3m6!1s0x92a467adab854e8b:0xcd595ef2f6d373e2!8m2!3d-1.3121954!4d-48.4708624!16s%2Fg%2F11g0jdfmhb!19sChIJi06Fq61npJIR4nPT9vJeWc0?authuser=0&hl=pt-BR&g_ep=EgoyMDI2MDkyMi4wIJJjKgBIAVAD&rclk=1,rodada_2_recuperado,Coqueiro,ChIJi06Fq61npJIR4nPT9vJeWc0,2026-09-25,19:04:27
ChIJiQPkJXeMpJIRuKIQI_Sgaxk,1831734643876995768,Açaí Do Anderson,Atacadista de frutas,"Açaí Do Anderson - Av. Dr. Freitas, 329 - Marco, Belém - PA, 66095-110","Açaí Do Anderson - Av. Dr. Freitas, 329 - Marco, Belém - PA, 66095-110",(91) 98229-4593,,-1.432737,-48.450839,3.300000,66,,,"{""domingo"":[""08:00–14:30""],""quarta-feira"":[""08:00–14:00""],""quinta-feira"":[""08:00–14:00""],""segunda-feira"":[""08:00–13:00""],""sexta-feira"":[""08:00–14:45""],""sábado"":[""08:00–15:00""],""terça-feira"":[""08:00–14:00""]}",https://www.google.com/maps/place/A%C3%A7a%C3%AD+Do+Anderson/data=!4m7!3m6!1s0x92a48c7725e40389:0x196ba0f42310a2b8!8m2!3d-1.4327372!4d-48.4508389!16s%2Fg%2F11f3m9b_40!19sChIJiQPkJXeMpJIRuKIQI_Sgaxk?authuser=0&hl=pt-BR&g_ep=EgoyMDI2MDkyMi4wIJJjKgBIAVAD&rclk=1,rodada_2_recuperado,Una,ChIJiQPkJXeMpJIRuKIQI_Sgaxk,2026-09-25,19:06:14
ChIJieYQTYqNpJIRxtnqorTbvA8,1134022775064418758,Açaí das meninas,Loja de alimentos congelados,"Açaí das meninas - Passagem Valdir Acatauassú Nunes, 22 - Marco, Belém - PA, 66095-020","Açaí das meninas - Passagem Valdir Acatauassú Nunes, 22 - Marco, Belém - PA, 66095-020",(91) 98370-2088,,-1.440800,-48.451254,5.000000,2,,,"{""domingo"":[""08:00–18:00""],""quarta-feira"":[""08:00–18:00""],""quinta-feira"":[""08:00–18:00""],""segunda-feira"":[""08:00–18:00""],""sexta-feira"":[""08:00–18:00""],""sábado"":[""08:00–18:00""],""terça-feira"":[""08:00–18:00""]}",https://www.google.com/maps/place/A%C3%A7a%C3%AD+das+meninas/data=!4m7!3m6!1s0x92a48d8a4d10e689:0xfbcdbb4a2ead9c6!8m2!3d-1.4408005!4d-48.4512544!16s%2Fg%2F11k57l5_kg!19sChIJieYQTYqNpJIRxtnqorTbvA8?authuser=0&hl=pt-BR&g_ep=EgoyMDI2MDkyMi4wIJJjKgBIAVAD&rclk=1,rodada_2_recuperado,Coqueiro,ChIJieYQTYqNpJIRxtnqorTbvA8,2026-09-25,19:06:59
ChIJifGmaothpJIRzBtxAlOEp4o,9991099790402853836,Restô Pinheiros - Bar e restaurante,Açougue,"Restô Pinheiros - Bar e restaurante - Av. Brasil - Pratinha, Belém - PA, 66816-780","Restô Pinheiros - Bar e restaurante - Av. Brasil - Pratinha, Belém - PA, 66816-780",(91) 98218-2918,,-1.366004,-48.472270,4.600000,75,,,"{""domingo"":[""10:00–00:00""],""quarta-feira"":[""11:00–00:00""],""quinta-feira"":[""11:00–00:00""],""segunda-feira"":[""Fechado""],""sexta-feira"":[""11:00–02:00""],""sábado"":[""10:00–02:00""],""terça-feira"":[""11:00–00:00""]}","https://www.google.com/maps/place/Rest%C3%B4+Pinheiros+-+Bar+e+restaurante/@-1.366004,-48.47227,17z/data=!4m6!3m5!1s0x92a4618b6aa6f189:0x8aa7845302711bcc!8m2!3d-1.3660045!4d-48.4722696!16s%2Fg%2F11swthny5g?hl=pt&entry=ttu&g_ep=EgoyMDI2MDkyMi4wIKXMDSoASAFQAw%3D%3D",rodada_2_recuperado,Pratinha,ChIJifGmaothpJIRzBtxAlOEp4o,2026-09-25,19:07:45
ChIJiybEdahmpJIRCRF5ffyg4SQ,2657582261422592265,Açai Norte,,"Açai Norte - Tv. Berredos, 1533 - Agulha, Belém - PA, 66811-005","Açai Norte - Tv. Berredos, 1533 - Agulha, Belém - PA, 66811-005",,,-1.306083,-48.477222,0.000000,0,,,{},https://www.google.com/maps/place/A%C3%A7ai+Norte/data=!4m7!3m6!1s0x92a466a875c4268b:0x24e1a0fc7d791109!8m2!3d-1.306083!4d-48.4772216!16s%2Fg%2F11y7sp155_!19sChIJiybEdahmpJIRCRF5ffyg4SQ?authuser=0&hl=pt-BR&g_ep=EgoyMDI2MDkyMy4wIJJjKgBIAVAD&rclk=1,rodada_2_recuperado,Icoaraci,ChIJiybEdahmpJIRCRF5ffyg4SQ,2026-09-25,19:08:30
ChIJjSmzSw6LpJIRt81oiXuiF_A,17300475145037073847,Açaí Power Nativu's,Loja,"Açaí Power Nativu's - Est. da Providência, 48 - Coqueiro, Ananindeua - PA, 66670-650","Açaí Power Nativu's - Est. da Providência, 48 - Coqueiro, Ananindeua - PA, 66670-650",(91) 98099-2314,,-1.383918,-48.408798,3.800000,4,,,"{""domingo"":[""08:00–14:00""],""quarta-feira"":[""08:00–20:00""],""quinta-feira"":[""08:00–20:00""],""segunda-feira"":[""08:00–20:00""],""sexta-feira"":[""08:00–20:00""],""sábado"":[""08:00–20:00""],""terça-feira"":[""08:00–20:00""]}","https://www.google.com/maps/place/A%C3%A7a%C3%AD+Power+Nativu's/@-1.383918,-48.408798,17z/data=!4m6!3m5!1s0x92a48b0e4bb3298d:0xf017a27b8968cdb7!8m2!3d-1.3839182!4d-48.408798!16s%2Fg%2F11qsb7bzj6?hl=pt&entry=ttu&g_ep=EgoyMDI2MDkyMy4wIKXMDSoASAFQAw%3D%3D",rodada_2_recuperado,Una,ChIJjSmzSw6LpJIRt81oiXuiF_A,2026-09-25,19:09:15
ChIJjbaznGyPpJIROo0uFE8_-j0,4465951589364829498,Açai do arlen,Loja de açaí,"Açai do arlen - Tv. do Chaco, 875 - Telégrafo, Belém - PA, 66113-085","Açai do arlen - Tv. do Chaco, 875 - Telégrafo, Belém - PA, 66113-085",(91) 98503-3389,,-1.430943,-48.481001,4.300000,27,,,"{""domingo"":[""08:00–22:00""],""quarta-feira"":[""08:00–22:00""],""quinta-feira"":[""08:00–22:00""],""segunda-feira"":[""08:00–22:00""],""sexta-feira"":[""08:00–22:00""],""sábado"":[""08:00–22:00""],""terça-feira"":[""08:00–22:00""]}",https://www.google.com/maps/place/A%C3%A7ai+do+arlen/data=!4m7!3m6!1s0x92a48f6c9cb3b68d:0x3dfa3f4f142e8d3a!8m2!3d-1.4309431!4d-48.481001!16s%2Fg%2F11hdp9fw50!19sChIJjbaznGyPpJIROo0uFE8_-j0?authuser=0&hl=pt-BR&g_ep=EgoyMDI2MDkyMi4wIJJjKgBIAVAD&rclk=1,rodada_2_recuperado,Parque Verde,ChIJjbaznGyPpJIROo0uFE8_-j0,2026-09-25,19:10:01
ChIJjeZ-ydRhpJIRlRZBV7LZiA0,975268679317001877,Açaí Da France,Restaurante,"Açaí Da France - R. Bragança, 111 - Parque Verde, Belém - PA, 66633-520","Açaí Da France - R. Bragança, 111 - Parque Verde, Belém - PA, 66633-520",,,-1.368164,-48.439113,1.000000,1,,,{},https://www.google.com/maps/place/A%C3%A7a%C3%AD+Da+France/data=!4m7!3m6!1s0x92a461d4c97ee68d:0xd88d9b257411695!8m2!3d-1.3681642!4d-48.4391135!16s%2Fg%2F11frdn3x8c!19sChIJjeZ-ydRhpJIRlRZBV7LZiA0?authuser=0&hl=pt-BR&g_ep=EgoyMDI2MDkyMi4wIJJjKgBIAVAD&rclk=1,rodada_2_recuperado,Parque Verde,ChIJjeZ-ydRhpJIRlRZBV7LZiA0,2026-09-25,19:10:46
ChIJjy0ihIRnpJIRuao0UZK1IA8,1090070749855918777,Espaço Novo Sabor - Espetinhos & Comidas Típicas,Restaurante,"Espaço Novo Sabor - Espetinhos & Comidas Típicas - Tv. dos Andradas, 81 - Ponta Grossa, Belém - PA, 66812-420","Espaço Novo Sabor - Espetinhos & Comidas Típicas - Tv. dos Andradas, 81 - Ponta Grossa, Belém - PA, 66812-420",(91) 98062-4862,,-1.307624,-48.470796,4.800000,143,,R$ 20–40,"{""domingo"":[""18:00–23:00""],""quarta-feira"":[""18:00–23:00""],""quinta-feira"":[""18:00–23:00""],""segunda-feira"":[""Fechado""],""sexta-feira"":[""18:00–23:00""],""sábado"":[""00:00–23:00""],""terça-feira"":[""Fechado""]}","https://www.google.com/maps/place/Espa%C3%A7o+Novo+Sabor+-+Espetinhos+%26+Comidas+T%C3%ADpicas/@-1.307624,-48.470796,17z/data=!4m6!3m5!1s0x92a4678484222d8f:0xf20b5925134aab9!8m2!3d-1.3076245!4d-48.4707962!16s%2Fg%2F11gr5zdpk7?hl=pt&entry=ttu&g_ep=EgoyMDI2MDkyMi4wIKXMDSoASAFQAw%3D%3D",rodada_2_recuperado,Icoaraci,ChIJjy0ihIRnpJIRuao0UZK1IA8,2026-09-25,19:11:20
ChIJjzhU2VVhpJIRsWXhyP4HxNE,15115215040235529649,TUDO ÁGUA DISTRIBUIDORA DE ÁGUA MINERAL NATURAL,Mercado,"TUDO ÁGUA DISTRIBUIDORA DE ÁGUA MINERAL NATURAL - Passagem John Engelhard - Pratinha, Belém - PA, 66816-150","TUDO ÁGUA DISTRIBUIDORA DE ÁGUA MINERAL NATURAL - Passagem John Engelhard - Pratinha, Belém - PA, 66816-150",(91) 98175-5784,https://wa.me/message/XVD2ASFWFPDJJ1,-1.361481,-48.472687,5.000000,71,,,"{""domingo"":[""09:30–23:00""],""quarta-feira"":[""Atendimento 24 horas""],""quinta-feira"":[""Atendimento 24 horas""],""segunda-feira"":[""Atendimento 24 horas""],""sexta-feira"":[""Atendimento 24 horas""],""sábado"":[""Atendimento 24 horas""],""terça-feira"":[""Atendimento 24 horas""]}",https://www.google.com/maps/place/TUDO+%C3%81GUA+DISTRIBUIDORA+DE+%C3%81GUA+MINERAL+NATURAL/data=!4m7!3m6!1s0x92a46155d954388f:0xd1c407fec8e165b1!8m2!3d-1.3614811!4d-48.4726866!16s%2Fg%2F11xlz68_yc!19sChIJjzhU2VVhpJIRsWXhyP4HxNE?authuser=0&hl=pt-BR&g_ep=EgoyMDI2MDkyMi4wIJJjKgBIAVAD&rclk=1,rodada_2_recuperado,Pratinha,ChIJjzhU2VVhpJIRsWXhyP4HxNE,2026-09-25,19:12:05
ChIJkcMHMgVhpJIRjNwiVl6zJ94,16007960618265140364,NATURAL AÇAÍ,Delivery,"NATURAL AÇAÍ - R. Providência, 19 - Coqueiro, Ananindeua - PA, 67130-670","NATURAL AÇAÍ - R. Providência, 19 - Coqueiro, Ananindeua - PA, 67130-670",(91) 98058-5335,,-1.368120,-48.410301,0.000000,0,,,{},https://www.google.com/maps/place/NATURAL+A%C3%87A%C3%8D/data=!4m7!3m6!1s0x92a461053207c391:0xde27b35e5622dc8c!8m2!3d-1.3681197!4d-48.4103011!16s%2Fg%2F11zgcz8zng!19sChIJkcMHMgVhpJIRjNwiVl6zJ94?authuser=0&hl=pt-BR&g_ep=EgoyMDI2MDkyMi4wIJJjKgBIAVAD&rclk=1,rodada_2_recuperado,Parque Guajará,ChIJkcMHMgVhpJIRjNwiVl6zJ94,2026-09-25,19:12:38
ChIJke__T2D1pJIRxLQzHdRluY4,10284363185774638276,Manos burguer e churrasco,Restaurante,"Manos burguer e churrasco - Passagem Vitoria - Pratinha, Belém - PA, 67105-290","Manos burguer e churrasco - Passagem Vitoria - Pratinha, Belém - PA, 67105-290",(91) 98068-7150,,-1.378441,-48.480880,4.700000,3,,,"{""domingo"":[""15:30–01:00""],""quarta-feira"":[""15:30–00:00""],""quinta-feira"":[""15:30–00:00""],""segunda-feira"":[""15:30–00:00""],""sexta-feira"":[""15:30–01:00""],""sábado"":[""15:30–01:00""],""terça-feira"":[""15:30–00:00""]}",https://www.google.com/maps/place/Manos+burguer+e+churrasco/data=!4m7!3m6!1s0x92a4f5604fffef91:0x8eb965d41d33b4c4!8m2!3d-1.3784414!4d-48.4808795!16s%2Fg%2F11txlh3322!19sChIJke__T2D1pJIRxLQzHdRluY4?authuser=0&hl=pt-BR&g_ep=EgoyMDI2MDkyMi4wIJJjKgBIAVAD&rclk=1,rodada_2_recuperado,Pratinha,ChIJke__T2D1pJIRxLQzHdRluY4,2026-09-25,19:13:36
ChIJkwX2x_5hpJIRBC1_xgPWYLQ,12997623836294720772,L a conveniência,Loja de Conveniência,"L a conveniência - Rua hanazira Souza - Pratinha, Belém - PA, 66816-095","L a conveniência - Rua hanazira Souza - Pratinha, Belém - PA, 66816-095",(91) 98728-0450,,-1.356259,-48.468383,0.000000,0,,,"{""domingo"":[""09:00–23:00""],""quarta-feira"":[""09:00–23:00""],""quinta-feira"":[""09:00–23:00""],""segunda-feira"":[""09:00–22:00""],""sexta-feira"":[""09:00–00:00""],""sábado"":[""09:00–01:00""],""terça-feira"":[""09:00–21:00""]}","https://www.google.com/maps/place/L+a+conveni%C3%AAncia/@-1.356259,-48.468383,17z/data=!4m6!3m5!1s0x92a461fec7f60593:0xb460d603c67f2d04!8m2!3d-1.3562595!4d-48.4683826!16s%2Fg%2F11zh24gzkj?hl=pt&entry=ttu&g_ep=EgoyMDI2MDkyMy4wIKXMDSoASAFQAw%3D%3D",rodada_2_recuperado,Pratinha,ChIJkwX2x_5hpJIRBC1_xgPWYLQ,2026-09-25,19:14:09
ChIJkxsSnV-NpJIRO99rerOtZOg,16745700300834987835,Maioca - Sorveteria Artesanal Duque,Sorveteria,"Maioca - Sorveteria Artesanal Duque - Tv. Curuzú, 1377 - Pedreira, Belém - PA, 66093-801","Maioca - Sorveteria Artesanal Duque - Tv. Curuzú, 1377 - Pedreira, Belém - PA, 66093-801",(91) 3119-6071,https://maioca.com.br/,-1.440815,-48.468871,4.500000,546,,,"{""domingo"":[""11:00–23:00""],""quarta-feira"":[""11:00–23:00""],""quinta-feira"":[""11:00–23:00""],""segunda-feira"":[""11:00–23:00""],""sexta-feira"":[""11:00–00:00""],""sábado"":[""11:00–00:00""],""terça-feira"":[""11:00–23:00""]}","https://www.google.com/maps/place/Maioca+-+Sorveteria+Artesanal+Duque/@-1.440815,-48.468871,17z/data=!4m6!3m5!1s0x92a48d5f9d121b93:0xe864adb37a6bdf3b!8m2!3d-1.4408151!4d-48.4688711!16s%2Fg%2F11q1gg7j4g?hl=pt&entry=ttu&g_ep=EgoyMDI2MDkyMy4wIKXMDSoASAFQAw%3D%3D",rodada_2_recuperado,Pratinha,ChIJkxsSnV-NpJIRO99rerOtZOg,2026-09-25,19:14:54
ChIJky4Hup2OpJIRDM2GPHbUjBc,1696964763898531084,Cairu,Sorveteria,"Cairu - Tv. 14 de Março, 1570 - Umarizal, Belém - PA, 66055-490","Cairu - Tv. 14 de Março, 1570 - Umarizal, Belém - PA, 66055-490",,,-1.449107,-48.480668,4.700000,2812,,,"{""domingo"":[""10:00–23:20""],""quarta-feira"":[""10:00–23:20""],""quinta-feira"":[""10:00–23:20""],""segunda-feira"":[""10:00–23:20""],""sexta-feira"":[""10:00–23:20""],""sábado"":[""10:00–23:20""],""terça-feira"":[""10:00–23:20""]}",https://www.google.com/maps/place/Cairu/data=!4m7!3m6!1s0x92a48e9dba072e93:0x178cd4763c86cd0c!8m2!3d-1.4491072!4d-48.4806682!16s%2Fg%2F1tyt6f57!19sChIJky4Hup2OpJIRDM2GPHbUjBc?authuser=0&hl=pt-BR&g_ep=EgoyMDI2MDkyMi4wIJJjKgBIAVAD&rclk=1,rodada_2_recuperado,Pratinha,ChIJky4Hup2OpJIRDM2GPHbUjBc,2026-09-25,19:15:39
ChIJl1E386iKpJIR0kr9bLZ_aeE,16242653952577718994,AÇAÍ DO LENO- ANANINDEUA,Restaurante,"AÇAÍ DO LENO- ANANINDEUA - Est. da Providência, 175 - Cidade Nova, Ananindeua - PA, 67140-440","AÇAÍ DO LENO- ANANINDEUA - Est. da Providência, 175 - Cidade Nova, Ananindeua - PA, 67140-440",(91) 98084-2035,https://linktr.ee/acaidolenopa,-1.372281,-48.407491,3.900000,157,Açaí para retirada e sob encomenda,,"{""domingo"":[""09:00–15:00""],""quarta-feira"":[""09:00–15:00""],""quinta-feira"":[""09:00–15:00""],""segunda-feira"":[""09:00–15:00""],""sexta-feira"":[""09:00–15:00""],""sábado"":[""09:00–15:00""],""terça-feira"":[""09:00–15:00""]}",https://www.google.com/maps/place/A%C3%87A%C3%8D+DO+LENO-+ANANINDEUA/data=!4m7!3m6!1s0x92a48aa8f3375197:0xe1697fb66cfd4ad2!8m2!3d-1.3722815!4d-48.4074912!16s%2Fg%2F11cn0jb8ll!19sChIJl1E386iKpJIR0kr9bLZ_aeE?authuser=0&hl=pt-BR&g_ep=EgoyMDI2MDkyMi4wIJJjKgBIAVAD&rclk=1,rodada_2_recuperado,Una,ChIJl1E386iKpJIR0kr9bLZ_aeE,2026-09-25,19:16:37
ChIJl6qTqpmLpJIRgdgUhgiJJqA,11540061764885731457,Hamburgueria Artesanal Fanáticos,Hamburgueria,"Hamburgueria Artesanal Fanáticos - R. Ajax de Oliveira, 45 - Benguí, Belém - PA, 66630-000","Hamburgueria Artesanal Fanáticos - R. Ajax de Oliveira, 45 - Benguí, Belém - PA, 66630-000",(91) 99369-0190,https://pedido.brendi.com.br/fanaticosbengui,-1.376372,-48.456562,4.600000,125,,R$ 20–40,"{""domingo"":[""19:00–00:00""],""quarta-feira"":[""19:00–00:00""],""quinta-feira"":[""19:00–00:00""],""segunda-feira"":[""19:00–00:00""],""sexta-feira"":[""19:00–00:00""],""sábado"":[""19:00–00:00""],""terça-feira"":[""19:00–00:00""]}","https://www.google.com/maps/place/Hamburgueria+Artesanal+Fan%C3%A1ticos/@-1.376372,-48.456562,17z/data=!4m6!3m5!1s0x92a48b99aa93aa97:0xa02689088614d881!8m2!3d-1.3763724!4d-48.4565618!16s%2Fg%2F11m_tjygd0?hl=pt&entry=ttu&g_ep=EgoyMDI2MDkyMi4wIKXMDSoASAFQAw%3D%3D",rodada_2_recuperado,Parque Verde,ChIJl6qTqpmLpJIRgdgUhgiJJqA,2026-09-25,19:17:23
ChIJl6vmi_KLpJIRES-m5LUs2-A,16202593244132290321,Polpas Belém,Fabricação de alimentos,"Polpas Belém - Al. Moça Bonita, 84 - Guanabara, Ananindeua - PA, 67010-190","Polpas Belém - Al. Moça Bonita, 84 - Guanabara, Ananindeua - PA, 67010-190",(91) 99625-2679,,-1.405672,-48.424217,5.000000,5,,,"{""domingo"":[""Fechado""],""quarta-feira"":[""08:00–19:00""],""quinta-feira"":[""08:00–19:00""],""segunda-feira"":[""08:00–19:00""],""sexta-feira"":[""08:00–12:00""],""sábado"":[""Fechado""],""terça-feira"":[""08:00–19:00""]}",https://www.google.com/maps/place/Polpas+Bel%C3%A9m/data=!4m7!3m6!1s0x92a48bf28be6ab97:0xe0db2cb5e4a62f11!8m2!3d-1.405672!4d-48.424217!16s%2Fg%2F11ld1tvqgl!19sChIJl6vmi_KLpJIRES-m5LUs2-A?authuser=0&hl=pt-BR&g_ep=EgoyMDI2MDkyMi4wIJJjKgBIAVAD&rclk=1,rodada_2_recuperado,Parque Verde,ChIJl6vmi_KLpJIRES-m5LUs2-A,2026-09-25,19:18:08
ChIJl7F_CE-LpJIRfNxqFNtPRas,12341358156237692028,Açaí Do DH,Fabricante de alimentos congelados,"Açaí Do DH - Tv. Timbó, 512 - Pedreira, Belém - PA, 66083-049","Açaí Do DH - Tv. Timbó, 512 - Pedreira, Belém - PA, 66083-049",(91) 98228-2896,https://acai-do-bom-frozen-food-manufacturer.negocio.site/?utm_source=gmb&utm_medium=referral,-1.427760,-48.478188,5.000000,1,,,"{""domingo"":[""08:00–14:30""],""quarta-feira"":[""08:00–14:30""],""quinta-feira"":[""08:00–14:30""],""segunda-feira"":[""08:00–14:30""],""sexta-feira"":[""08:00–14:30""],""sábado"":[""08:00–14:30""],""terça-feira"":[""08:00–14:30""]}","https://www.google.com/maps/place/A%C3%A7a%C3%AD+Do+DH/@-1.42776,-48.478188,17z/data=!4m6!3m5!1s0x92a48b4f087fb197:0xab454fdb146adc7c!8m2!3d-1.4277605!4d-48.4781883!16s%2Fg%2F11j0m10m0h?hl=pt&entry=ttu&g_ep=EgoyMDI2MDkyMi4wIKXMDSoASAFQAw%3D%3D",rodada_2_recuperado,Coqueiro,ChIJl7F_CE-LpJIRfNxqFNtPRas,2026-09-25,19:19:06
ChIJl7cVhXf1pJIRO7Cb_CaLMCQ,2607737183810596923,La casa do açaí,Restaurante,"La casa do açaí - tv vinte sete de outubro - Águas Brancas, Ananindeua - PA, 67000-001","La casa do açaí - tv vinte sete de outubro - Águas Brancas, Ananindeua - PA, 67000-001",(91) 98227-0175,,-1.382457,-48.369584,1.000000,1,,,"{""domingo"":[""09:00–00:00""],""quarta-feira"":[""09:00–00:00""],""quinta-feira"":[""09:00–00:00""],""segunda-feira"":[""Fechado""],""sexta-feira"":[""09:00–00:00""],""sábado"":[""09:00–00:00""],""terça-feira"":[""09:00–00:00""]}",https://www.google.com/maps/place/La+casa+do+a%C3%A7a%C3%AD/data=!4m7!3m6!1s0x92a4f5778515b797:0x24308b26fc9bb03b!8m2!3d-1.3824573!4d-48.369584!16s%2Fg%2F11kjzcj1n7!19sChIJl7cVhXf1pJIRO7Cb_CaLMCQ?authuser=0&hl=pt-BR&g_ep=EgoyMDI2MDkyMi4wIJJjKgBIAVAD&rclk=1,rodada_2_recuperado,Una,ChIJl7cVhXf1pJIRO7Cb_CaLMCQ,2026-09-25,19:19:51
ChIJl9lYq8JhpJIRt8CVpPhLjvY,17766221111308435639,D&D DIVERSE SERVICE / REI DO AÇAÍ,Restaurante,"Resid. Monteiro, irmã Ana Lúcia - Tv. União, 8 - Parque Verde, Belém - PA, 66643-720","Resid. Monteiro, irmã Ana Lúcia - Tv. União, 8 - Parque Verde, Belém - PA, 66643-720",(91) 98768-8829,,-1.366653,-48.454581,4.800000,6,A presença de cães é permitida,,"{""domingo"":[""08:00–14:00""],""quarta-feira"":[""07:00–17:00""],""quinta-feira"":[""07:00–17:00""],""segunda-feira"":[""07:00–17:00""],""sexta-feira"":[""07:00–17:00""],""sábado"":[""07:00–14:00""],""terça-feira"":[""07:00–17:00""]}","https://www.google.com/maps/place/D%26D+DIVERSE+SERVICE+%2F+REI+DO+A%C3%87A%C3%8D/@-1.366653,-48.454581,17z/data=!4m6!3m5!1s0x92a461c2ab58d997:0xf68e4bf8a495c0b7!8m2!3d-1.366653!4d-48.4545807!16s%2Fg%2F11fhz66qm5?hl=pt&entry=ttu&g_ep=EgoyMDI2MDkyMi4wIKXMDSoASAFQAw%3D%3D",rodada_2_recuperado,Parque Verde,ChIJl9lYq8JhpJIRt8CVpPhLjvY,2026-09-25,19:20:24
ChIJlR6OCrJlpJIRSecEgwx2gjQ,3783716433054459721,Sorveteria Manáh!,Sorveteria,"Sorveteria Manáh! - R. Quinze de Agosto, 608 - Cruzeiro, Belém - PA, 66810-070","Sorveteria Manáh! - R. Quinze de Agosto, 608 - Cruzeiro, Belém - PA, 66810-070",,,-1.298867,-48.483751,4.900000,82,,,{},"https://www.google.com/maps/place/Sorveteria+Man%C3%A1h!/@-1.298867,-48.483751,17z/data=!4m6!3m5!1s0x92a465b20a8e1e95:0x3482760c8304e749!8m2!3d-1.2988671!4d-48.4837514!16s%2Fg%2F11fhvkvhsf?hl=pt&entry=ttu&g_ep=EgoyMDI2MDkyMi4wIKXMDSoASAFQAw%3D%3D",rodada_2_recuperado,Icoaraci,ChIJlR6OCrJlpJIRSecEgwx2gjQ,2026-09-25,19:21:09
ChIJm0fBs9dhpJIRTUANRNfFdHI,8247434345972580429,Parque Shopping Belém,Shopping center,"Parque Shopping Belém - Rod. Augusto Montenegro, 4300 - Parque Verde, Belém - PA, 66635-110","Parque Shopping Belém - Rod. Augusto Montenegro, 4300 - Parque Verde, Belém - PA, 66635-110",(91) 4042-0542,https://www.parqueshoppingbelem.com.br/,-1.369913,-48.446381,4.600000,26987,Shopping moderno com cinema,,"{""domingo"":[""11:00–22:00""],""quarta-feira"":[""10:00–22:00""],""quinta-feira"":[""10:00–22:00""],""segunda-feira"":[""10:00–22:00""],""sexta-feira"":[""10:00–22:00""],""sábado"":[""10:00–22:00""],""terça-feira"":[""10:00–22:00""]}",https://www.google.com/maps/place/Parque+Shopping+Bel%C3%A9m/data=!4m7!3m6!1s0x92a461d7b3c1479b:0x7274c5d7440d404d!8m2!3d-1.3699133!4d-48.446381!16s%2Fg%2F11c67vntwg!19sChIJm0fBs9dhpJIRTUANRNfFdHI?authuser=0&hl=pt-BR&g_ep=EgoyMDI2MDkyMi4wIJJjKgBIAVAD&rclk=1,rodada_2_recuperado,Parque Verde,ChIJm0fBs9dhpJIRTUANRNfFdHI,2026-09-25,19:22:40
ChIJm1SU2IWLpJIRQbHlg9GcYPg,17897477342845317441,Açaí Do Davi,Loja de comidas naturais,"Açaí Do Davi - Passagem Ana Deusa, 42 - Curió-Utinga, Belém - PA, 66610-290","Açaí Do Davi - Passagem Ana Deusa, 42 - Curió-Utinga, Belém - PA, 66610-290",,http://facebook.com/DeivysonBittencourt,-1.426596,-48.446578,4.800000,12,,,"{""domingo"":[""08:00–19:00""],""quarta-feira"":[""08:00–19:00""],""quinta-feira"":[""08:00–19:00""],""segunda-feira"":[""08:00–19:00""],""sexta-feira"":[""08:00–19:00""],""sábado"":[""08:00–19:00""],""terça-feira"":[""08:00–19:00""]}",https://www.google.com/maps/place/A%C3%A7a%C3%AD+Do+Davi/data=!4m7!3m6!1s0x92a48b85d894549b:0xf8609cd183e5b141!8m2!3d-1.4265959!4d-48.4465778!16s%2Fg%2F11fy4pss2j!19sChIJm1SU2IWLpJIRQbHlg9GcYPg?authuser=0&hl=pt-BR&g_ep=EgoyMDI2MDkyMi4wIJJjKgBIAVAD&rclk=1,rodada_2_recuperado,Benguí,ChIJm1SU2IWLpJIRQbHlg9GcYPg,2026-09-25,19:23:13
ChIJm3RVcjZlpJIR5y042RJ73eg,16779703107536301543,Hassay da Amazônia,Loja de açaí,"Hassay da Amazônia - R. Padre Júlio Maria, 343 - Loja 26 - Cruzeiro, Belém - PA, 66810-060","Hassay da Amazônia - R. Padre Júlio Maria, 343 - Loja 26 - Cruzeiro, Belém - PA, 66810-060",(91) 98529-5681,https://www.hassayacai.com.br/,-1.297628,-48.485772,5.000000,1,,,"{""domingo"":[""09:00–14:00""],""quarta-feira"":[""09:00–21:00""],""quinta-feira"":[""09:00–21:00""],""segunda-feira"":[""09:00–21:00""],""sexta-feira"":[""09:00–21:00""],""sábado"":[""09:00–21:00""],""terça-feira"":[""09:00–21:00""]}","https://www.google.com/maps/place/Hassay+da+Amaz%C3%B4nia/@-1.297628,-48.485772,17z/data=!4m6!3m5!1s0x92a465367255749b:0xe8dd7b12d9382de7!8m2!3d-1.2976279!4d-48.4857719!16s%2Fg%2F11nhf3qrpn?hl=pt&entry=ttu&g_ep=EgoyMDI2MDkyMy4wIKXMDSoASAFQAw%3D%3D",rodada_2_recuperado,Icoaraci,ChIJm3RVcjZlpJIR5y042RJ73eg,2026-09-25,19:23:46
ChIJm3wB7rqLpJIR8iiBc84ix78,13819052251706108146,DON RAMONN SORVETERIA E LANCHONETE,Sorveteria,"DON RAMONN SORVETERIA E LANCHONETE - R. Olinda, 05 - Val-de-Cans, Belém - PA, 66617-570","DON RAMONN SORVETERIA E LANCHONETE - R. Olinda, 05 - Val-de-Cans, Belém - PA, 66617-570",(91) 98281-1357,,-1.398183,-48.474398,4.700000,7,,,{},"https://www.google.com/maps/place/DON+RAMONN+SORVETERIA+E+LANCHONETE/@-1.398183,-48.474398,17z/data=!4m6!3m5!1s0x92a48bbaee017c9b:0xbfc722ce738128f2!8m2!3d-1.3981828!4d-48.4743976!16s%2Fg%2F11t88fxf_2?hl=pt&entry=ttu&g_ep=EgoyMDI2MDkyMi4wIKXMDSoASAFQAw%3D%3D",rodada_2_recuperado,Pratinha,ChIJm3wB7rqLpJIR8iiBc84ix78,2026-09-25,19:24:32
ChIJm8C2MgBhpJIR502LS0S_eeQ,16463400212875660775,Açaí da Fafá,Loja de açaí,"Açaí da Fafá - R. Providência, 452 - Cidade Nova, Ananindeua - PA, 67140-440","Açaí da Fafá - R. Providência, 452 - Cidade Nova, Ananindeua - PA, 67140-440",(91) 98604-1935,,-1.368781,-48.410281,0.000000,0,,,"{""domingo"":[""Fechado""],""quarta-feira"":[""08:00–18:00""],""quinta-feira"":[""08:00–18:00""],""segunda-feira"":[""08:00–18:00""],""sexta-feira"":[""08:00–18:00""],""sábado"":[""08:00–18:00""],""terça-feira"":[""08:00–18:00""]}","https://www.google.com/maps/place/A%C3%A7a%C3%AD+da+Faf%C3%A1/@-1.368781,-48.410281,17z/data=!4m6!3m5!1s0x92a4610032b6c09b:0xe479bf444b8b4de7!8m2!3d-1.368781!4d-48.4102806!16s%2Fg%2F11yydld2ch?hl=pt&entry=ttu&g_ep=EgoyMDI2MDkyMi4wIKXMDSoASAFQAw%3D%3D",rodada_2_recuperado,Una,ChIJm8C2MgBhpJIR502LS0S_eeQ,2026-09-25,19:25:17
ChIJm92NSDSLpJIRcDeq6h4m7g4,1075839275216025456,Paladar Amazônico Indústria e Comércio de Alimentos,Fabricação de alimentos,"Cidade Nova II - Tv. We Vinte e Cinco, 122 - Cidade Nova, Ananindeua - PA, 67130-530","Cidade Nova II - Tv. We Vinte e Cinco, 122 - Cidade Nova, Ananindeua - PA, 67130-530",(91) 98016-9648,https://www.paladaramazonico.com.br/,-1.363864,-48.407119,5.000000,30,,,"{""domingo"":[""Fechado""],""quarta-feira"":[""08:00–12:00"",""14:00–18:00""],""quinta-feira"":[""08:00–12:00"",""14:00–18:00""],""segunda-feira"":[""08:00–12:00"",""14:00–18:00""],""sexta-feira"":[""08:00–12:00"",""14:00–18:00""],""sábado"":[""08:00–12:00""],""terça-feira"":[""08:00–12:00"",""14:00–18:00""]}","https://www.google.com/maps/place/Paladar+Amaz%C3%B4nico+Ind%C3%BAstria+e+Com%C3%A9rcio+de+Alimentos/@-1.363864,-48.407119,17z/data=!4m6!3m5!1s0x92a48b34488ddd9b:0xeee261eeaaa3770!8m2!3d-1.3638641!4d-48.4071188!16s%2Fg%2F11gjnh518p?hl=pt&entry=ttu&g_ep=EgoyMDI2MDkyMi4wIKXMDSoASAFQAw%3D%3D",rodada_2_recuperado,Una,ChIJm92NSDSLpJIRcDeq6h4m7g4,2026-09-25,19:26:02
ChIJmV81oOFnpJIRFlcZrL4_rU0,5597200000055072534,Restaurante Do Rivelino,Restaurante,"Restaurante Do Rivelino - Rod. Augusto Montenegro - Campina de Icoaraci, Belém - PA, 66810-040","Restaurante Do Rivelino - Rod. Augusto Montenegro - Campina de Icoaraci, Belém - PA, 66810-040",(91) 98269-6107,,-1.300141,-48.471145,4.000000,53,,R$ 20–40,"{""domingo"":[""11:00–16:00""],""quarta-feira"":[""11:00–16:00""],""quinta-feira"":[""11:00–16:00""],""segunda-feira"":[""11:00–16:00""],""sexta-feira"":[""11:00–16:00""],""sábado"":[""11:00–16:00""],""terça-feira"":[""11:00–16:00""]}","https://www.google.com/maps/place/Restaurante+Do+Rivelino/@-1.300141,-48.471145,17z/data=!4m6!3m5!1s0x92a467e1a0355f99:0x4dad3fbeac195716!8m2!3d-1.300141!4d-48.4711447!16s%2Fg%2F11js2_h0nz?hl=pt&entry=ttu&g_ep=EgoyMDI2MDkyMi4wIKXMDSoASAFQAw%3D%3D",rodada_2_recuperado,Icoaraci,ChIJmV81oOFnpJIRFlcZrL4_rU0,2026-09-25,19:26:35
ChIJmbQQrMZhpJIR5yoKfvGsVKY,11985394661541423847,Açaí Manancial,Restaurante,"Açaí Manancial - R. Providência, 2814 - Cidade Nova, Ananindeua - PA, 67015-260","Açaí Manancial - R. Providência, 2814 - Cidade Nova, Ananindeua - PA, 67015-260",(91) 98904-8683,,-1.358697,-48.410462,4.500000,11,,,"{""domingo"":[""08:00–22:00""],""quarta-feira"":[""08:00–22:00""],""quinta-feira"":[""08:00–22:00""],""segunda-feira"":[""08:00–22:00""],""sexta-feira"":[""08:00–22:00""],""sábado"":[""08:00–22:00""],""terça-feira"":[""08:00–22:00""]}","https://www.google.com/maps/place/A%C3%A7a%C3%AD+Manancial/@-1.358697,-48.410462,17z/data=!4m6!3m5!1s0x92a461c6ac10b499:0xa654acf17e0a2ae7!8m2!3d-1.3586971!4d-48.4104621!16s%2Fg%2F11jljnvn8c?hl=pt&entry=ttu&g_ep=EgoyMDI2MDkyMi4wIKXMDSoASAFQAw%3D%3D",rodada_2_recuperado,Parque Verde,ChIJmbQQrMZhpJIR5yoKfvGsVKY,2026-09-25,19:27:09
ChIJmfdDPa9fpJIRhwDG6qdnWNo,15733439269114871943,Sabor açai,Processamento de frutas e legumes,"Sabor açai - Travessa santarem Q:70 C11a - Maguari, Ananindeua - PA, 67145-760","Sabor açai - Travessa santarem Q:70 C11a - Maguari, Ananindeua - PA, 67145-760",,,-1.334321,-48.385816,0.000000,0,,,"{""domingo"":[""07:47–23:00""],""quarta-feira"":[""07:47–23:00""],""quinta-feira"":[""07:47–23:00""],""segunda-feira"":[""07:47–23:00""],""sexta-feira"":[""07:47–23:00""],""sábado"":[""07:47–23:00""],""terça-feira"":[""07:47–23:00""]}",https://www.google.com/maps/place/Sabor+a%C3%A7ai/data=!4m7!3m6!1s0x92a45faf3d43f799:0xda5867a7eac60087!8m2!3d-1.3343215!4d-48.3858159!16s%2Fg%2F11gy250b1r!19sChIJmfdDPa9fpJIRhwDG6qdnWNo?authuser=0&hl=pt-BR&g_ep=EgoyMDI2MDkyMi4wIJJjKgBIAVAD&rclk=1,rodada_2_recuperado,Una,ChIJmfdDPa9fpJIRhwDG6qdnWNo,2026-09-25,19:27:54
ChIJmw8kgeJhpJIRY6glfFSiX7s,13501688691623831651,égua D'usabor,Sorveteria,"égua D'usabor - Tv. We-6 - Coqueiro, Belém - PA, 66670-420","égua D'usabor - Tv. We-6 - Coqueiro, Belém - PA, 66670-420",(91) 99368-5805,,-1.342539,-48.445029,3.900000,12,,,"{""domingo"":[""16:00–23:00""],""quarta-feira"":[""17:00–23:00""],""quinta-feira"":[""17:00–23:00""],""segunda-feira"":[""17:00–23:00""],""sexta-feira"":[""17:00–23:00""],""sábado"":[""16:00–23:00""],""terça-feira"":[""17:00–23:00""]}","https://www.google.com/maps/place/%C3%A9gua+D'usabor/@-1.342539,-48.445029,17z/data=!4m6!3m5!1s0x92a461e281240f9b:0xbb5fa2547c25a863!8m2!3d-1.3425394!4d-48.4450289!16s%2Fg%2F11p4zv_9gl?hl=pt&entry=ttu&g_ep=EgoyMDI2MDkyMi4wIKXMDSoASAFQAw%3D%3D",rodada_2_recuperado,Parque Verde,ChIJmw8kgeJhpJIRY6glfFSiX7s,2026-09-25,19:28:51
ChIJn0ct1KuLpJIRUEmSYzumc3Y,8535348492801034576,Açai Bis,Loja de açaí,"Açai Bis - Av. Dalva, 304 - Marambaia, Belém - PA, 66615-850","Açai Bis - Av. Dalva, 304 - Marambaia, Belém - PA, 66615-850",(91) 98182-3499,https://pedido.anota.ai/loja/acai-bis?f=msa,-1.403895,-48.441728,4.000000,184,,R$ 20–40,"{""domingo"":[""07:00–15:00""],""quarta-feira"":[""07:00–22:00""],""quinta-feira"":[""07:00–22:00""],""segunda-feira"":[""07:00–22:00""],""sexta-feira"":[""07:00–22:00""],""sábado"":[""07:00–22:00""],""terça-feira"":[""07:00–22:00""]}","https://www.google.com/maps/place/A%C3%A7ai+Bis/@-1.403895,-48.441728,17z/data=!4m6!3m5!1s0x92a48babd42d479f:0x7673a63b63924950!8m2!3d-1.4038945!4d-48.4417281!16s%2Fg%2F1q2wj7vsc?hl=pt&entry=ttu&g_ep=EgoyMDI2MDkyMi4wIKXMDSoASAFQAw%3D%3D",rodada_2_recuperado,Parque Verde,ChIJn0ct1KuLpJIRUEmSYzumc3Y,2026-09-25,19:29:37
ChIJn2TOBYyPpJIRWffJNWJNYx4,2189678928036755289,Restaurante Amazônia na Cuia - Comidas Típicas Paraenses,Restaurante,"Restaurante Amazônia na Cuia - Comidas Típicas Paraenses - R. Domingos Marreiros, 851 - Umarizal, Belém - PA, 66055-215","Restaurante Amazônia na Cuia - Comidas Típicas Paraenses - R. Domingos Marreiros, 851 - Umarizal, Belém - PA, 66055-215",(91) 98103-0036,http://www.amazonianacuia.com/,-1.445001,-48.480011,4.900000,12313,,R$ 40–140,"{""domingo"":[""11:00–16:00"",""18:00–23:00""],""quarta-feira"":[""11:00–16:00"",""18:00–23:00""],""quinta-feira"":[""11:00–16:00"",""18:00–23:00""],""segunda-feira"":[""11:00–16:00"",""18:00–23:00""],""sexta-feira"":[""11:00–16:00"",""18:00–23:00""],""sábado"":[""11:00–16:00"",""18:00–23:00""],""terça-feira"":[""11:00–16:00"",""18:00–23:00""]}","https://www.google.com/maps/place/Restaurante+Amaz%C3%B4nia+na+Cuia+-+Comidas+T%C3%ADpicas+Paraenses/@-1.445001,-48.480011,17z/data=!4m6!3m5!1s0x92a48f8c05ce649f:0x1e634d6235c9f759!8m2!3d-1.4450015!4d-48.4800109!16s%2Fg%2F11lk8qw6w0?hl=pt&entry=ttu&g_ep=EgoyMDI2MDkyMi4wIKXMDSoASAFQAw%3D%3D",rodada_2_recuperado,Pratinha,ChIJn2TOBYyPpJIRWffJNWJNYx4,2026-09-25,19:30:23
ChIJnfhsaRdnpJIRySmzydfhmEw,5519409660260723145,REI DO AÇAI o melhor de Icoaraci,Fabricante de alimentos,"REI DO AÇAI o melhor de Icoaraci - R. Castelo Branco, 218 B - Paracuri, Belém - PA, 66811-535","REI DO AÇAI o melhor de Icoaraci - R. Castelo Branco, 218 B - Paracuri, Belém - PA, 66811-535",(91) 98440-6952,,-1.311077,-48.471996,0.000000,0,,,"{""domingo"":[""08:00–14:30""],""quarta-feira"":[""08:00–14:30""],""quinta-feira"":[""08:00–14:30""],""segunda-feira"":[""08:00–14:30""],""sexta-feira"":[""08:00–14:30""],""sábado"":[""08:00–14:30""],""terça-feira"":[""08:00–14:30""]}",https://www.google.com/maps/place/REI+DO+A%C3%87AI+o+melhor+de+Icoaraci/data=!4m7!3m6!1s0x92a46717696cf89d:0x4c98e1d7c9b329c9!8m2!3d-1.3110772!4d-48.471996!16s%2Fg%2F11w24j9rsl!19sChIJnfhsaRdnpJIRySmzydfhmEw?authuser=0&hl=pt-BR&g_ep=EgoyMDI2MDkyMi4wIJJjKgBIAVAD&rclk=1,rodada_2_recuperado,Icoaraci,ChIJnfhsaRdnpJIRySmzydfhmEw,2026-09-25,19:31:09
ChIJnxFcvBphpJIRRl080vq88sw,14768073913556294982,Rei Do AÇAÍ,Restaurante,"Rei Do AÇAÍ - Passagem Fernando Velasco, 463 - Cidade Nova, Ananindeua - PA, 67130-830","Rei Do AÇAÍ - Passagem Fernando Velasco, 463 - Cidade Nova, Ananindeua - PA, 67130-830",(91) 98342-7059,,-1.367674,-48.402241,4.500000,4,,,"{""domingo"":[""07:00–03:00""],""quarta-feira"":[""07:00–03:00""],""quinta-feira"":[""07:00–03:00""],""segunda-feira"":[""07:00–03:00""],""sexta-feira"":[""07:00–03:00""],""sábado"":[""07:00–03:00""],""terça-feira"":[""07:00–03:00""]}",https://www.google.com/maps/place/Rei+Do+A%C3%87A%C3%8D/data=!4m7!3m6!1s0x92a4611abc5c119f:0xccf2bcfad23c5d46!8m2!3d-1.367674!4d-48.402241!16s%2Fg%2F11gr2f84v8!19sChIJnxFcvBphpJIRRl080vq88sw?authuser=0&hl=pt-BR&g_ep=EgoyMDI2MDkyMi4wIJJjKgBIAVAD&rclk=1,rodada_2_recuperado,Una,ChIJnxFcvBphpJIRRl080vq88sw,2026-09-25,19:31:42
ChIJnxie5LBnpJIR1kHczI2NoXE,8187981237703164374,Açaí cristal o sabor da Amazônia,Loja de açaí,"Açaí cristal o sabor da Amazônia - Passagem Brasília, Box 02 - Icoaraci, Belém - PA, 66815-190","Açaí cristal o sabor da Amazônia - Passagem Brasília, Box 02 - Icoaraci, Belém - PA, 66815-190",(91) 99103-6318,,-1.301407,-48.462410,5.000000,1,FECHADO,,{},"https://www.google.com/maps/place/A%C3%A7a%C3%AD+cristal+o+sabor+da+Amaz%C3%B4nia/@-1.301407,-48.46241,17z/data=!4m6!3m5!1s0x92a467b0e49e189f:0x71a18d8dccdc41d6!8m2!3d-1.3014073!4d-48.4624096!16s%2Fg%2F11q41z14gd?hl=pt&entry=ttu&g_ep=EgoyMDI2MDkyMi4wIKXMDSoASAFQAw%3D%3D",rodada_2_recuperado,Icoaraci,ChIJnxie5LBnpJIR1kHczI2NoXE,2026-09-25,19:32:27
ChIJo3wWnF9npJIR4EgAqolxg7Y,13151480172928583904,Açaí paid'égua,Restaurante,"Açaí paid'égua - esquina morada de Deua 1, Estr. Piraiba, 30 - Maracacuera, Belém - PA","Açaí paid'égua - esquina morada de Deua 1, Estr. Piraiba, 30 - Maracacuera, Belém - PA",(91) 98742-6959,,-1.290653,-48.458296,5.000000,6,,,{},https://www.google.com/maps/place/A%C3%A7a%C3%AD+paid%27%C3%A9gua/data=!4m7!3m6!1s0x92a4675f9c167ca3:0xb6837189aa0048e0!8m2!3d-1.2906534!4d-48.4582958!16s%2Fg%2F11nldzh_fn!19sChIJo3wWnF9npJIR4EgAqolxg7Y?authuser=0&hl=pt-BR&g_ep=EgoyMDI2MDkyMi4wIJJjKgBIAVAD&rclk=1,rodada_2_recuperado,Icoaraci,ChIJo3wWnF9npJIR4EgAqolxg7Y,2026-09-25,19:33:12
ChIJo9s5TCpfpJIR8Huys9JKUHs,8885684333620394992,Açaí Ananindeua,Fabricante de alimentos,"conjunto geraldo palmeiras - R. Jose Levindo de Medeiros, quadra 30 B N 23 - Centro, Ananindeua - PA, 67000-000","conjunto geraldo palmeiras - R. Jose Levindo de Medeiros, quadra 30 B N 23 - Centro, Ananindeua - PA, 67000-000",(91) 98495-1348,https://www.instagram.com/acai_ananindeua?igsh=enQ4N2Rya25lNmxs,-1.354910,-48.364613,5.000000,7,,,"{""domingo"":[""09:00–14:30""],""quarta-feira"":[""09:00–22:00""],""quinta-feira"":[""09:00–22:00""],""segunda-feira"":[""09:00–22:00""],""sexta-feira"":[""09:00–22:00""],""sábado"":[""09:00–22:00""],""terça-feira"":[""09:00–22:00""]}",https://www.google.com/maps/place/A%C3%A7a%C3%AD+Ananindeua/data=!4m7!3m6!1s0x92a45f2a4c39dba3:0x7b504ad2b3b27bf0!8m2!3d-1.3549101!4d-48.3646131!16s%2Fg%2F11z80zc1v6!19sChIJo9s5TCpfpJIR8Huys9JKUHs?authuser=0&hl=pt-BR&g_ep=EgoyMDI2MDkyMi4wIJJjKgBIAVAD&rclk=1,rodada_2_recuperado,Tapajós,ChIJo9s5TCpfpJIR8Huys9JKUHs,2026-09-25,19:34:55
ChIJoWOjUqBfpJIRv_17U2FQS7M,12919508334985084351,Açaí Natural,,"atrás do colina! - Tv. We Sessenta - Cidade Nova, Ananindeua - PA, 66017-970","atrás do colina! - Tv. We Sessenta - Cidade Nova, Ananindeua - PA, 66017-970",(91) 98639-7985,,-1.356418,-48.393696,0.000000,0,,,{},https://www.google.com/maps/place/A%C3%A7a%C3%AD+Natural/data=!4m7!3m6!1s0x92a45fa052a363a1:0xb34b5061537bfdbf!8m2!3d-1.356418!4d-48.3936961!16s%2Fg%2F11y4q9fhyb!19sChIJoWOjUqBfpJIRv_17U2FQS7M?authuser=0&hl=pt-BR&g_ep=EgoyMDI2MDkyMi4wIJJjKgBIAVAD&rclk=1,rodada_2_recuperado,Una,ChIJoWOjUqBfpJIRv_17U2FQS7M,2026-09-25,19:35:40
ChIJo_1aMPSLpJIRqWuFkpMPnDw,4367382865135365033,Empório Amazônico,Restaurante,"Empório Amazônico - Tv. Alferes Costa, 2695 - Pedreira, Belém - PA, 66083-109","Empório Amazônico - Tv. Alferes Costa, 2695 - Pedreira, Belém - PA, 66083-109",,,-1.424918,-48.457808,4.700000,1627,"Comida regional, bebidas e artesanato",,"{""domingo"":[""11:30–15:00""],""quarta-feira"":[""11:30–15:00"",""18:00–22:00""],""quinta-feira"":[""11:30–15:00"",""18:00–22:00""],""segunda-feira"":[""11:30–15:00"",""18:00–22:00""],""sexta-feira"":[""11:30–15:00"",""18:00–22:00""],""sábado"":[""11:30–15:00"",""18:00–22:00""],""terça-feira"":[""11:30–15:00"",""18:00–22:00""]}","https://www.google.com/maps/place/Emp%C3%B3rio+Amaz%C3%B4nico/@-1.424918,-48.457808,17z/data=!4m6!3m5!1s0x92a48bf4305afda3:0x3c9c0f9392856ba9!8m2!3d-1.4249176!4d-48.4578084!16s%2Fg%2F1pv5xmpm1?hl=pt&entry=ttu&g_ep=EgoyMDI2MDkyMi4wIKXMDSoASAFQAw%3D%3D",rodada_2_recuperado,Parque Verde,ChIJo_1aMPSLpJIRqWuFkpMPnDw,2026-09-25,19:36:26
ChIJox9QhCpnpJIROBvj8qyNb10,6732755741891042104,Açaí + Sabor,Mercado,"Açaí + Sabor - Tv. Águas Negras, 22 - Águas Negras, Belém - PA, 66822-430","Açaí + Sabor - Tv. Águas Negras, 22 - Águas Negras, Belém - PA, 66822-430",(91) 98114-2849,,-1.305194,-48.461039,5.000000,2,,,"{""domingo"":[""09:00–22:30""],""quarta-feira"":[""09:00–23:00""],""quinta-feira"":[""09:00–23:00""],""segunda-feira"":[""09:00–23:00""],""sexta-feira"":[""09:00–23:00""],""sábado"":[""09:00–23:00""],""terça-feira"":[""09:00–23:00""]}",https://www.google.com/maps/place/A%C3%A7a%C3%AD+%2B+Sabor/data=!4m7!3m6!1s0x92a4672a84501fa3:0x5d6f8dacf2e31b38!8m2!3d-1.3051939!4d-48.4610395!16s%2Fg%2F11t9cpm53f!19sChIJox9QhCpnpJIROBvj8qyNb10?authuser=0&hl=pt-BR&g_ep=EgoyMDI2MDkyMi4wIJJjKgBIAVAD&rclk=1,rodada_2_recuperado,Parque Guajará,ChIJox9QhCpnpJIROBvj8qyNb10,2026-09-25,19:37:11
ChIJoxiH9KiKpJIROdZNiCL459k,15701791453049902649,Ponto do Açaí,Restaurante,"Ponto do Açaí - Est. da Providência, 171 Est. da Providência 171 Cidade Nova 1, Ananindeua - PA, 67130-670","Ponto do Açaí - Est. da Providência, 171 Est. da Providência 171 Cidade Nova 1, Ananindeua - PA, 67130-670",,,-1.372181,-48.407457,3.400000,5,,,"{""domingo"":[""09:00–14:00""],""quarta-feira"":[""08:30–14:00""],""quinta-feira"":[""08:30–14:00""],""segunda-feira"":[""08:30–14:00""],""sexta-feira"":[""08:30–14:00""],""sábado"":[""08:30–14:00""],""terça-feira"":[""08:30–14:00""]}",https://www.google.com/maps/place/Ponto+do+A%C3%A7a%C3%AD/data=!4m7!3m6!1s0x92a48aa8f48718a3:0xd9e7f822884dd639!8m2!3d-1.3721815!4d-48.4074572!16s%2Fg%2F11fyzbt3p0!19sChIJoxiH9KiKpJIROdZNiCL459k?authuser=0&hl=pt-BR&g_ep=EgoyMDI2MDkyMi4wIJJjKgBIAVAD&rclk=1,rodada_2_recuperado,Una,ChIJoxiH9KiKpJIROdZNiCL459k,2026-09-25,19:38:08
ChIJoz5xMmdhpJIR6vYLlL1UIaM,11754769675623069418,Atacadão do ovo,Fornecedor de ovos,"Jonh Giliard - Pratinha 2, Belém - PA, 66000-000","Jonh Giliard - Pratinha 2, Belém - PA, 66000-000",(91) 98267-1639,,-1.361343,-48.466869,4.200000,5,,,"{""domingo"":[""07:30–12:00""],""quarta-feira"":[""08:00–19:30""],""quinta-feira"":[""08:00–19:30""],""segunda-feira"":[""08:00–19:30""],""sexta-feira"":[""00:00–07:30"",""08:00–19:30""],""sábado"":[""08:00–19:00""],""terça-feira"":[""08:00–19:30""]}",https://www.google.com/maps/place/Atacad%C3%A3o+do+ovo/data=!4m7!3m6!1s0x92a4616732713ea3:0xa32154bd940bf6ea!8m2!3d-1.361343!4d-48.466869!16s%2Fg%2F11h401q0pg!19sChIJoz5xMmdhpJIR6vYLlL1UIaM?authuser=0&hl=pt-BR&g_ep=EgoyMDI2MDkyMi4wIJJjKgBIAVAD&rclk=1,rodada_2_recuperado,Pratinha,ChIJoz5xMmdhpJIR6vYLlL1UIaM,2026-09-25,19:39:06
ChIJpRNKywlhpJIR1xYLQAz9rdA,15036952959915857623,Açaí Do Rogério,Restaurante,"Açaí Do Rogério - Rod. Augusto Montenegro, 14 - Castanheira, Belém - PA, 66645-001","Açaí Do Rogério - Rod. Augusto Montenegro, 14 - Castanheira, Belém - PA, 66645-001",,,-1.341166,-48.451250,0.000000,0,,,{},https://www.google.com/maps/place/A%C3%A7a%C3%AD+Do+Rog%C3%A9rio/data=!4m7!3m6!1s0x92a46109cb4a13a5:0xd0adfd0c400b16d7!8m2!3d-1.3411656!4d-48.4512503!16s%2Fg%2F11l6t1xy5j!19sChIJpRNKywlhpJIR1xYLQAz9rdA?authuser=0&hl=pt-BR&g_ep=EgoyMDI2MDkyMi4wIJJjKgBIAVAD&rclk=1,rodada_2_recuperado,Tenoné,ChIJpRNKywlhpJIR1xYLQAz9rdA,2026-09-25,19:39:39
ChIJpWPvsqxlpJIRHhfaXRD1ARA,1153472430226413342,Açaí paiD'égua Restô,Restaurante,"Açaí paiD'égua Restô - Tv. Berredos, 975 A - Ponta Grossa, Belém - PA, 66812-440","Açaí paiD'égua Restô - Tv. Berredos, 975 A - Ponta Grossa, Belém - PA, 66812-440",,,-1.306287,-48.480062,4.300000,6,,,"{""domingo"":[""10:00–15:00""],""quarta-feira"":[""10:00–15:00""],""quinta-feira"":[""10:00–15:00""],""segunda-feira"":[""10:00–15:00""],""sexta-feira"":[""10:00–15:00""],""sábado"":[""10:00–15:00""],""terça-feira"":[""10:00–15:00""]}",https://www.google.com/maps/place/A%C3%A7a%C3%AD+paiD%27%C3%A9gua+Rest%C3%B4/data=!4m7!3m6!1s0x92a465acb2ef63a5:0x1001f5105dda171e!8m2!3d-1.3062873!4d-48.4800622!16s%2Fg%2F11vf0v14n7!19sChIJpWPvsqxlpJIRHhfaXRD1ARA?authuser=0&hl=pt-BR&g_ep=EgoyMDI2MDkyMi4wIJJjKgBIAVAD&rclk=1,rodada_2_recuperado,Icoaraci,ChIJpWPvsqxlpJIRHhfaXRD1ARA,2026-09-25,19:40:12
ChIJq3D8Pb5mpJIRXbZ4tap-UoM,9462765038712960605,Açai Raízes do Pedrinho,Lanchonete,"Açai Raízes do Pedrinho - Passagem Brasília, 10 - Agulha, Belém - PA, 66815-160","Açai Raízes do Pedrinho - Passagem Brasília, 10 - Agulha, Belém - PA, 66815-160",,,-1.299123,-48.462493,4.500000,14,,,"{""domingo"":[""09:30–14:00""],""quarta-feira"":[""09:30–14:00""],""quinta-feira"":[""09:30–14:00""],""segunda-feira"":[""09:30–14:00""],""sexta-feira"":[""09:30–14:00""],""sábado"":[""09:30–14:00""],""terça-feira"":[""09:30–14:00""]}","https://www.google.com/maps/place/A%C3%A7ai+Ra%C3%ADzes+do+Pedrinho/@-1.299123,-48.462493,17z/data=!4m6!3m5!1s0x92a466be3dfc70ab:0x83527eaab578b65d!8m2!3d-1.2991235!4d-48.4624931!16s%2Fg%2F1pzs7dq0q?hl=pt&entry=ttu&g_ep=EgoyMDI2MDkyMi4wIKXMDSoASAFQAw%3D%3D",rodada_2_recuperado,Icoaraci,ChIJq3D8Pb5mpJIRXbZ4tap-UoM,2026-09-25,19:40:46
ChIJq6ij16OOpJIRvzx_VvEQzr4,13748945341133044927,Cairu,Sorveteria,"Cairu - Tv. Dom Romualdo de Seixas, 1139 - Umarizal, Belém - PA, 66055-200","Cairu - Tv. Dom Romualdo de Seixas, 1139 - Umarizal, Belém - PA, 66055-200",(91) 3223-2955,https://instagram.com/sorveteriacairu?igshid=bqh6xafb32dk,-1.442062,-48.484044,4.700000,3988,Sorvetes artesanais com frutas da região,,"{""domingo"":[""10:20–23:30""],""quarta-feira"":[""10:20–23:30""],""quinta-feira"":[""10:20–23:30""],""segunda-feira"":[""10:20–23:30""],""sexta-feira"":[""10:20–23:30""],""sábado"":[""10:20–23:30""],""terça-feira"":[""10:20–23:30""]}",https://www.google.com/maps/place/Cairu/data=!4m7!3m6!1s0x92a48ea3d7a3a8ab:0xbece10f1567f3cbf!8m2!3d-1.4420624!4d-48.4840445!16s%2Fg%2F1tsyl7zl!19sChIJq6ij16OOpJIRvzx_VvEQzr4?authuser=0&hl=pt-BR&g_ep=EgoyMDI2MDkyMy4wIJJjKgBIAVAD&rclk=1,rodada_2_recuperado,Pratinha,ChIJq6ij16OOpJIRvzx_VvEQzr4,2026-09-25,19:41:31
ChIJqT0k0LWLpJIRZ_xjmCI2bHw,8965600480401292391,Sorveteria Blaus complexo do 8,Sorveteria,"Parque do VIII - R. Providência, 310 - Cidade Nova, Ananindeua - PA, 67015-260","Parque do VIII - R. Providência, 310 - Cidade Nova, Ananindeua - PA, 67015-260",,,-1.359385,-48.409563,5.000000,2,,,"{""domingo"":[""17:00–23:00""],""quarta-feira"":[""17:00–23:00""],""quinta-feira"":[""17:00–23:00""],""segunda-feira"":[""17:00–23:00""],""sexta-feira"":[""17:00–23:00""],""sábado"":[""17:00–23:00""],""terça-feira"":[""17:00–23:00""]}","https://www.google.com/maps/place/Sorveteria+Blaus+complexo+do+8/@-1.359385,-48.409563,17z/data=!4m6!3m5!1s0x92a48bb5d0243da9:0x7c6c36229863fc67!8m2!3d-1.3593847!4d-48.4095627!16s%2Fg%2F11yqwj576d?hl=pt&entry=ttu&g_ep=EgoyMDI2MDkyMi4wIKXMDSoASAFQAw%3D%3D",rodada_2_recuperado,Coqueiro,ChIJqT0k0LWLpJIRZ_xjmCI2bHw,2026-09-25,19:42:16
ChIJqU_0Av6KpJIR575v5PhVD4c,9732091847243710183,POLPAS BELEM,Sorveteria,"POLPAS BELEM - Tv. Dois, 152 - Castanheira, Belém - PA, 66645-830","POLPAS BELEM - Tv. Dois, 152 - Castanheira, Belém - PA, 66645-830",(91) 99625-2679,,-1.399921,-48.434244,5.000000,8,,,"{""domingo"":[""Fechado""],""quarta-feira"":[""08:00–13:00"",""15:00–19:00""],""quinta-feira"":[""08:00–13:00"",""15:00–19:00""],""segunda-feira"":[""08:00–13:00"",""15:00–19:00""],""sexta-feira"":[""08:00–13:00"",""15:00–19:00""],""sábado"":[""08:00–13:00"",""16:00–19:00""],""terça-feira"":[""08:00–13:00"",""15:00–19:00""]}",https://www.google.com/maps/place/POLPAS+BELEM/data=!4m7!3m6!1s0x92a48afe02f44fa9:0x870f55f8e46fbee7!8m2!3d-1.3999212!4d-48.4342436!16s%2Fg%2F11nq8t6pjc!19sChIJqU_0Av6KpJIR575v5PhVD4c?authuser=0&hl=pt-BR&g_ep=EgoyMDI2MDkyMi4wIJJjKgBIAVAD&rclk=1,rodada_2_recuperado,Parque Verde,ChIJqU_0Av6KpJIR575v5PhVD4c,2026-09-25,19:43:01
ChIJqZLpzBhkpJIRbmBzxR5C_Ts,4322683917274669166,Líder Icoaraci,Supermercado,"Líder Icoaraci - R. Quinze de Agosto, 631 - Cruzeiro, Belém - PA, 66810-070","Líder Icoaraci - R. Quinze de Agosto, 631 - Cruzeiro, Belém - PA, 66810-070",(91) 4008-1011,http://www.grupolideronline.com.br/,-1.300030,-48.483814,4.000000,4935,,,"{""domingo"":[""07:00–20:00""],""quarta-feira"":[""07:00–22:00""],""quinta-feira"":[""07:00–22:00""],""segunda-feira"":[""07:00–22:00""],""sexta-feira"":[""07:00–22:00""],""sábado"":[""07:00–22:00""],""terça-feira"":[""07:00–22:00""]}","https://www.google.com/maps/place/L%C3%ADder+Icoaraci/@-1.30003,-48.483814,17z/data=!4m6!3m5!1s0x92a46418cce992a9:0x3bfd421ec573606e!8m2!3d-1.3000302!4d-48.4838137!16s%2Fg%2F1tgcnc3l?hl=pt&entry=ttu&g_ep=EgoyMDI2MDkyMy4wIKXMDSoASAFQAw%3D%3D",rodada_2_recuperado,Icoaraci,ChIJqZLpzBhkpJIRbmBzxR5C_Ts,2026-09-25,19:43:59
ChIJqwkkL6lfpJIRSpz2isajljA,3501165833457409098,Açaí do Jorge,Restaurante,"Açaí do Jorge - Distrito Industrial, Ananindeua - PA, 67000-000","Açaí do Jorge - Distrito Industrial, Ananindeua - PA, 67000-000",(91) 98355-6848,,-1.346342,-48.364251,4.400000,7,,,"{""domingo"":[""08:00–14:00"",""18:00–22:00""],""quarta-feira"":[""08:00–14:00"",""18:00–22:00""],""quinta-feira"":[""08:00–14:00"",""18:00–22:00""],""segunda-feira"":[""08:00–14:00"",""18:00–22:00""],""sexta-feira"":[""08:00–14:00"",""18:00–22:00""],""sábado"":[""08:00–14:00"",""18:00–22:00""],""terça-feira"":[""08:00–14:00"",""18:00–22:00""]}",https://www.google.com/maps/place/A%C3%A7a%C3%AD+do+Jorge/data=!4m7!3m6!1s0x92a45fa92f2409ab:0x3096a3c68af69c4a!8m2!3d-1.346342!4d-48.364251!16s%2Fg%2F11hc_1mwp_!19sChIJqwkkL6lfpJIRSpz2isajljA?authuser=0&hl=pt-BR&g_ep=EgoyMDI2MDkyMi4wIJJjKgBIAVAD&rclk=1,rodada_2_recuperado,Tapajós,ChIJqwkkL6lfpJIRSpz2isajljA,2026-09-25,19:44:44
ChIJqzyD60dhpJIRqqroGuZGCDs,4253727802159311530,Frutos de Goiás Ananindeua,Sorveteria,"Frutos de Goiás Ananindeua - Tv. SN 03, 844 - Coqueiro, Ananindeua - PA, 67133-310","Frutos de Goiás Ananindeua - Tv. SN 03, 844 - Coqueiro, Ananindeua - PA, 67133-310",(91) 98580-2449,,-1.365725,-48.405719,4.900000,60,,,"{""domingo"":[""16:00–23:00""],""quarta-feira"":[""17:00–23:00""],""quinta-feira"":[""17:00–23:00""],""segunda-feira"":[""17:00–23:00""],""sexta-feira"":[""17:00–23:00""],""sábado"":[""16:00–23:00""],""terça-feira"":[""17:00–23:00""]}","https://www.google.com/maps/place/Frutos+de+Goi%C3%A1s+Ananindeua/@-1.365725,-48.405719,17z/data=!4m6!3m5!1s0x92a46147eb833cab:0x3b0846e61ae8aaaa!8m2!3d-1.3657247!4d-48.4057194!16s%2Fg%2F11xrwyyxkg?hl=pt&entry=ttu&g_ep=EgoyMDI2MDkyMi4wIKXMDSoASAFQAw%3D%3D",rodada_2_recuperado,Una,ChIJqzyD60dhpJIRqqroGuZGCDs,2026-09-25,19:45:17
ChIJr4yWZQCPpJIRQiiG80zsV-s,16958282737134217282,Açai DuElvis,Restaurante,"Açai DuElvis - R. Antônio Barreto, 478 - Fátima, Belém - PA, 66055-050","Açai DuElvis - R. Antônio Barreto, 478 - Fátima, Belém - PA, 66055-050",(91) 99285-5858,https://www.instagram.com/acaiduelvis,-1.445013,-48.483912,4.800000,6,,,"{""domingo"":[""09:00–14:00""],""quarta-feira"":[""09:00–14:00""],""quinta-feira"":[""09:00–14:00""],""segunda-feira"":[""09:00–14:00""],""sexta-feira"":[""09:00–14:00""],""sábado"":[""09:00–14:00""],""terça-feira"":[""09:00–14:00""]}",https://www.google.com/maps/place/A%C3%A7ai+DuElvis/data=!4m7!3m6!1s0x92a48f0065968caf:0xeb57ec4cf3862842!8m2!3d-1.4450129!4d-48.4839125!16s%2Fg%2F11w1q5h69r!19sChIJr4yWZQCPpJIRQiiG80zsV-s?authuser=0&hl=pt-BR&g_ep=EgoyMDI2MDkyMy4wIJJjKgBIAVAD&rclk=1,rodada_2_recuperado,Pratinha,ChIJr4yWZQCPpJIRQiiG80zsV-s,2026-09-25,19:46:02
ChIJr5NrtF6PpJIRTYlcLlXbyLc,13243075863179462989,Point do Açaí Belle Époque Bar,Restaurante,"Point do Açaí Belle Époque Bar - Blvd. Castilhos França, 744B - Campina, Belém - PA, 66010-020","Point do Açaí Belle Époque Bar - Blvd. Castilhos França, 744B - Campina, Belém - PA, 66010-020",(91) 98538-7780,,-1.448743,-48.498461,4.600000,147,,R$ 60–160,"{""domingo"":[""08:00–16:30""],""quarta-feira"":[""08:00–23:00""],""quinta-feira"":[""08:00–23:00""],""segunda-feira"":[""08:00–16:00""],""sexta-feira"":[""08:00–23:00""],""sábado"":[""08:00–23:00""],""terça-feira"":[""08:00–23:00""]}","https://www.google.com/maps/place/Point+do+A%C3%A7a%C3%AD+Belle+%C3%89poque+Bar/@-1.448743,-48.498461,17z/data=!4m6!3m5!1s0x92a48f5eb46b93af:0xb7c8db552e5c894d!8m2!3d-1.4487425!4d-48.4984606!16s%2Fg%2F11wwfpnpnp?hl=pt&entry=ttu&g_ep=EgoyMDI2MDkyMy4wIKXMDSoASAFQAw%3D%3D",rodada_2_recuperado,Pratinha,ChIJr5NrtF6PpJIRTYlcLlXbyLc,2026-09-25,19:46:36
ChIJr7caxKRmpJIRX-2eIzx6MX0,9021125927314058591,Império do Açai,,"Império do Açai - R. Oito de Maio, 268 - Campina de Icoaraci, Belém - PA, 66813-085","Império do Açai - R. Oito de Maio, 268 - Campina de Icoaraci, Belém - PA, 66813-085",,,-1.303373,-48.469627,5.000000,1,,,{},https://www.google.com/maps/place/Imp%C3%A9rio+do+A%C3%A7ai/data=!4m7!3m6!1s0x92a466a4c41ab7af:0x7d317a3c239eed5f!8m2!3d-1.3033734!4d-48.469627!16s%2Fg%2F11lp52qghx!19sChIJr7caxKRmpJIRX-2eIzx6MX0?authuser=0&hl=pt-BR&g_ep=EgoyMDI2MDkyMi4wIJJjKgBIAVAD&rclk=1,rodada_2_recuperado,Icoaraci,ChIJr7caxKRmpJIRX-2eIzx6MX0,2026-09-25,19:47:21
ChIJs1ANX0plpJIRj6lqJlSEIa4,12547455533787556239,Orla de Icoaraci,Atração turística,"Orla de Icoaraci - Icoaraci, Belém - PA, 66810-020","Orla de Icoaraci - Icoaraci, Belém - PA, 66810-020",,,-1.294902,-48.489964,4.700000,7103,,,{},"https://www.google.com/maps/place/Orla+de+Icoaraci/@-1.294902,-48.489964,17z/data=!4m6!3m5!1s0x92a4654a5f0d50b3:0xae218454266aa98f!8m2!3d-1.2949022!4d-48.4899643!16s%2Fg%2F11lrf3xsc1?hl=pt&entry=ttu&g_ep=EgoyMDI2MDkyMi4wIKXMDSoASAFQAw%3D%3D",rodada_2_recuperado,Icoaraci,ChIJs1ANX0plpJIRj6lqJlSEIa4,2026-09-25,19:48:06
ChIJs5J2f0JhpJIRTXd6SlZfYRY,1612674965796714317,Cantinho do Sorvete,Sorveteria,"Conjunto Tapajós - R. Bebedouro, 59 - Tapanã, Belém - PA, 67140-400","Conjunto Tapajós - R. Bebedouro, 59 - Tapanã, Belém - PA, 67140-400",(91) 98157-5658,,-1.341925,-48.462232,0.000000,0,,,"{""domingo"":[""Fechado""],""quarta-feira"":[""17:00–21:30""],""quinta-feira"":[""17:00–21:30""],""segunda-feira"":[""17:00–21:30""],""sexta-feira"":[""17:00–21:30""],""sábado"":[""17:00–21:30""],""terça-feira"":[""17:00–21:30""]}",https://www.google.com/maps/place/Cantinho+do+Sorvete/data=!4m7!3m6!1s0x92a461427f7692b3:0x16615f564a7a774d!8m2!3d-1.3419249!4d-48.4622316!16s%2Fg%2F11shtby9c7!19sChIJs5J2f0JhpJIRTXd6SlZfYRY?authuser=0&hl=pt-BR&g_ep=EgoyMDI2MDkyMi4wIJJjKgBIAVAD&rclk=1,rodada_2_recuperado,Parque Verde,ChIJs5J2f0JhpJIRTXd6SlZfYRY,2026-09-25,19:48:51
ChIJsUSZweKLpJIRAr51BlL611Q,6113630249381379586,Guaraná Tropical,Lanchonete,"Guaraná Tropical - R. Olinda, 3854 - Val-de-Cans, Belém - PA, 66617-570","Guaraná Tropical - R. Olinda, 3854 - Val-de-Cans, Belém - PA, 66617-570",,,-1.398366,-48.474922,4.700000,13,,,"{""domingo"":[""Fechado""],""quarta-feira"":[""16:30–00:00""],""quinta-feira"":[""16:30–00:00""],""segunda-feira"":[""16:30–00:00""],""sexta-feira"":[""16:30–00:00""],""sábado"":[""16:30–00:00""],""terça-feira"":[""16:30–00:00""]}","https://www.google.com/maps/place/Guaran%C3%A1+Tropical/@-1.398366,-48.474922,17z/data=!4m6!3m5!1s0x92a48be2c19944b1:0x54d7fa520675be02!8m2!3d-1.3983663!4d-48.4749225!16s%2Fg%2F11qjng51rm?hl=pt&entry=ttu&g_ep=EgoyMDI2MDkyMi4wIKXMDSoASAFQAw%3D%3D",rodada_2_recuperado,Pratinha,ChIJsUSZweKLpJIRAr51BlL611Q,2026-09-25,19:49:37
ChIJsajgVviNpJIR9njBgkFy2Uo,5393467654445037814,Live Açaí - Av. João Paulo II,Loja de açaí,"Live Açaí - Av. João Paulo II - Av. João Paulo II, 850 - Lj 1 A - Marco, Belém - PA, 66095-493","Live Açaí - Av. João Paulo II - Av. João Paulo II, 850 - Lj 1 A - Marco, Belém - PA, 66095-493",,,-1.441358,-48.457798,4.300000,20,,R$ 1–60,"{""domingo"":[""14:00–22:00""],""quarta-feira"":[""15:00–22:00""],""quinta-feira"":[""15:00–22:00""],""segunda-feira"":[""15:00–22:00""],""sexta-feira"":[""14:00–22:00""],""sábado"":[""14:00–22:00""],""terça-feira"":[""15:00–22:00""]}","https://www.google.com/maps/place/Live+A%C3%A7a%C3%AD+-+Av.+Jo%C3%A3o+Paulo+II/@-1.441358,-48.457798,17z/data=!4m6!3m5!1s0x92a48df856e0a8b1:0x4ad9724182c178f6!8m2!3d-1.4413585!4d-48.4577982!16s%2Fg%2F11x5n6h2ln?hl=pt&entry=ttu&g_ep=EgoyMDI2MDkyMy4wIKXMDSoASAFQAw%3D%3D",rodada_2_recuperado,Una,ChIJsajgVviNpJIR9njBgkFy2Uo,2026-09-25,19:50:22
ChIJseDzZSJkpJIRxlgLgPO_81c,6337620153186605254,Tapiocaria Regional (Icoaraci),Cafeteria,"Tapiocaria Regional (Icoaraci) - Travessa Souza Franco 638 Esq. com a Rua 15 de Agosto (4° rua - Cruzeiro, Belém - PA, 66810-070","Tapiocaria Regional (Icoaraci) - Travessa Souza Franco 638 Esq. com a Rua 15 de Agosto (4° rua - Cruzeiro, Belém - PA, 66810-070",(91) 98440-4330,https://bio.link/tapiocaria_regional,-1.304648,-48.483476,4.800000,1147,A presença de cães é permitida,,"{""domingo"":[""07:00–12:00""],""quarta-feira"":[""07:00–12:00"",""15:00–21:00""],""quinta-feira"":[""07:00–12:00"",""15:00–21:00""],""segunda-feira"":[""Fechado""],""sexta-feira"":[""07:00–12:00"",""15:00–21:00""],""sábado"":[""07:00–12:00"",""15:00–21:00""],""terça-feira"":[""07:00–12:00"",""15:00–21:00""]}","https://www.google.com/maps/place/Tapiocaria+Regional+(Icoaraci)/@-1.304648,-48.483476,17z/data=!4m6!3m5!1s0x92a4642265f3e0b1:0x57f3bff3800b58c6!8m2!3d-1.3046481!4d-48.4834758!16s%2Fg%2F11dxl96dlp?hl=pt&entry=ttu&g_ep=EgoyMDI2MDkyMi4wIKXMDSoASAFQAw%3D%3D",rodada_2_recuperado,Icoaraci,ChIJseDzZSJkpJIRxlgLgPO_81c,2026-09-25,19:51:07
ChIJt4ALcVKJpJIRs5darLKZAXE,8142958593937414067,Amazônia Ferragens,Loja de materiais de construção,"Amazônia Ferragens - Rod. Arthur Bernardes, 49 A - Pratinha, Belém - PA, 66816-000","Amazônia Ferragens - Rod. Arthur Bernardes, 49 A - Pratinha, Belém - PA, 66816-000",(91) 98889-1940,https://www.instagram.com/amazoniaconstrucao/,-1.377716,-48.480709,4.800000,154,,,"{""domingo"":[""Fechado""],""quarta-feira"":[""08:00–18:00""],""quinta-feira"":[""08:00–18:00""],""segunda-feira"":[""08:00–18:00""],""sexta-feira"":[""08:00–18:00""],""sábado"":[""08:00–14:00""],""terça-feira"":[""08:00–18:00""]}","https://www.google.com/maps/place/Amaz%C3%B4nia+Ferragens/@-1.377716,-48.480709,17z/data=!4m6!3m5!1s0x92a48952710b80b7:0x710199b2ac5a97b3!8m2!3d-1.3777156!4d-48.4807095!16s%2Fg%2F1tmpx16r?hl=pt&entry=ttu&g_ep=EgoyMDI2MDkyMi4wIKXMDSoASAFQAw%3D%3D",rodada_2_recuperado,Pratinha,ChIJt4ALcVKJpJIRs5darLKZAXE,2026-09-25,19:51:52
ChIJt6gSO9lgpJIR94IPdQTixww,920953157592253175,Larik's Sanduicheria Artesanal,Lanchonete,"Larik's Sanduicheria Artesanal - Rua sn1, Quadra b - Tenoné, Belém - PA, 66820-003","Larik's Sanduicheria Artesanal - Rua sn1, Quadra b - Tenoné, Belém - PA, 66820-003",(91) 98164-3239,,-1.322511,-48.435617,4.800000,105,,R$ 20–40,"{""domingo"":[""19:29–00:30""],""quarta-feira"":[""19:29–00:30""],""quinta-feira"":[""19:29–00:30""],""segunda-feira"":[""Fechado""],""sexta-feira"":[""19:29–00:30""],""sábado"":[""19:29–00:30""],""terça-feira"":[""19:29–00:30""]}",https://www.google.com/maps/place/Larik%27s+Sanduicheria+Artesanal/data=!4m7!3m6!1s0x92a460d93b12a8b7:0xcc7e204750f82f7!8m2!3d-1.322511!4d-48.4356168!16s%2Fg%2F11cjpdq4t9!19sChIJt6gSO9lgpJIR94IPdQTixww?authuser=0&hl=pt-BR&g_ep=EgoyMDI2MDkyMy4wIJJjKgBIAVAD&rclk=1,rodada_2_recuperado,Tenoné,ChIJt6gSO9lgpJIR94IPdQTixww,2026-09-25,19:52:26
ChIJt7ERd99hpJIR509A8YuTXoE,9322050507960766439,Acaizeiro,Fabricação de alimentos,"Acaizeiro - R. Sideral, 174 - Coqueiro, Belém - PA, 66635-500","Acaizeiro - R. Sideral, 174 - Coqueiro, Belém - PA, 66635-500",(91) 98522-2467,,-1.356870,-48.442581,0.000000,0,,,"{""domingo"":[""09:00–19:00""],""quarta-feira"":[""09:00–19:00""],""quinta-feira"":[""09:00–19:00""],""segunda-feira"":[""09:00–19:00""],""sexta-feira"":[""09:00–19:00""],""sábado"":[""09:00–19:00""],""terça-feira"":[""09:00–19:00""]}",https://www.google.com/maps/place/Acaizeiro/data=!4m7!3m6!1s0x92a461df7711b1b7:0x815e938bf1404fe7!8m2!3d-1.3568701!4d-48.4425807!16s%2Fg%2F11q8s535_2!19sChIJt7ERd99hpJIR509A8YuTXoE?authuser=0&hl=pt-BR&g_ep=EgoyMDI2MDkyMi4wIJJjKgBIAVAD&rclk=1,rodada_2_recuperado,Una,ChIJt7ERd99hpJIR509A8YuTXoE,2026-09-25,19:52:59
ChIJtQ6UIciLpJIRTcFTgOpusO4,17199368930382299469,Super açaí da Cris,Restaurante,"Super açaí da Cris - Tv. Timbó, 334 - Pedreira, Belém - PA, 66083-047","Super açaí da Cris - Tv. Timbó, 334 - Pedreira, Belém - PA, 66083-047",(91) 99297-0824,,-1.427353,-48.478549,5.000000,30,,R$ 20–40,"{""domingo"":[""09:00–17:00""],""quarta-feira"":[""09:00–17:00""],""quinta-feira"":[""09:00–17:00""],""segunda-feira"":[""09:00–17:00""],""sexta-feira"":[""09:00–14:00""],""sábado"":[""09:00–14:00""],""terça-feira"":[""Fechado""]}",https://www.google.com/maps/place/Super+a%C3%A7a%C3%AD+da+Cris/data=!4m7!3m6!1s0x92a48bc821940eb5:0xeeb06eea8053c14d!8m2!3d-1.4273527!4d-48.4785487!16s%2Fg%2F11n0_79v4f!19sChIJtQ6UIciLpJIRTcFTgOpusO4?authuser=0&hl=pt-BR&g_ep=EgoyMDI2MDkyMi4wIJJjKgBIAVAD&rclk=1,rodada_2_recuperado,Parque Verde,ChIJtQ6UIciLpJIRTcFTgOpusO4,2026-09-25,19:53:32
ChIJtR7gp1RhpJIRVby8BsIhg-Q,16466041779817069653,Açaí Maná Icuí,Fabricação de alimentos,"Açaí Maná Icuí - R. Santa Fé - Icuí-Guajará, Ananindeua - PA, 67125-520","Açaí Maná Icuí - R. Santa Fé - Icuí-Guajará, Ananindeua - PA, 67125-520",(91) 98267-5458,,-1.330990,-48.402794,5.000000,4,,,"{""domingo"":[""07:00–14:00""],""quarta-feira"":[""07:00–22:00""],""quinta-feira"":[""07:00–14:00"",""18:00–22:00""],""segunda-feira"":[""07:00–14:00"",""18:00–22:00""],""sexta-feira"":[""07:00–14:00"",""18:00–22:00""],""sábado"":[""07:00–14:00"",""18:00–21:00""],""terça-feira"":[""07:00–14:00"",""18:00–22:00""]}",https://www.google.com/maps/place/A%C3%A7a%C3%AD+Man%C3%A1+Icu%C3%AD/data=!4m7!3m6!1s0x92a46154a7e01eb5:0xe48321c206bcbc55!8m2!3d-1.3309898!4d-48.4027939!16s%2Fg%2F11fmz01hz7!19sChIJtR7gp1RhpJIRVby8BsIhg-Q?authuser=0&hl=pt-BR&g_ep=EgoyMDI2MDkyMi4wIJJjKgBIAVAD&rclk=1,rodada_2_recuperado,Una,ChIJtR7gp1RhpJIRVby8BsIhg-Q,2026-09-25,19:54:05
ChIJtWGfThpfpJIRbQ3xav8tbb4,13721674214701862253,Açai da iane,Loja,"Açai da iane - R. São Luís, 05 - Distrito Industrial, Ananindeua - PA, 67000-000","Açai da iane - R. São Luís, 05 - Distrito Industrial, Ananindeua - PA, 67000-000",,,-1.346097,-48.361224,5.000000,8,,,{},"https://www.google.com/maps/place/A%C3%A7ai+da+iane/@-1.346097,-48.361224,17z/data=!4m6!3m5!1s0x92a45f1a4e9f61b5:0xbe6d2dff6af10d6d!8m2!3d-1.3460966!4d-48.3612236!16s%2Fg%2F11gpnfl621?hl=pt&entry=ttu&g_ep=EgoyMDI2MDkyMi4wIKXMDSoASAFQAw%3D%3D",rodada_2_recuperado,Coqueiro,ChIJtWGfThpfpJIRbQ3xav8tbb4,2026-09-25,19:54:38
ChIJt_7PoN1hpJIRFyXvQxT3Q0o,5351392448657433879,Sabor Brasileiro,Restaurante,"Sabor Brasileiro - Passagem Santo Antônio, N°11 - Pratinha, Belém - PA, 66816-155","Sabor Brasileiro - Passagem Santo Antônio, N°11 - Pratinha, Belém - PA, 66816-155",(91) 99380-5772,,-1.366427,-48.476459,5.000000,4,,,{},"https://www.google.com/maps/place/Sabor+Brasileiro/@-1.366427,-48.476459,17z/data=!4m6!3m5!1s0x92a461dda0cffeb7:0x4a43f71443ef2517!8m2!3d-1.3664267!4d-48.4764594!16s%2Fg%2F11pdrbwjt5?hl=pt&entry=ttu&g_ep=EgoyMDI2MDkyMi4wIKXMDSoASAFQAw%3D%3D",rodada_2_recuperado,Pratinha,ChIJt_7PoN1hpJIRFyXvQxT3Q0o,2026-09-25,19:55:12
ChIJtcJhfABnpJIRGvJagwhjVBY,1609019855092773402,Açaí Maracacuera,Loja de açaí,"Açaí Maracacuera - Estr. da Maracacuera, 452 - Campina de Icoaraci, Belém - PA, 66815-140","Açaí Maracacuera - Estr. da Maracacuera, 452 - Campina de Icoaraci, Belém - PA, 66815-140",(91) 98832-5330,,-1.301795,-48.464112,3.000000,2,,,"{""domingo"":[""09:00–22:00""],""quarta-feira"":[""09:00–22:00""],""quinta-feira"":[""09:00–22:00""],""segunda-feira"":[""09:00–22:00""],""sexta-feira"":[""09:00–22:00""],""sábado"":[""09:00–22:00""],""terça-feira"":[""09:00–22:00""]}",https://www.google.com/maps/place/A%C3%A7a%C3%AD+Maracacuera/data=!4m7!3m6!1s0x92a467007c61c2b5:0x16546308835af21a!8m2!3d-1.3017946!4d-48.4641119!16s%2Fg%2F11vwxt0glg!19sChIJtcJhfABnpJIRGvJagwhjVBY?authuser=0&hl=pt-BR&g_ep=EgoyMDI2MDkyMi4wIJJjKgBIAVAD&rclk=1,rodada_2_recuperado,Icoaraci,ChIJtcJhfABnpJIRGvJagwhjVBY,2026-09-25,19:55:57
ChIJtx70B-VhpJIR0dWlHjs7gFA,5800701445156492753,Açai Do Bosque,Lanchonete,"Açai Do Bosque - Alameda M Bosque Araguaia, 445 - Tapanã, Belém - PA, 66825-543","Açai Do Bosque - Alameda M Bosque Araguaia, 445 - Tapanã, Belém - PA, 66825-543",(91) 98469-4947,,-1.323857,-48.477421,4.400000,16,,,"{""domingo"":[""08:00–21:00""],""quarta-feira"":[""08:00–21:00""],""quinta-feira"":[""08:00–21:00""],""segunda-feira"":[""08:00–21:00""],""sexta-feira"":[""08:00–21:00""],""sábado"":[""08:00–21:00""],""terça-feira"":[""08:00–21:00""]}",https://www.google.com/maps/place/A%C3%A7ai+Do+Bosque/data=!4m7!3m6!1s0x92a461e507f41eb7:0x50803b3b1ea5d5d1!8m2!3d-1.3238568!4d-48.4774208!16s%2Fg%2F11g0thyrj8!19sChIJtx70B-VhpJIR0dWlHjs7gFA?authuser=0&hl=pt-BR&g_ep=EgoyMDI2MDkyMi4wIJJjKgBIAVAD&rclk=1,rodada_2_recuperado,Icoaraci,ChIJtx70B-VhpJIR0dWlHjs7gFA,2026-09-25,19:56:30
ChIJtz4CJv2LpJIRScWxwfIuT_M,17532283494543246665,Açaí do Bacana,Lanchonete,"Açaí do Bacana - R. Florianópolis - Val-de-Cans, Belém - PA, 66617-190","Açaí do Bacana - R. Florianópolis - Val-de-Cans, Belém - PA, 66617-190",(91) 98228-3239,,-1.398284,-48.470121,4.700000,14,,,"{""domingo"":[""09:00–16:00""],""quarta-feira"":[""09:00–21:00""],""quinta-feira"":[""09:00–21:00""],""segunda-feira"":[""09:00–21:00""],""sexta-feira"":[""09:00–21:00""],""sábado"":[""09:00–15:00""],""terça-feira"":[""09:00–21:00""]}","https://www.google.com/maps/place/A%C3%A7a%C3%AD+do+Bacana/@-1.398284,-48.470121,17z/data=!4m6!3m5!1s0x92a48bfd26023eb7:0xf34f2ef2c1b1c549!8m2!3d-1.3982836!4d-48.4701213!16s%2Fg%2F11n04t0yf_?hl=pt&entry=ttu&g_ep=EgoyMDI2MDkyMi4wIKXMDSoASAFQAw%3D%3D",rodada_2_recuperado,Parque Verde,ChIJtz4CJv2LpJIRScWxwfIuT_M,2026-09-25,19:57:03
ChIJu1UGoZ9mpJIRWWx1KMhDG4w,10095737516632403033,Mette ACAI,,"Mette ACAI - Av. Dr. Lopo de Castro, 1473 - Cruzeiro, Belém - PA, 66810-000","Mette ACAI - Av. Dr. Lopo de Castro, 1473 - Cruzeiro, Belém - PA, 66810-000",,,-1.297669,-48.476413,0.000000,0,,,{},"https://www.google.com/maps/place/Mette+ACAI/@-1.297669,-48.476413,17z/data=!4m6!3m5!1s0x92a4669fa10655bb:0x8c1b43c828756c59!8m2!3d-1.2976689!4d-48.4764128!16s%2Fg%2F11yv1cvkq6?hl=pt&entry=ttu&g_ep=EgoyMDI2MDkyMi4wIKXMDSoASAFQAw%3D%3D",rodada_2_recuperado,Icoaraci,ChIJu1UGoZ9mpJIRWWx1KMhDG4w,2026-09-25,19:57:49
ChIJu9YNfgCLpJIRJjmvHWvy5cw,14764473495277484326,Polpas de frutas do loro,Loja de sucos,"Polpas de frutas do loro - Passagem Maria Alice - Mangueirão, Belém - PA, 66640-395","Polpas de frutas do loro - Passagem Maria Alice - Mangueirão, Belém - PA, 66640-395",,,-1.387810,-48.432236,5.000000,1,,,"{""domingo"":[""10:00–00:00""],""quarta-feira"":[""08:30–00:00""],""quinta-feira"":[""Atendimento 24 horas""],""segunda-feira"":[""Atendimento 24 horas""],""sexta-feira"":[""Atendimento 24 horas""],""sábado"":[""Atendimento 24 horas""],""terça-feira"":[""08:30–00:00""]}","https://www.google.com/maps/place/Polpas+de+frutas+do+loro/@-1.38781,-48.432236,17z/data=!4m6!3m5!1s0x92a48b007e0dd6bb:0xcce5f26b1daf3926!8m2!3d-1.3878102!4d-48.4322358!16s%2Fg%2F11w3vq3m5l?hl=pt&entry=ttu&g_ep=EgoyMDI2MDkyMy4wIKXMDSoASAFQAw%3D%3D",rodada_2_recuperado,Una,ChIJu9YNfgCLpJIRJjmvHWvy5cw,2026-09-25,19:59:19
ChIJuRpvbEVhpJIRToXrAJXLmlw,6672869638728811854,Brutu's Burguers,Restaurante,"Brutu's Burguers - Passagem John Engelhard, N° 15 - Pratinha, Belém - PA, 66816-030","Brutu's Burguers - Passagem John Engelhard, N° 15 - Pratinha, Belém - PA, 66816-030",(91) 98071-7045,,-1.361295,-48.468209,4.300000,39,,R$ 20–40,"{""domingo"":[""18:00–00:00""],""quarta-feira"":[""10:00–15:00""],""quinta-feira"":[""10:00–15:00"",""18:00–00:00""],""segunda-feira"":[""10:00–15:00"",""18:00–00:00""],""sexta-feira"":[""10:00–15:00"",""18:00–00:00""],""sábado"":[""10:00–15:00"",""18:00–00:00""],""terça-feira"":[""10:00–15:00"",""18:00–00:00""]}",https://www.google.com/maps/place/Brutu%27s+Burguers/data=!4m7!3m6!1s0x92a461456c6f1ab9:0x5c9acb9500eb854e!8m2!3d-1.3612949!4d-48.4682087!16s%2Fg%2F11h57x4sqp!19sChIJuRpvbEVhpJIRToXrAJXLmlw?authuser=0&hl=pt-BR&g_ep=EgoyMDI2MDkyMy4wIJJjKgBIAVAD&rclk=1,rodada_2_recuperado,Pratinha,ChIJuRpvbEVhpJIRToXrAJXLmlw,2026-09-25,19:59:52
ChIJuSOeXBX1pJIRymODUonLlvg,17912728358568027082,Acaideira Sorveteria Acaíteria,Doceria,"Acaideira Sorveteria Acaíteria - Passagem Santa Ana, 101 - Águas Lindas, Ananindeua - PA, 67020-195","Acaideira Sorveteria Acaíteria - Passagem Santa Ana, 101 - Águas Lindas, Ananindeua - PA, 67020-195",,,-1.384864,-48.378328,5.000000,4,,,"{""domingo"":[""Fechado""],""quarta-feira"":[""15:00–23:00""],""quinta-feira"":[""15:00–23:00""],""segunda-feira"":[""15:00–23:00""],""sexta-feira"":[""15:00–23:00""],""sábado"":[""15:00–23:00""],""terça-feira"":[""15:00–23:00""]}","https://www.google.com/maps/place/Acaideira+Sorveteria+Aca%C3%ADteria/@-1.384864,-48.378328,17z/data=!4m6!3m5!1s0x92a4f5155c9e23b9:0xf896cb89528363ca!8m2!3d-1.3848635!4d-48.3783281!16s%2Fg%2F11x1296vvt?hl=pt&entry=ttu&g_ep=EgoyMDI2MDkyMy4wIKXMDSoASAFQAw%3D%3D",rodada_2_recuperado,Una,ChIJuSOeXBX1pJIRymODUonLlvg,2026-09-25,20:00:25
ChIJuSkO7uFhpJIRsYosNW2ns1E,5887233225388755633,Égua Mana Du'Açaí,Sorveteria,"Égua Mana Du'Açaí - Tv. SN 03, 12 - Cidade Nova, Ananindeua - PA, 67130-650","Égua Mana Du'Açaí - Tv. SN 03, 12 - Cidade Nova, Ananindeua - PA, 67130-650",(91) 98124-0232,,-1.368991,-48.405974,0.000000,0,,,"{""domingo"":[""10:00–22:00""],""quarta-feira"":[""10:00–22:00""],""quinta-feira"":[""10:00–22:00""],""segunda-feira"":[""Fechado""],""sexta-feira"":[""10:00–22:00""],""sábado"":[""10:00–22:00""],""terça-feira"":[""10:00–22:00""]}","https://www.google.com/maps/place/%C3%89gua+Mana+Du'A%C3%A7a%C3%AD/@-1.368991,-48.405974,17z/data=!4m6!3m5!1s0x92a461e1ee0e29b9:0x51b3a76d352c8ab1!8m2!3d-1.3689911!4d-48.4059736!16s%2Fg%2F11lc_8r7f_?hl=pt&entry=ttu&g_ep=EgoyMDI2MDkyMy4wIKXMDSoASAFQAw%3D%3D",rodada_2_recuperado,Una,ChIJuSkO7uFhpJIRsYosNW2ns1E,2026-09-25,20:01:11
ChIJuXczMQCLpJIRYRjcHjnoZ-o,16890724259504855137,Sagrado açaí do parente,Loja de alimentos congelados,"Sagrado açaí do parente - Tv. São Pedro - Benguí, Belém - PA, 66630-480","Sagrado açaí do parente - Tv. São Pedro - Benguí, Belém - PA, 66630-480",,,-1.373882,-48.455295,0.000000,0,,,"{""domingo"":[""07:00–15:00""],""quarta-feira"":[""08:00–22:00""],""quinta-feira"":[""08:00–22:00""],""segunda-feira"":[""17:00–22:00""],""sexta-feira"":[""08:00–22:00""],""sábado"":[""07:00–21:00""],""terça-feira"":[""08:00–22:00""]}","https://www.google.com/maps/place/Sagrado+a%C3%A7a%C3%AD+do+parente/@-1.373882,-48.455295,17z/data=!4m6!3m5!1s0x92a48b00313377b9:0xea67e8391edc1861!8m2!3d-1.3738819!4d-48.455295!16s%2Fg%2F11xtkc5s_2?hl=pt&entry=ttu&g_ep=EgoyMDI2MDkyMi4wIKXMDSoASAFQAw%3D%3D",rodada_2_recuperado,Parque Verde,ChIJuXczMQCLpJIRYRjcHjnoZ-o,2026-09-25,20:01:56
ChIJu_6uVnyPpJIRyadrA4VOSxg,1750579213358573513,Açaí da 14 de Março,Centro comercial,"Açaí da 14 de Março - R. João Balbi, 794 - Nazaré, Belém - PA, 66055-280","Açaí da 14 de Março - R. João Balbi, 794 - Nazaré, Belém - PA, 66055-280",(91) 3222-9792,,-1.448134,-48.480855,3.900000,19,,,"{""domingo"":[""09:00–14:00""],""quarta-feira"":[""09:00–14:30""],""quinta-feira"":[""09:00–14:30""],""segunda-feira"":[""09:00–14:30""],""sexta-feira"":[""09:00–14:30""],""sábado"":[""09:00–15:00""],""terça-feira"":[""09:00–14:30""]}","https://www.google.com/maps/place/A%C3%A7a%C3%AD+da+14+de+Mar%C3%A7o/@-1.448134,-48.480855,17z/data=!4m6!3m5!1s0x92a48f7c56aefebb:0x184b4e85036ba7c9!8m2!3d-1.4481343!4d-48.4808546!16s%2Fg%2F11h5pht_c3?hl=pt&entry=ttu&g_ep=EgoyMDI2MDkyMy4wIKXMDSoASAFQAw%3D%3D",rodada_2_recuperado,Pratinha,ChIJu_6uVnyPpJIRyadrA4VOSxg,2026-09-25,20:02:41
ChIJuzHZhQRnpJIRNGcJUO64QR4,2180227028308551476,Açaí DuNosso,Restaurante,"Açaí DuNosso - Tv. Moura Carvalho, 424 - Campina de Icoaraci, Belém - PA, 66813-630","Açaí DuNosso - Tv. Moura Carvalho, 424 - Campina de Icoaraci, Belém - PA, 66813-630",,,-1.295954,-48.471509,4.200000,10,,,"{""domingo"":[""08:30–15:00""],""quarta-feira"":[""08:30–15:00"",""18:00–22:00""],""quinta-feira"":[""08:30–15:00"",""18:00–22:00""],""segunda-feira"":[""08:30–15:00"",""18:00–22:00""],""sexta-feira"":[""08:30–15:00"",""18:00–22:00""],""sábado"":[""08:00–15:00"",""18:00–22:00""],""terça-feira"":[""08:30–15:00"",""18:00–22:00""]}",https://www.google.com/maps/place/A%C3%A7a%C3%AD+DuNosso/data=!4m7!3m6!1s0x92a4670485d931bb:0x1e41b8ee50096734!8m2!3d-1.2959537!4d-48.4715089!16s%2Fg%2F11fmn0rv3r!19sChIJuzHZhQRnpJIRNGcJUO64QR4?authuser=0&hl=pt-BR&g_ep=EgoyMDI2MDkyMy4wIJJjKgBIAVAD&rclk=1,rodada_2_recuperado,Icoaraci,ChIJuzHZhQRnpJIRNGcJUO64QR4,2026-09-25,20:03:27
ChIJv5UNuSxnpJIRj6Xuh4tNTiU,2688171289263121807,Armazém Auto Serviços - Icoaraci,Supermercado,"Armazém Auto Serviços - Icoaraci - Rod. Augusto Montenegro - Maracacuera, Belém - PA, 66815-140","Armazém Auto Serviços - Icoaraci - Rod. Augusto Montenegro - Maracacuera, Belém - PA, 66815-140",,,-1.301749,-48.465705,4.400000,844,,,"{""domingo"":[""08:00–15:00""],""quarta-feira"":[""07:00–22:00""],""quinta-feira"":[""07:00–22:00""],""segunda-feira"":[""07:00–22:00""],""sexta-feira"":[""07:00–22:00""],""sábado"":[""07:00–22:00""],""terça-feira"":[""07:00–22:00""]}","https://www.google.com/maps/place/Armaz%C3%A9m+Auto+Servi%C3%A7os+-+Icoaraci/@-1.301749,-48.465705,17z/data=!4m6!3m5!1s0x92a4672cb90d95bf:0x254e4d8b87eea58f!8m2!3d-1.3017493!4d-48.4657047!16s%2Fg%2F11tk8hnxmp?hl=pt&entry=ttu&g_ep=EgoyMDI2MDkyMy4wIKXMDSoASAFQAw%3D%3D",rodada_2_recuperado,Icoaraci,ChIJv5UNuSxnpJIRj6Xuh4tNTiU,2026-09-25,20:04:45
ChIJvQsi2Y9hpJIRvNZS3CMy_M4,14914851195545900732,Distribuidora e sorveteria NATHAN,Sorveteria,"Cordeiro de Farias - R. São Clemente, 9 B - Tapanã, Belém - PA, 66830-720","Cordeiro de Farias - R. São Clemente, 9 B - Tapanã, Belém - PA, 66830-720",(91) 98117-7709,,-1.355414,-48.465854,4.500000,8,,,"{""domingo"":[""08:30–13:00"",""16:00–21:30""],""quarta-feira"":[""08:00–12:00"",""15:00–21:00""],""quinta-feira"":[""08:00–12:00"",""15:00–21:00""],""segunda-feira"":[""08:00–12:00"",""15:00–21:00""],""sexta-feira"":[""08:00–12:30"",""15:00–21:30""],""sábado"":[""08:00–12:30"",""15:00–21:30""],""terça-feira"":[""08:00–12:00"",""15:00–21:00""]}","https://www.google.com/maps/place/Distribuidora+e+sorveteria+NATHAN/@-1.355414,-48.465854,17z/data=!4m6!3m5!1s0x92a4618fd9220bbd:0xcefc3223dc52d6bc!8m2!3d-1.3554135!4d-48.4658536!16s%2Fg%2F11tj38x8ts?hl=pt&entry=ttu&g_ep=EgoyMDI2MDkyMy4wIKXMDSoASAFQAw%3D%3D",rodada_2_recuperado,Pratinha,ChIJvQsi2Y9hpJIRvNZS3CMy_M4,2026-09-25,20:05:30
ChIJvVIdrStgpJIR9tRTvcHoFlE,5843113485362517238,Cabanagem,,Belém - PA,Belém - PA,,,-1.368000,-48.432515,0.000000,0,,,{},"https://www.google.com/maps/place/Cabanagem,+Bel%C3%A9m+-+PA/@-1.368,-48.432515,17z/data=!4m6!3m5!1s0x92a4602bad1d52bd:0x5116e8c1bd53d4f6!8m2!3d-1.3679997!4d-48.4325153!16s%2Fg%2F122x8jvg?hl=pt&entry=ttu&g_ep=EgoyMDI2MDkyMy4wIKXMDSoASAFQAw%3D%3D",rodada_2_recuperado,Cabanagem,ChIJvVIdrStgpJIR9tRTvcHoFlE,2026-09-25,20:06:16
ChIJvblDExhhpJIRb9hRwLa8aiE,2407944443879610479,Bruttus Açai,Fabricante de alimentos,"Bruttus Açai - R. Jandaia, 24 - Parque Verde, Belém - PA, 66635-410","Bruttus Açai - R. Jandaia, 24 - Parque Verde, Belém - PA, 66635-410",(91) 98113-2126,https://www.instagram.com/invites/contact/?i=n7au227anfeo&utm_content=m0wz7n8,-1.361202,-48.447676,0.000000,0,,,"{""domingo"":[""09:00–15:00""],""quarta-feira"":[""09:00–21:00""],""quinta-feira"":[""09:00–21:00""],""segunda-feira"":[""09:00–21:00""],""sexta-feira"":[""09:00–21:00""],""sábado"":[""09:00–21:00""],""terça-feira"":[""09:00–21:00""]}","https://www.google.com/maps/place/Bruttus+A%C3%A7ai/@-1.361202,-48.447676,17z/data=!4m6!3m5!1s0x92a461181343b9bd:0x216abcb6c051d86f!8m2!3d-1.3612022!4d-48.4476759!16s%2Fg%2F11r8qyd05l?hl=pt&entry=ttu&g_ep=EgoyMDI2MDkyMy4wIKXMDSoASAFQAw%3D%3D",rodada_2_recuperado,Benguí,ChIJvblDExhhpJIRb9hRwLa8aiE,2026-09-25,20:07:01
ChIJvdMkfgBhpJIRbVwt38xGmzg,4078931733245680749,PRISA AÇAÍ,,"PRISA AÇAÍ - Al. Ns-13 - Coqueiro, Belém - PA, 66823-100","PRISA AÇAÍ - Al. Ns-13 - Coqueiro, Belém - PA, 66823-100",,,-1.333145,-48.442430,0.000000,0,,,{},"https://www.google.com/maps/place/PRISA+A%C3%87A%C3%8D/@-1.333145,-48.44243,17z/data=!4m6!3m5!1s0x92a461007e24d3bd:0x389b46ccdf2d5c6d!8m2!3d-1.3331451!4d-48.44243!16s%2Fg%2F11zg1dqvtm?hl=pt&entry=ttu&g_ep=EgoyMDI2MDkyMy4wIKXMDSoASAFQAw%3D%3D",rodada_2_recuperado,Parque Guajará,ChIJvdMkfgBhpJIRbVwt38xGmzg,2026-09-25,20:07:46
ChIJve7EJHxlpJIRENldxJUAZdQ,15304639551933110544,Sorveteria Poco Loco,Sorveteria especializada em sundaes,"Sorveteria Poco Loco - Travessa Itaboraí com, R. Quinze de Agosto, Nº 04 - Ponta Grossa, Belém - PA, 66810-030","Sorveteria Poco Loco - Travessa Itaboraí com, R. Quinze de Agosto, Nº 04 - Ponta Grossa, Belém - PA, 66810-030",(91) 98568-8739,https://sorveteriapocoloco.vercel.app/,-1.302366,-48.483521,4.800000,44,,,"{""domingo"":[""18:00–00:00""],""quarta-feira"":[""18:00–00:00""],""quinta-feira"":[""18:00–00:00""],""segunda-feira"":[""18:00–00:00""],""sexta-feira"":[""18:00–00:00""],""sábado"":[""18:00–00:00""],""terça-feira"":[""18:00–00:00""]}","https://www.google.com/maps/place/Sorveteria+Poco+Loco/@-1.302366,-48.483521,17z/data=!4m6!3m5!1s0x92a4657c24c4eebd:0xd4650095c45dd910!8m2!3d-1.3023665!4d-48.4835207!16s%2Fg%2F11h2bpkyl1?hl=pt&entry=ttu&g_ep=EgoyMDI2MDkyMy4wIKXMDSoASAFQAw%3D%3D",rodada_2_recuperado,Icoaraci,ChIJve7EJHxlpJIRENldxJUAZdQ,2026-09-25,20:08:19
ChIJvwGxUx9kpJIRhQK5xeTy4aU,11953101950401708677,ACAI ESTRELA,,"ACAI ESTRELA - R. Quinze de Agosto, 633 - Cruzeiro, Belém - PA, 66810-070","ACAI ESTRELA - R. Quinze de Agosto, 633 - Cruzeiro, Belém - PA, 66810-070",,,-1.299165,-48.483518,4.800000,17,,,{},https://www.google.com/maps/place/ACAI+ESTRELA/data=!4m7!3m6!1s0x92a4641f53b101bf:0xa5e1f2e4c5b90285!8m2!3d-1.2991646!4d-48.483518!16s%2Fg%2F11vt9n74xq!19sChIJvwGxUx9kpJIRhQK5xeTy4aU?authuser=0&hl=pt-BR&g_ep=EgoyMDI2MDkyMy4wIJJjKgBIAVAD&rclk=1,rodada_2_recuperado,Icoaraci,ChIJvwGxUx9kpJIRhQK5xeTy4aU,2026-09-25,20:09:05
ChIJvxHvrjKNpJIRLg5pt_4ttys,3150037036391009838,Açaí pai d'égua,Restaurante,"Açaí pai d'égua - Passagem Mucajás, 370 - Condor, Belém - PA, 66065-203","Açaí pai d'égua - Passagem Mucajás, 370 - Condor, Belém - PA, 66065-203",(91) 98916-8550,,-1.467680,-48.475387,4.900000,29,,,"{""domingo"":[""08:00–23:30""],""quarta-feira"":[""08:00–23:30""],""quinta-feira"":[""08:00–23:30""],""segunda-feira"":[""08:00–23:30""],""sexta-feira"":[""08:00–23:30""],""sábado"":[""08:00–23:30""],""terça-feira"":[""08:00–23:30""]}",https://www.google.com/maps/place/A%C3%A7a%C3%AD+pai+d%27%C3%A9gua/data=!4m7!3m6!1s0x92a48d32aeef11bf:0x2bb72dfeb7690e2e!8m2!3d-1.4676797!4d-48.4753872!16s%2Fg%2F11h4mrtyrq!19sChIJvxHvrjKNpJIRLg5pt_4ttys?authuser=0&hl=pt-BR&g_ep=EgoyMDI2MDkyMy4wIJJjKgBIAVAD&rclk=1,rodada_2_recuperado,Tenoné,ChIJvxHvrjKNpJIRLg5pt_4ttys,2026-09-25,20:09:38
ChIJw3S992phpJIRsFH-sE7IDcc,14343340628547359152,Tacacá do Renato,Restaurante,"Tacacá do Renato - Rod. Augusto Montenegro, 15 - Coqueiro, Belém - PA, 66823-010","Tacacá do Renato - Rod. Augusto Montenegro, 15 - Coqueiro, Belém - PA, 66823-010",(91) 98540-3409,,-1.356616,-48.453871,4.100000,108,,,"{""domingo"":[""16:00–22:00""],""quarta-feira"":[""16:00–22:00""],""quinta-feira"":[""16:00–22:00""],""segunda-feira"":[""16:00–22:00""],""sexta-feira"":[""16:00–22:00""],""sábado"":[""16:00–22:00""],""terça-feira"":[""16:00–22:00""]}",https://www.google.com/maps/place/Tacac%C3%A1+do+Renato/data=!4m7!3m6!1s0x92a4616af7bd74c3:0xc70dc84eb0fe51b0!8m2!3d-1.3566159!4d-48.4538712!16s%2Fg%2F11khs0hkh8!19sChIJw3S992phpJIRsFH-sE7IDcc?authuser=0&hl=pt-BR&g_ep=EgoyMDI2MDkyMy4wIJJjKgBIAVAD&rclk=1,rodada_2_recuperado,Parque Verde,ChIJw3S992phpJIRsFH-sE7IDcc,2026-09-25,20:10:23
ChIJw6DWw-aLpJIRvUGrgC7gb_g,17901773534152835517,Açaí do Bi,Loja de frutas secas,"Açaí do Bi - R. Nova, 1652B - Pedreira, Belém - PA, 66083-444","Açaí do Bi - R. Nova, 1652B - Pedreira, Belém - PA, 66083-444",(91) 4141-8256,,-1.418005,-48.472697,4.500000,6,,,"{""domingo"":[""07:00–22:00""],""quarta-feira"":[""07:00–22:00""],""quinta-feira"":[""07:00–22:00""],""segunda-feira"":[""07:00–22:00""],""sexta-feira"":[""07:00–22:00""],""sábado"":[""07:00–22:00""],""terça-feira"":[""07:00–22:00""]}",https://www.google.com/maps/place/A%C3%A7a%C3%AD+do+Bi/data=!4m7!3m6!1s0x92a48be6c3d6a0c3:0xf86fe02e80ab41bd!8m2!3d-1.4180053!4d-48.4726971!16s%2Fg%2F11bx5pgqn9!19sChIJw6DWw-aLpJIRvUGrgC7gb_g?authuser=0&hl=pt-BR&g_ep=EgoyMDI2MDkyMy4wIJJjKgBIAVAD&rclk=1,rodada_2_recuperado,Una,ChIJw6DWw-aLpJIRvUGrgC7gb_g,2026-09-25,20:10:56
ChIJw6DtK7COpJIRo-OdJxLg-J8,11527209614833476515,Açaí Umarizal,Loja de comidas naturais,"Açaí Umarizal - R. Municipalidade, 1563 - Umarizal, Belém - PA, 66050-350","Açaí Umarizal - R. Municipalidade, 1563 - Umarizal, Belém - PA, 66050-350",(91) 99635-6212,,-1.436047,-48.489051,3.500000,6,,,"{""domingo"":[""09:00–17:00""],""quarta-feira"":[""09:00–17:00""],""quinta-feira"":[""09:00–17:00""],""segunda-feira"":[""09:00–17:00""],""sexta-feira"":[""09:00–17:00""],""sábado"":[""09:00–17:00""],""terça-feira"":[""09:00–17:00""]}",https://www.google.com/maps/place/A%C3%A7a%C3%AD+Umarizal/data=!4m7!3m6!1s0x92a48eb02beda0c3:0x9ff8e012279de3a3!8m2!3d-1.4360468!4d-48.4890514!16s%2Fg%2F1q2w14c__!19sChIJw6DtK7COpJIRo-OdJxLg-J8?authuser=0&hl=pt-BR&g_ep=EgoyMDI2MDkyMy4wIJJjKgBIAVAD&rclk=1,rodada_2_recuperado,Coqueiro,ChIJw6DtK7COpJIRo-OdJxLg-J8,2026-09-25,20:11:29
ChIJw92Vtc9fpJIRSAYajASzU54,11408659113171355208,Casa do açaí,Restaurante,"Casa do açaí - Unnamed Road - Levilândia, Ananindeua - PA, 67000-000","Casa do açaí - Unnamed Road - Levilândia, Ananindeua - PA, 67000-000",(91) 98027-8487,,-1.361743,-48.391647,4.300000,4,,,"{""domingo"":[""09:00–18:00""],""quarta-feira"":[""09:00–18:00""],""quinta-feira"":[""09:00–18:00""],""segunda-feira"":[""09:00–18:00""],""sexta-feira"":[""09:00–18:00""],""sábado"":[""09:00–18:00""],""terça-feira"":[""09:00–18:00""]}",https://www.google.com/maps/place/Casa+do+a%C3%A7a%C3%AD/data=!4m7!3m6!1s0x92a45fcfb595ddc3:0x9e53b3048c1a0648!8m2!3d-1.3617431!4d-48.3916475!16s%2Fg%2F11fn6vgswt!19sChIJw92Vtc9fpJIRSAYajASzU54?authuser=0&hl=pt-BR&g_ep=EgoyMDI2MDkyMy4wIJJjKgBIAVAD&rclk=1,rodada_2_recuperado,Una,ChIJw92Vtc9fpJIRSAYajASzU54,2026-09-25,20:12:15
ChIJwTxTq_-KpJIRqh3ziKzkylE,5893774492050857386,Açaí do Cowboy,Loja de açaí,"Açaí do Cowboy - R. We-3, 532 - Marambaia, Belém - PA, 66623-283","Açaí do Cowboy - R. We-3, 532 - Marambaia, Belém - PA, 66623-283",(91) 98899-4203,http://acaidocowboy.blogspot.com.br/,-1.399015,-48.437217,4.400000,41,,,"{""domingo"":[""10:00–15:00""],""quarta-feira"":[""10:00–21:00""],""quinta-feira"":[""10:00–21:00""],""segunda-feira"":[""10:00–21:00""],""sexta-feira"":[""10:00–21:00""],""sábado"":[""10:00–21:00""],""terça-feira"":[""10:00–21:00""]}","https://www.google.com/maps/place/A%C3%A7a%C3%AD+do+Cowboy/@-1.399015,-48.437217,17z/data=!4m6!3m5!1s0x92a48affab533cc1:0x51cae4ac88f31daa!8m2!3d-1.3990153!4d-48.4372174!16s%2Fg%2F1ptys673t?hl=pt&entry=ttu&g_ep=EgoyMDI2MDkyMy4wIKXMDSoASAFQAw%3D%3D",rodada_2_recuperado,Cabanagem,ChIJwTxTq_-KpJIRqh3ziKzkylE,2026-09-25,20:13:12
ChIJwZGfvyWMpJIR3qXvHUF6cA4,1040465934016292318,Restaurante Caçarola,Restaurante self-service,"Restaurante Caçarola - Tv. Quatorze de Abril, 1242 - São Brás, Belém - PA, 66060-460","Restaurante Caçarola - Tv. Quatorze de Abril, 1242 - São Brás, Belém - PA, 66060-460",(91) 3249-6959,,-1.451014,-48.472371,4.400000,723,,,"{""domingo"":[""Fechado""],""quarta-feira"":[""11:00–15:00""],""quinta-feira"":[""11:00–15:00""],""segunda-feira"":[""11:00–15:00""],""sexta-feira"":[""11:00–15:00""],""sábado"":[""11:00–15:00""],""terça-feira"":[""11:00–15:00""]}",https://www.google.com/maps/place/Restaurante+Ca%C3%A7arola/data=!4m7!3m6!1s0x92a48c25bf9f91c1:0xe707a411defa5de!8m2!3d-1.4510137!4d-48.472371!16s%2Fg%2F11b7c7z050!19sChIJwZGfvyWMpJIR3qXvHUF6cA4?authuser=0&hl=pt-BR&g_ep=EgoyMDI2MDkyMy4wIJJjKgBIAVAD&rclk=1,rodada_2_recuperado,Parque Verde,ChIJwZGfvyWMpJIR3qXvHUF6cA4,2026-09-25,20:13:57
ChIJw_SzZgCLpJIRLUTTtdEKoaQ,11862774789285561389,casa do açaí,Cafeteria,"casa do açaí - Viela Cel. Artur, 45 - Marambaia, Belém - PA, 66620-580","casa do açaí - Viela Cel. Artur, 45 - Marambaia, Belém - PA, 66620-580",,,-1.398078,-48.451520,0.000000,0,,,{},https://www.google.com/maps/place/casa+do+a%C3%A7a%C3%AD/data=!4m7!3m6!1s0x92a48b0066b3f4c3:0xa4a10ad1b5d3442d!8m2!3d-1.3980777!4d-48.4515198!16s%2Fg%2F11y49j0sf8!19sChIJw_SzZgCLpJIRLUTTtdEKoaQ?authuser=0&hl=pt-BR&g_ep=EgoyMDI2MDkyMy4wIJJjKgBIAVAD&rclk=1,rodada_2_recuperado,Benguí,ChIJw_SzZgCLpJIRLUTTtdEKoaQ,2026-09-25,20:14:31
ChIJw_vZZ5qOpJIR5l6idQucjTU,3858912028758531814,Açaí do Alonso,Loja de açaí,"Açaí do Alonso - R. João Balbi, 55 - Nazaré, Belém - PA, 66055-280","Açaí do Alonso - R. João Balbi, 55 - Nazaré, Belém - PA, 66055-280",(91) 98263-7037,https://acaidoalonso.com.br/,-1.450046,-48.487805,4.600000,276,,,"{""domingo"":[""08:00–14:00""],""quarta-feira"":[""08:00–14:00""],""quinta-feira"":[""08:00–14:00""],""segunda-feira"":[""Fechado""],""sexta-feira"":[""08:00–14:00""],""sábado"":[""08:00–14:00""],""terça-feira"":[""08:00–14:00""]}","https://www.google.com/maps/place/A%C3%A7a%C3%AD+do+Alonso/@-1.450046,-48.487805,17z/data=!4m6!3m5!1s0x92a48e9a67d9fbc3:0x358d9c0b75a25ee6!8m2!3d-1.4500458!4d-48.4878047!16s%2Fg%2F1tggc103?hl=pt&entry=ttu&g_ep=EgoyMDI2MDkyMy4wIKXMDSoASAFQAw%3D%3D",rodada_2_recuperado,Parque Verde,ChIJw_vZZ5qOpJIR5l6idQucjTU,2026-09-25,20:15:16
ChIJx7z0dO5npJIR8bH6pFTEN74,13706639858749583857,AÇAÍ ALTAS HORAS,Equipamentos para processamento de alimentos,"AÇAÍ ALTAS HORAS - Rua Iêda Chaves Alameda D 16(Lot S Setembro - Maracacuera, Belém - PA, 66815-146","AÇAÍ ALTAS HORAS - Rua Iêda Chaves Alameda D 16(Lot S Setembro - Maracacuera, Belém - PA, 66815-146",(91) 98765-3138,,-1.300183,-48.456552,5.000000,3,,,"{""domingo"":[""08:00–23:00""],""quarta-feira"":[""08:00–23:00""],""quinta-feira"":[""08:00–23:00""],""segunda-feira"":[""08:00–23:00""],""sexta-feira"":[""08:00–23:00""],""sábado"":[""08:00–23:00""],""terça-feira"":[""08:00–23:00""]}",https://www.google.com/maps/place/A%C3%87A%C3%8D+ALTAS+HORAS/data=!4m7!3m6!1s0x92a467ee74f4bcc7:0xbe37c454a4fab1f1!8m2!3d-1.3001825!4d-48.4565521!16s%2Fg%2F11lt6fxn05!19sChIJx7z0dO5npJIR8bH6pFTEN74?authuser=0&hl=pt-BR&g_ep=EgoyMDI2MDkyMy4wIJJjKgBIAVAD&rclk=1,rodada_2_recuperado,Icoaraci,ChIJx7z0dO5npJIR8bH6pFTEN74,2026-09-25,20:16:13
ChIJx8gFKoWLpJIRRJ_CXbbnmXE,8185828568165687108,Coco Bambu Belém,Restaurante,"Coco Bambu Belém - Av. Centenário, 1052 - Mangueirão, Belém - PA, 66640-150","Coco Bambu Belém - Av. Centenário, 1052 - Mangueirão, Belém - PA, 66640-150",(91) 2121-1430,https://cocobambu.com/,-1.390955,-48.466718,4.900000,24607,,,"{""domingo"":[""11:30–23:00""],""quarta-feira"":[""11:30–23:00""],""quinta-feira"":[""11:30–23:00""],""segunda-feira"":[""11:30–23:00""],""sexta-feira"":[""11:30–00:00""],""sábado"":[""11:30–00:00""],""terça-feira"":[""11:30–23:00""]}","https://www.google.com/maps/place/Coco+Bambu+Bel%C3%A9m/@-1.390955,-48.466718,17z/data=!4m6!3m5!1s0x92a48b852a05c8c7:0x7199e7b65dc29f44!8m2!3d-1.3909548!4d-48.4667183!16s%2Fg%2F11s2j5pnd_?hl=pt&entry=ttu&g_ep=EgoyMDI2MDkyMy4wIKXMDSoASAFQAw%3D%3D",rodada_2_recuperado,Parque Verde,ChIJx8gFKoWLpJIRRJ_CXbbnmXE,2026-09-25,20:16:46
ChIJxa-_NxyNpJIR5FqivmasvmQ,7259429206652771044,CASA AÇAI,Local para eventos,"CASA AÇAI - Passagem Sururina, 268 - Guamá, Belém - PA, 66075-440","CASA AÇAI - Passagem Sururina, 268 - Guamá, Belém - PA, 66075-440",,,-1.466220,-48.460816,4.800000,4,,,{},https://www.google.com/maps/place/CASA+A%C3%87AI/data=!4m7!3m6!1s0x92a48d1c37bfafc5:0x64beac66bea25ae4!8m2!3d-1.46622!4d-48.460816!16s%2Fg%2F11h3ft47wc!19sChIJxa-_NxyNpJIR5FqivmasvmQ?authuser=0&hl=pt-BR&g_ep=EgoyMDI2MDkyMy4wIJJjKgBIAVAD&rclk=1,rodada_2_recuperado,Benguí,ChIJxa-_NxyNpJIR5FqivmasvmQ,2026-09-25,20:17:32
ChIJxwecvXOPpJIRxqybGC_9fck,14519039152430492870,DuNorte Açaí,Loja de açaí,"DuNorte Açaí - Tv. Dom Romualdo Coelho, 733 - Umarizal, Belém - PA, 66055-190","DuNorte Açaí - Tv. Dom Romualdo Coelho, 733 - Umarizal, Belém - PA, 66055-190",(91) 98456-0503,https://www.dunorteacai.com.br/,-1.440703,-48.486641,5.000000,1,,,"{""domingo"":[""09:00–15:00""],""quarta-feira"":[""09:00–15:00""],""quinta-feira"":[""09:00–15:00""],""segunda-feira"":[""Fechado""],""sexta-feira"":[""09:00–15:00""],""sábado"":[""09:00–15:00""],""terça-feira"":[""09:00–15:00""]}","https://www.google.com/maps/place/DuNorte+A%C3%A7a%C3%AD/@-1.440703,-48.486641,17z/data=!4m6!3m5!1s0x92a48f73bd9c07c7:0xc97dfd2f189bacc6!8m2!3d-1.4407031!4d-48.4866405!16s%2Fg%2F11xdgbhrvd?hl=pt&entry=ttu&g_ep=EgoyMDI2MDkyMy4wIKXMDSoASAFQAw%3D%3D",rodada_2_recuperado,Una,ChIJxwecvXOPpJIRxqybGC_9fck,2026-09-25,20:18:29
ChIJy0qNFQCNpJIRw6lAmROE7jU,3886188748177713603,Açaíze Gastronomia Paraense,Restaurante,"Açaíze Gastronomia Paraense - Tv. Nove de Janeiro, 2071 - Cremação, Belém - PA, 66060-585","Açaíze Gastronomia Paraense - Tv. Nove de Janeiro, 2071 - Cremação, Belém - PA, 66060-585",(91) 99344-7650,,-1.458001,-48.475343,4.400000,110,,R$ 80–180,"{""domingo"":[""11:30–15:30"",""17:30–23:00""],""quarta-feira"":[""11:30–15:00"",""17:00–23:00""],""quinta-feira"":[""11:30–15:00"",""17:00–23:00""],""segunda-feira"":[""11:30–15:00"",""17:00–23:00""],""sexta-feira"":[""11:30–15:00"",""17:00–23:00""],""sábado"":[""11:30–15:30"",""17:30–23:00""],""terça-feira"":[""11:30–15:00"",""17:00–23:00""]}",https://www.google.com/maps/place/A%C3%A7a%C3%ADze+Gastronomia+Paraense/data=!4m7!3m6!1s0x92a48d00158d4acb:0x35ee84139940a9c3!8m2!3d-1.4580007!4d-48.475343!16s%2Fg%2F11x5rc7smv!19sChIJy0qNFQCNpJIRw6lAmROE7jU?authuser=0&hl=pt-BR&g_ep=EgoyMDI2MDkyMy4wIJJjKgBIAVAD&rclk=1,rodada_2_recuperado,Parque Verde,ChIJy0qNFQCNpJIRw6lAmROE7jU,2026-09-25,20:19:15
ChIJy0zPUsWNpJIRtdKHG61NVzY,3915683806908502709,Açaí Belém,Praça de alimentação,"Açaí Belém - Av. Conselheiro Furtado, 3402 - São Brás, Belém - PA, 66073-160","Açaí Belém - Av. Conselheiro Furtado, 3402 - São Brás, Belém - PA, 66073-160",(91) 99241-5490,,-1.456184,-48.467803,0.000000,0,,,{},https://www.google.com/maps/place/A%C3%A7a%C3%AD+Bel%C3%A9m/data=!4m7!3m6!1s0x92a48dc552cf4ccb:0x36574dad1b87d2b5!8m2!3d-1.4561841!4d-48.4678032!16s%2Fg%2F11vlc838_2!19sChIJy0zPUsWNpJIRtdKHG61NVzY?authuser=0&hl=pt-BR&g_ep=EgoyMDI2MDkyMy4wIJJjKgBIAVAD&rclk=1,rodada_2_recuperado,Una,ChIJy0zPUsWNpJIRtdKHG61NVzY,2026-09-25,20:19:48
ChIJy6dBM59fpJIRHBMDG0vTgAo,756837056927437596,AÇAI DA ESQUINA,Processamento de frutas e legumes,"AÇAI DA ESQUINA - CONJUNTO GERALDO PALMEIRA - QUADRA 4 - CASA 1 - Distrito Industrial, Ananindeua - PA, 67040-030","AÇAI DA ESQUINA - CONJUNTO GERALDO PALMEIRA - QUADRA 4 - CASA 1 - Distrito Industrial, Ananindeua - PA, 67040-030",(91) 98014-8870,,-1.355695,-48.364070,4.600000,5,,,"{""domingo"":[""09:00–00:00""],""quarta-feira"":[""09:00–00:00""],""quinta-feira"":[""09:00–00:00""],""segunda-feira"":[""Fechado""],""sexta-feira"":[""09:00–00:00""],""sábado"":[""09:00–00:00""],""terça-feira"":[""09:00–00:00""]}",https://www.google.com/maps/place/A%C3%87AI+DA+ESQUINA/data=!4m7!3m6!1s0x92a45f9f3341a7cb:0xa80d34b1b03131c!8m2!3d-1.3556953!4d-48.3640703!16s%2Fg%2F11hcfp689f!19sChIJy6dBM59fpJIRHBMDG0vTgAo?authuser=0&hl=pt-BR&g_ep=EgoyMDI2MDkyMy4wIJJjKgBIAVAD&rclk=1,rodada_2_recuperado,Una,ChIJy6dBM59fpJIRHBMDG0vTgAo,2026-09-25,20:20:45
ChIJy7x6wqCLpJIRuOZn9iHVzf0,18288508003666093752,Casa Do Açaí,Restaurante,"Casa Do Açaí - Alameda Walter Putz, 15 - Souza, Belém - PA, 66613-085","Casa Do Açaí - Alameda Walter Putz, 15 - Souza, Belém - PA, 66613-085",,,-1.411988,-48.440449,5.000000,1,,,{},https://www.google.com/maps/place/Casa+Do+A%C3%A7a%C3%AD/data=!4m7!3m6!1s0x92a48ba0c27abccb:0xfdcdd521f667e6b8!8m2!3d-1.4119877!4d-48.4404492!16s%2Fg%2F11fps61yvv!19sChIJy7x6wqCLpJIRuOZn9iHVzf0?authuser=0&hl=pt-BR&g_ep=EgoyMDI2MDkyMy4wIJJjKgBIAVAD&rclk=1,rodada_2_recuperado,Benguí,ChIJy7x6wqCLpJIRuOZn9iHVzf0,2026-09-25,20:21:30
ChIJy9N9W_uLpJIRxEvHXbcUb-k,16820685911037004740,Açaí Da Hilma,Restaurante,"Açaí Da Hilma - R. Antônio Everdosa, 1541 - Pedreira, Belém - PA, 66085-755","Açaí Da Hilma - R. Antônio Everdosa, 1541 - Pedreira, Belém - PA, 66085-755",(91) 98342-3206,,-1.423488,-48.473283,4.800000,12,,,"{""domingo"":[""08:30–14:00""],""quarta-feira"":[""08:30–23:00""],""quinta-feira"":[""08:30–23:00""],""segunda-feira"":[""08:30–23:00""],""sexta-feira"":[""08:30–23:00""],""sábado"":[""08:30–14:00""],""terça-feira"":[""08:30–23:00""]}",https://www.google.com/maps/place/A%C3%A7a%C3%AD+Da+Hilma/data=!4m7!3m6!1s0x92a48bfb5b7dd3cb:0xe96f14b75dc74bc4!8m2!3d-1.4234877!4d-48.4732834!16s%2Fg%2F11f3v1f878!19sChIJy9N9W_uLpJIRxEvHXbcUb-k?authuser=0&hl=pt-BR&g_ep=EgoyMDI2MDkyMy4wIJJjKgBIAVAD&rclk=1,rodada_2_recuperado,Tapajós,ChIJy9N9W_uLpJIRxEvHXbcUb-k,2026-09-25,20:22:16
ChIJyZ9wTmGLpJIROdqd2v-z-AQ,358234081841764921,Açaí tatuoca,Casa especializada em frutas,"Açaí tatuoca - Tv. Alferes Costa - Marambaia, Belém - PA, 66120-330","Açaí tatuoca - Tv. Alferes Costa - Marambaia, Belém - PA, 66120-330",(91) 99381-3978,,-1.414147,-48.473927,5.000000,2,,,"{""domingo"":[""08:30–15:00""],""quarta-feira"":[""08:30–21:30""],""quinta-feira"":[""08:30–21:30""],""segunda-feira"":[""08:30–21:30""],""sexta-feira"":[""08:30–21:30""],""sábado"":[""08:30–21:30""],""terça-feira"":[""08:30–21:30""]}","https://www.google.com/maps/place/A%C3%A7a%C3%AD+tatuoca/@-1.414147,-48.473927,17z/data=!4m6!3m5!1s0x92a48b614e709fc9:0x4f8b3ffda9dda39!8m2!3d-1.4141467!4d-48.4739266!16s%2Fg%2F11vh_b4sqp?hl=pt&entry=ttu&g_ep=EgoyMDI2MDkyMy4wIKXMDSoASAFQAw%3D%3D",rodada_2_recuperado,Una,ChIJyZ9wTmGLpJIROdqd2v-z-AQ,2026-09-25,20:22:49
ChIJybuLC2tfpJIRPLbkLHhxFdI,15138130483438990908,AÇAÍ DO HARRY POTTER,Loja de açaí,"AÇAÍ DO HARRY POTTER - Tv. Dezessete de Agosto, 48 - Maguari, Ananindeua - PA, 67145-420","AÇAÍ DO HARRY POTTER - Tv. Dezessete de Agosto, 48 - Maguari, Ananindeua - PA, 67145-420",(91) 98070-4130,,-1.342965,-48.375558,5.000000,2,,,"{""domingo"":[""08:00–18:00""],""quarta-feira"":[""08:00–18:00""],""quinta-feira"":[""08:00–18:00""],""segunda-feira"":[""08:00–18:00""],""sexta-feira"":[""08:00–18:00""],""sábado"":[""08:00–18:00""],""terça-feira"":[""08:00–18:00""]}","https://www.google.com/maps/place/A%C3%87A%C3%8D+DO+HARRY+POTTER/@-1.342965,-48.375558,17z/data=!4m6!3m5!1s0x92a45f6b0b8bbbc9:0xd21571782ce4b63c!8m2!3d-1.3429654!4d-48.3755581!16s%2Fg%2F11rb1c55rr?hl=pt&entry=ttu&g_ep=EgoyMDI2MDkyMy4wIKXMDSoASAFQAw%3D%3D",rodada_2_recuperado,Tapajós,ChIJybuLC2tfpJIRPLbkLHhxFdI,2026-09-25,20:23:34
ChIJyeh4BwBfpJIRdC_BWOpbqEE,4731132470622236532,Porto Açaí,Restaurante,"Porto Açaí - Quintas das Carmitas, 84 - Centro, Ananindeua - PA, 67030-790","Porto Açaí - Quintas das Carmitas, 84 - Centro, Ananindeua - PA, 67030-790",(91) 92003-8674,https://account.samsung.com/iam/sso/native-to-web?migration=true&response_type=code&scope=iot.client&auth_server_url=us-auth2.samsungosp.com&redirect_uri=https://smartthingsfind.samsung.com/app2web.do&state=MTc2NjI2NTgyMERJRDo5QzFDMDRDNkEwMzdGMEEwNjJBQkM2NjA0MkE0Q0E2Rg==&source_client_id=dlw5n54c92&client_id=ntly6zvfpn&source_code=CH59G2rnG8,-1.343479,-48.371363,5.000000,17,,,"{""domingo"":[""09:00–15:00""],""quarta-feira"":[""09:00–21:00""],""quinta-feira"":[""09:00–21:00""],""segunda-feira"":[""09:00–21:00""],""sexta-feira"":[""09:00–21:00""],""sábado"":[""09:00–21:00""],""terça-feira"":[""09:00–21:00""]}",https://www.google.com/maps/place/Porto+A%C3%A7a%C3%AD/data=!4m7!3m6!1s0x92a45f000778e8c9:0x41a85bea58c12f74!8m2!3d-1.343479!4d-48.3713629!16s%2Fg%2F11yss24wls!19sChIJyeh4BwBfpJIRdC_BWOpbqEE?authuser=0&hl=pt-BR&g_ep=EgoyMDI2MDkyMy4wIJJjKgBIAVAD&rclk=1,rodada_2_recuperado,Icoaraci,ChIJyeh4BwBfpJIRdC_BWOpbqEE,2026-09-25,20:24:07
ChIJyf6z_yuMpJIR7iGmo_b8hEw,5513809980046057966,Divino Açaí do Diego,Loja,"Divino Açaí do Diego - Tv. Três de Maio, 1811 - São Brás, Belém - PA, 66063-390","Divino Açaí do Diego - Tv. Três de Maio, 1811 - São Brás, Belém - PA, 66063-390",(91) 98552-2718,https://wa.me/5591985522718?text=Ol%C3%A1%2C%20quero%20fazer%20um%20pedido%20de%20a%C3%A7a%C3%AD%20%F0%9F%8D%87,-1.455861,-48.473768,4.500000,10,,,"{""domingo"":[""09:00–14:00""],""quarta-feira"":[""09:00–14:00""],""quinta-feira"":[""09:00–14:00""],""segunda-feira"":[""09:00–14:00""],""sexta-feira"":[""09:00–14:00""],""sábado"":[""09:00–14:00""],""terça-feira"":[""09:00–14:00""]}","https://www.google.com/maps/place/Divino+A%C3%A7a%C3%AD+do+Diego/@-1.455861,-48.473768,17z/data=!4m6!3m5!1s0x92a48c2bffb3fec9:0x4c84fcf6a3a621ee!8m2!3d-1.4558605!4d-48.4737678!16s%2Fg%2F11dylz8ymw?hl=pt&entry=ttu&g_ep=EgoyMDI2MDkyMy4wIKXMDSoASAFQAw%3D%3D",rodada_2_recuperado,Una,ChIJyf6z_yuMpJIR7iGmo_b8hEw,2026-09-25,20:24:40
ChIJyybxlZ1mpJIR1bL2Dr_7r-c,16694839141694091989,Ki-Açai,Restaurante,"Ki-Açai - Passagem Maguari, 119 - Campina de Icoaraci, Belém - PA, 66813-185","Ki-Açai - Passagem Maguari, 119 - Campina de Icoaraci, Belém - PA, 66813-185",,,-1.293905,-48.477303,5.000000,6,,,{},https://www.google.com/maps/place/Ki-A%C3%A7ai/data=!4m7!3m6!1s0x92a4669d95f126cb:0xe7affbbf0ef6b2d5!8m2!3d-1.2939051!4d-48.4773029!16s%2Fg%2F11h8l1dvqp!19sChIJyybxlZ1mpJIR1bL2Dr_7r-c?authuser=0&hl=pt-BR&g_ep=EgoyMDI2MDkyMy4wIJJjKgBIAVAD&rclk=1,rodada_2_recuperado,Icoaraci,ChIJyybxlZ1mpJIR1bL2Dr_7r-c,2026-09-25,20:25:26
ChIJz8EfEWiLpJIRMTM-cCn4Sf8,18395507009831973681,Delicias du Pará | Toc-Toc du Delicias,Restaurante,"Delicias du Pará | Toc-Toc du Delicias - Av. Dalva, 198 - Marambaia, Belém - PA, 66615-850","Delicias du Pará | Toc-Toc du Delicias - Av. Dalva, 198 - Marambaia, Belém - PA, 66615-850",,,-1.403807,-48.442701,4.500000,1889,Culinária paraense em ambiente familiar,R$ 40–120,"{""domingo"":[""11:30–16:00"",""18:00–23:00""],""quarta-feira"":[""11:00–16:00"",""18:00–23:00""],""quinta-feira"":[""11:00–16:00"",""18:00–23:00""],""segunda-feira"":[""11:00–16:00"",""18:00–23:00""],""sexta-feira"":[""11:00–16:00"",""18:00–23:00""],""sábado"":[""11:30–16:00"",""18:00–23:00""],""terça-feira"":[""Fechado""]}",https://www.google.com/maps/place/Delicias+du+Par%C3%A1+%7C+Toc-Toc+du+Delicias/data=!4m7!3m6!1s0x92a48b68111fc1cf:0xff49f829703e3331!8m2!3d-1.4038069!4d-48.4427008!16s%2Fg%2F11btwqmx42!19sChIJz8EfEWiLpJIRMTM-cCn4Sf8?authuser=0&hl=pt-BR&g_ep=EgoyMDI2MDkyMy4wIJJjKgBIAVAD&rclk=1,rodada_2_recuperado,Pratinha,ChIJz8EfEWiLpJIRMTM-cCn4Sf8,2026-09-25,20:26:11
ChIJz9rtgAxhpJIRZJNZTMiXWi4,3340148960178836324,Açaí do Louro,Supermercado,"Açaí do Louro - Passagem Astronauta II - Parque Verde, Belém - PA, 66635-207","Açaí do Louro - Passagem Astronauta II - Parque Verde, Belém - PA, 66635-207",,,-1.358529,-48.452542,5.000000,3,,,{},https://www.google.com/maps/place/A%C3%A7a%C3%AD+do+Louro/data=!4m7!3m6!1s0x92a4610c80eddacf:0x2e5a97c84c599364!8m2!3d-1.3585294!4d-48.4525422!16s%2Fg%2F11rq3m4z8l!19sChIJz9rtgAxhpJIRZJNZTMiXWi4?authuser=0&hl=pt-BR&g_ep=EgoyMDI2MDkyMy4wIJJjKgBIAVAD&rclk=1,rodada_2_recuperado,Parque Verde,ChIJz9rtgAxhpJIRZJNZTMiXWi4,2026-09-25,20:26:44
ChIJzal_5NqLpJIRVBGmME59YtM,15231874664497549652,Bombons Regionais Paraense,Chocolateria,"Bombons Regionais Paraense - Rua da mata, Passagem São Jorge, 46, Belém - PA, 66615-550","Bombons Regionais Paraense - Rua da mata, Passagem São Jorge, 46, Belém - PA, 66615-550",(91) 98318-4286,https://www.google.com/search?q=Bombons+Regionais+Paraense&stick=H4sIAAAAAAAA_-NgU1I1qLA0SjSxSEpJTDUxT0u0TE6xMqhIMTYzMk8xSTU2SDQzNDQ1WcQq5ZSfm5SfV6wQlJqemZ-XmFmsEJBYlJiaV5wKAPetjcpGAAAA&hl=pt-BR&mat=CU9AEf9ndJDuElIB8pgkaDy1ZszvOvKqAATvGnjmMb7yA7y1LxOu2ToWC35S_o1ImDfFbq3L0zg01M5bQwa3LGQSO62Uu4aqUIITzixgGgGWpLO4rVVhR7BHNQQ0&authuser=0,-1.402462,-48.460080,4.500000,6,,,"{""domingo"":[""Fechado""],""quarta-feira"":[""08:00–19:00""],""quinta-feira"":[""08:00–19:00""],""segunda-feira"":[""08:00–19:00""],""sexta-feira"":[""08:30–19:00""],""sábado"":[""08:00–19:00""],""terça-feira"":[""08:00–19:00""]}","https://www.google.com/maps/place/Bombons+Regionais+Paraense/@-1.402462,-48.46008,17z/data=!4m6!3m5!1s0x92a48bdae47fa9cd:0xd3627d4e30a61154!8m2!3d-1.4024617!4d-48.4600802!16s%2Fg%2F11j1j4wfjv?hl=pt&entry=ttu&g_ep=EgoyMDI2MDkyMy4wIKXMDSoASAFQAw%3D%3D",rodada_2_recuperado,Pratinha,ChIJzal_5NqLpJIRVBGmME59YtM,2026-09-25,20:27:18
ChIJzf_PyA6LpJIRCfdTkVTldcQ,14156473155087234825,Cairu,Sorveteria,"Cairu - Av. Centenário, 1052 - 1º piso - Val-de-Cans, Belém - PA, 66635-894","Cairu - Av. Centenário, 1052 - 1º piso - Val-de-Cans, Belém - PA, 66635-894",(91) 99100-2238,,-1.388998,-48.464671,4.300000,95,,,"{""domingo"":[""10:30–22:00""],""quarta-feira"":[""10:30–22:00""],""quinta-feira"":[""10:30–22:00""],""segunda-feira"":[""10:30–22:00""],""sexta-feira"":[""10:30–22:00""],""sábado"":[""10:30–22:00""],""terça-feira"":[""10:30–22:00""]}",https://www.google.com/maps/place/Cairu/data=!4m7!3m6!1s0x92a48b0ec8cfffcd:0xc475e5549153f709!8m2!3d-1.3889979!4d-48.4646712!16s%2Fg%2F11c20f1xbs!19sChIJzf_PyA6LpJIRCfdTkVTldcQ?authuser=0&hl=pt-BR&g_ep=EgoyMDI2MDkyMy4wIJJjKgBIAVAD&rclk=1,rodada_2_recuperado,Pratinha,ChIJzf_PyA6LpJIRCfdTkVTldcQ,2026-09-25,20:28:03
ChIJ1zhXVSpTpJIReEoAWJ5IFts,15786885388712299128,Planet Açai Frozen,Loja de açaí,"Rua: - Av. Sete de Janeiro, º 2 - 0 2 2 - box 04 - Santa Izabel do Pará, PA, 67355-183","Rua: - Av. Sete de Janeiro, º 2 - 0 2 2 - box 04 - Santa Izabel do Pará, PA, 67355-183",(91) 98638-2682,,-1.291699,-48.155053,5.000000,1,,,"{""domingo"":[""15:00–23:30""],""quarta-feira"":[""15:00–22:30""],""quinta-feira"":[""15:00–22:30""],""segunda-feira"":[""15:00–22:30""],""sexta-feira"":[""15:00–22:30""],""sábado"":[""15:00–22:30""],""terça-feira"":[""15:00–22:30""]}",https://www.google.com/maps/place/Planet+A%C3%A7ai+Frozen/data=!4m7!3m6!1s0x92a4532a555738d7:0xdb16489e58004a78!8m2!3d-1.2916994!4d-48.1550531!16s%2Fg%2F11mkvyrdym!19sChIJ1zhXVSpTpJIReEoAWJ5IFts?authuser=0&hl=pt-BR&g_ep=EgoyMDI2MDkyMy4wIJJjKgBIAVAD&rclk=1,rodada_2_recuperado,Tapajós,ChIJ1zhXVSpTpJIReEoAWJ5IFts,2026-09-25,20:28:33
ChIJ528_FgAVpJIRE7CRSMaffYs,10051365617330663443,Sol e Mar - Açaiteria,Sorveteria,"Sol e Mar - Açaiteria - Av. Beira Mar - Chapéu Virado, Belém - PA, 66910-150","Sol e Mar - Açaiteria - Av. Beira Mar - Chapéu Virado, Belém - PA, 66910-150",,,-1.130047,-48.452889,5.000000,2,,,"{""domingo"":[""09:00–23:00""],""quarta-feira"":[""16:30–22:00""],""quinta-feira"":[""16:30–22:00""],""segunda-feira"":[""16:30–23:00""],""sexta-feira"":[""16:30–22:00""],""sábado"":[""09:30–23:00""],""terça-feira"":[""Fechado""]}","https://www.google.com/maps/place/Sol+e+Mar+-+A%C3%A7aiteria/@-1.130047,-48.452889,17z/data=!4m6!3m5!1s0x92a41500163f6fe7:0x8b7d9fc64891b013!8m2!3d-1.1300473!4d-48.4528888!16s%2Fg%2F11nq2ytdhs?hl=pt&entry=ttu&g_ep=EgoyMDI2MDkyMy4wIKXMDSoASAFQAw%3D%3D",rodada_2_recuperado,Tapajós,ChIJ528_FgAVpJIRE7CRSMaffYs,2026-09-25,20:29:06
ChIJAQWZcGcVpJIR3edNEe_Mg7w,13583926228239116253,Açaí do Dodó,Restaurante,"Açaí do Dodó - R. Artur Pires Teixeira - Porto Arthur, Belém - PA, 66918-540","Açaí do Dodó - R. Artur Pires Teixeira - Porto Arthur, Belém - PA, 66918-540",(91) 99831-3176,,-1.129553,-48.447557,4.800000,20,,,{},"https://www.google.com/maps/place/A%C3%A7a%C3%AD+do+Dod%C3%B3/@-1.129553,-48.447557,17z/data=!4m6!3m5!1s0x92a4156770990501:0xbc83ccef114de7dd!8m2!3d-1.129553!4d-48.447557!16s%2Fg%2F11gyb6cd9n?hl=pt&entry=ttu&g_ep=EgoyMDI2MDkyMy4wIKXMDSoASAFQAw%3D%3D",rodada_2_recuperado,Tapajós,ChIJAQWZcGcVpJIR3edNEe_Mg7w,2026-09-25,20:29:52
ChIJGSwdKl9fpJIRAffnKXZmdy4,3348257505668495105,Restaurante Açai Quero Mais,Restaurante,"Ao lado da loja avenida em frente ao ginasio de Esportes de - Av. Eng. Fernando Guilhon, 5016 - Centro, Marituba - PA, 67201-050","Ao lado da loja avenida em frente ao ginasio de Esportes de - Av. Eng. Fernando Guilhon, 5016 - Centro, Marituba - PA, 67201-050",(91) 98023-4127,,-1.365727,-48.340898,4.400000,166,,R$ 20–40,"{""domingo"":[""10:00–22:00""],""quarta-feira"":[""08:00–22:00""],""quinta-feira"":[""08:00–22:00""],""segunda-feira"":[""Fechado""],""sexta-feira"":[""08:00–22:00""],""sábado"":[""08:00–22:00""],""terça-feira"":[""08:00–15:00""]}","https://www.google.com/maps/place/Restaurante+A%C3%A7ai+Quero+Mais/@-1.365727,-48.340898,17z/data=!4m6!3m5!1s0x92a45f5f2a1d2c19:0x2e77667629e7f701!8m2!3d-1.3657272!4d-48.3408984!16s%2Fg%2F11cn5m5pdt?hl=pt&entry=ttu&g_ep=EgoyMDI2MDkyMy4wIKXMDSoASAFQAw%3D%3D",rodada_2_recuperado,Pratinha,ChIJGSwdKl9fpJIRAffnKXZmdy4,2026-09-25,20:30:37
ChIJGXMsEoFfpJIR_eAo02EPYXA,8097770517817778429,Açaízão “ O melhor sabor do Pará “,Loja de sucos,"Açaízão “ O melhor sabor do Pará “ - R. Raimundo Nunes da Rocha, 334 - Pedreirinha, Marituba - PA, 67103-550","Açaízão “ O melhor sabor do Pará “ - R. Raimundo Nunes da Rocha, 334 - Pedreirinha, Marituba - PA, 67103-550",(91) 99101-7629,,-1.360242,-48.346660,4.300000,15,,,"{""domingo"":[""08:00–13:00""],""quarta-feira"":[""08:00–19:00""],""quinta-feira"":[""08:00–19:00""],""segunda-feira"":[""08:00–19:00""],""sexta-feira"":[""08:00–19:00""],""sábado"":[""08:00–19:00""],""terça-feira"":[""08:00–19:00""]}","https://www.google.com/maps/place/A%C3%A7a%C3%ADz%C3%A3o+%E2%80%9C+O+melhor+sabor+do+Par%C3%A1+%E2%80%9C/@-1.360242,-48.34666,17z/data=!4m6!3m5!1s0x92a45f81122c7319:0x70610f61d328e0fd!8m2!3d-1.3602416!4d-48.3466603!16s%2Fg%2F11gxxhyd1s?hl=pt&entry=ttu&g_ep=EgoyMDI2MDkyMy4wIKXMDSoASAFQAw%3D%3D",rodada_2_recuperado,Cabanagem,ChIJGXMsEoFfpJIR_eAo02EPYXA,2026-09-25,20:31:22
ChIJH-QzbqUVpJIRO09omPBXp9g,15611543324163854139,Açai do martinho 2,Restaurante,"Açai do martinho 2 - R. Variante - Murubira, Belém - PA, 66913-670","Açai do martinho 2 - R. Variante - Murubira, Belém - PA, 66913-670",(91) 98010-7239,,-1.128038,-48.445234,5.000000,6,,,"{""domingo"":[""08:00–14:00""],""quarta-feira"":[""08:00–14:00""],""quinta-feira"":[""08:00–14:00""],""segunda-feira"":[""08:00–14:00""],""sexta-feira"":[""08:00–14:00""],""sábado"":[""08:00–14:00""],""terça-feira"":[""08:00–14:00""]}","https://www.google.com/maps/place/A%C3%A7ai+do+martinho+2/@-1.128038,-48.445234,17z/data=!4m6!3m5!1s0x92a415a56e33e41f:0xd8a757f098684f3b!8m2!3d-1.1280381!4d-48.4452341!16s%2Fg%2F11j2c4yhl1?hl=pt&entry=ttu&g_ep=EgoyMDI2MDkyMy4wIKXMDSoASAFQAw%3D%3D",rodada_2_recuperado,Tapajós,ChIJH-QzbqUVpJIRO09omPBXp9g,2026-09-25,20:32:08
ChIJH25JHG1fpJIRLj2Qb-MZQ6o,12268678274507357486,Açai Da Maroka,Casa especializada em frutas,"Açai Da Maroka - R. Tapajós, 86 - Dom Aristides, Marituba - PA, 67105-290","Açai Da Maroka - R. Tapajós, 86 - Dom Aristides, Marituba - PA, 67105-290",99832-9855,,-1.355541,-48.346620,4.300000,4,,,"{""domingo"":[""08:00–18:30""],""quarta-feira"":[""08:00–18:30""],""quinta-feira"":[""08:00–18:30""],""segunda-feira"":[""08:00–18:30""],""sexta-feira"":[""08:00–18:30""],""sábado"":[""08:00–18:30""],""terça-feira"":[""08:00–18:30""]}",https://www.google.com/maps/place/A%C3%A7ai+Da+Maroka/data=!4m7!3m6!1s0x92a45f6d1c496e1f:0xaa4319e36f903d2e!8m2!3d-1.3555408!4d-48.3466197!16s%2Fg%2F11hd561n12!19sChIJH25JHG1fpJIRLj2Qb-MZQ6o?authuser=0&hl=pt-BR&g_ep=EgoyMDI2MDkyMy4wIJJjKgBIAVAD&rclk=1,rodada_2_recuperado,Tapajós,ChIJH25JHG1fpJIRLj2Qb-MZQ6o,2026-09-25,20:32:53
ChIJH6bYy9GNpJIRd4wIpiri2ag,12167004541120187511,Açaiteria Pai D`égua,Sorveteria,"Açaiteria Pai D`égua - Av. 16 de Novembro - Mangueiras, Belém - PA, 66913-430","Açaiteria Pai D`égua - Av. 16 de Novembro - Mangueiras, Belém - PA, 66913-430",(91) 98612-3637,,-1.144378,-48.462326,4.900000,7,,,"{""domingo"":[""16:30–02:00""],""quarta-feira"":[""Fechado""],""quinta-feira"":[""18:30–01:00""],""segunda-feira"":[""18:30–01:00""],""sexta-feira"":[""16:30–02:00""],""sábado"":[""16:30–02:00""],""terça-feira"":[""18:30–01:00""]}",https://www.google.com/maps/place/A%C3%A7aiteria+Pai+D%60%C3%A9gua/data=!4m7!3m6!1s0x92a48dd1cbd8a61f:0xa8d9e22aa6088c77!8m2!3d-1.1443775!4d-48.4623256!16s%2Fg%2F11r_4k4ncq!19sChIJH6bYy9GNpJIRd4wIpiri2ag?authuser=0&hl=pt-BR&g_ep=EgoyMDI2MDkyMy4wIJJjKgBIAVAD&rclk=1,rodada_2_recuperado,Tapajós,ChIJH6bYy9GNpJIRd4wIpiri2ag,2026-09-25,20:33:26
ChIJLwrW56MVpJIRYfhykTIwa1A,5794778339289004129,AÇAI DO MARTINHO,Restaurante,"AÇAI DO MARTINHO - Av. 16 de Novembro, 12 - São João do Outeiro (Outeiro, Belém - PA, 66923-120","AÇAI DO MARTINHO - Av. 16 de Novembro, 12 - São João do Outeiro (Outeiro, Belém - PA, 66923-120",(91) 99199-5296,,-1.133196,-48.435518,4.700000,7,,,"{""domingo"":[""08:00–14:00""],""quarta-feira"":[""08:00–14:00""],""quinta-feira"":[""08:00–14:00""],""segunda-feira"":[""08:00–14:00""],""sexta-feira"":[""08:00–14:00""],""sábado"":[""08:00–14:00""],""terça-feira"":[""08:00–14:00""]}",https://www.google.com/maps/place/A%C3%87AI+DO+MARTINHO/data=!4m7!3m6!1s0x92a415a3e7d60a2f:0x506b30329172f861!8m2!3d-1.1331963!4d-48.435518!16s%2Fg%2F11hdyn7v4n!19sChIJLwrW56MVpJIRYfhykTIwa1A?authuser=0&hl=pt-BR&g_ep=EgoyMDI2MDkyMy4wIJJjKgBIAVAD&rclk=1,rodada_2_recuperado,Tapajós,ChIJLwrW56MVpJIRYfhykTIwa1A,2026-09-25,20:34:24
ChIJO4_SCAiMpJIR_EaEnQPhrEU,5020635090255103740,Açai do Gugu,Loja de sucos,"Açai do Gugu - R. do Fio, 7b - Bairro Centro, Marituba - PA, 67105-290","Açai do Gugu - R. do Fio, 7b - Bairro Centro, Marituba - PA, 67105-290",(91) 99387-7048,,-1.362169,-48.340889,4.400000,70,,,"{""domingo"":[""07:00–16:00""],""quarta-feira"":[""07:00–21:00""],""quinta-feira"":[""07:00–21:00""],""segunda-feira"":[""07:00–21:00""],""sexta-feira"":[""07:00–21:00""],""sábado"":[""07:00–21:00""],""terça-feira"":[""07:00–21:00""]}","https://www.google.com/maps/place/A%C3%A7ai+do+Gugu/@-1.362169,-48.340889,17z/data=!4m6!3m5!1s0x92a48c0808d28f3b:0x45ace1039d8446fc!8m2!3d-1.362169!4d-48.3408889!16s%2Fg%2F1pyclfdc6?hl=pt&entry=ttu&g_ep=EgoyMDI2MDkyMy4wIKXMDSoASAFQAw%3D%3D",rodada_2_recuperado,Pratinha,ChIJO4_SCAiMpJIR_EaEnQPhrEU,2026-09-25,20:34:57
ChIJOdvAyLprpJIRoO9_E3vdMok,9886207652709527456,Açaíteria Mosqueiro Ilhaçaí,Sorveteria,"Açaíteria Mosqueiro Ilhaçaí - Tv. Carlos Bentes - Vila, Belém - PA, 66914-050","Açaíteria Mosqueiro Ilhaçaí - Tv. Carlos Bentes - Vila, Belém - PA, 66914-050",(91) 98644-3487,https://matafoomi.com.br/acaiteriailhacai,-1.164775,-48.472277,5.000000,1,,,"{""domingo"":[""15:00–23:00""],""quarta-feira"":[""15:00–23:00""],""quinta-feira"":[""15:00–23:00""],""segunda-feira"":[""15:00–23:00""],""sexta-feira"":[""15:00–23:00""],""sábado"":[""15:00–23:00""],""terça-feira"":[""15:00–23:00""]}","https://www.google.com/maps/place/A%C3%A7a%C3%ADteria+Mosqueiro+Ilha%C3%A7a%C3%AD/@-1.164775,-48.472277,17z/data=!4m6!3m5!1s0x92a46bbac8c0db39:0x8932dd7b137fefa0!8m2!3d-1.1647746!4d-48.472277!16s%2Fg%2F11ln2p14b0?hl=pt&entry=ttu&g_ep=EgoyMDI2MDkyMy4wIKXMDSoASAFQAw%3D%3D",rodada_2_recuperado,Icoaraci,ChIJOdvAyLprpJIRoO9_E3vdMok,2026-09-25,20:35:42
ChIJb1O-ej0VpJIRzQrxXovEWP4,18327614786456586957,açai especial da sandra,Restaurante,"açai especial da sandra - R. Variante, n36 - Porto Arthur, Belém - PA, 66913-670","açai especial da sandra - R. Variante, n36 - Porto Arthur, Belém - PA, 66913-670",(91) 98349-8390,,-1.128669,-48.446714,4.800000,5,,,"{""domingo"":[""08:00–14:00""],""quarta-feira"":[""08:00–20:00""],""quinta-feira"":[""08:00–20:00""],""segunda-feira"":[""08:00–20:00""],""sexta-feira"":[""08:00–20:00""],""sábado"":[""08:00–20:00""],""terça-feira"":[""08:00–20:00""]}","https://www.google.com/maps/place/a%C3%A7ai+especial+da+sandra/@-1.128669,-48.446714,17z/data=!4m6!3m5!1s0x92a4153d7abe536f:0xfe58c48b5ef10acd!8m2!3d-1.1286694!4d-48.4467136!16s%2Fg%2F11fmb3kb28?hl=pt&entry=ttu&g_ep=EgoyMDI2MDkyMy4wIKXMDSoASAFQAw%3D%3D",rodada_2_recuperado,Tapajós,ChIJb1O-ej0VpJIRzQrxXovEWP4,2026-09-25,20:36:27
ChIJd00zcnlcpJIRVhCh4XKoyOU,16557669241392795734,Expresso açai artesanal,Fabricação de alimentos,"Expresso açai artesanal - Passagem Constância, 7B - Benfica, Benevides - PA, 68795-000","Expresso açai artesanal - Passagem Constância, 7B - Benfica, Benevides - PA, 68795-000",(91) 98930-4397,,-1.286340,-48.321993,4.900000,18,,,"{""domingo"":[""Fechado""],""quarta-feira"":[""08:00–18:00""],""quinta-feira"":[""08:00–18:00""],""segunda-feira"":[""08:00–18:00""],""sexta-feira"":[""08:00–18:00""],""sábado"":[""08:00–18:00""],""terça-feira"":[""08:00–18:00""]}","https://www.google.com/maps/place/Expresso+a%C3%A7ai+artesanal/@-1.28634,-48.321993,17z/data=!4m6!3m5!1s0x92a45c7972334d77:0xe5c8a872e1a11056!8m2!3d-1.2863401!4d-48.3219927!16s%2Fg%2F11g8vmmjyj?hl=pt&entry=ttu&g_ep=EgoyMDI2MDkyMy4wIKXMDSoASAFQAw%3D%3D",rodada_2_recuperado,Coqueiro,ChIJd00zcnlcpJIRVhCh4XKoyOU,2026-09-25,20:37:12
ChIJh1bwHQAVpJIRb5k3Ke6-Cis,3101501223501011311,Açaiteria Ponto Frio,Sorveteria,"Açaiteria Ponto Frio - Rod. Eng. Augusto Meira Filho - Carananduba, Belém - PA, 66923-120","Açaiteria Ponto Frio - Rod. Eng. Augusto Meira Filho - Carananduba, Belém - PA, 66923-120",,,-1.103352,-48.401205,0.000000,0,,,"{""domingo"":[""15:00–21:59""],""quarta-feira"":[""15:00–21:59""],""quinta-feira"":[""15:00–21:59""],""segunda-feira"":[""15:00–21:59""],""sexta-feira"":[""15:00–21:59""],""sábado"":[""15:00–21:59""],""terça-feira"":[""15:00–21:59""]}","https://www.google.com/maps/place/A%C3%A7aiteria+Ponto+Frio/@-1.103352,-48.401205,17z/data=!4m6!3m5!1s0x92a415001df05687:0x2b0abeee2937996f!8m2!3d-1.1033517!4d-48.401205!16s%2Fg%2F11zh1jqqk_?hl=pt&entry=ttu&g_ep=EgoyMDI2MDkyMy4wIKXMDSoASAFQAw%3D%3D",rodada_2_recuperado,Icoaraci,ChIJh1bwHQAVpJIRb5k3Ke6-Cis,2026-09-25,20:37:58
ChIJhxIl-fgVpJIRgCfmHnpIfbY,13149746176333326208,Açaí point dos amigos,Estacionamento,"Açaí point dos amigos - Carananduba, Belém - PA","Açaí point dos amigos - Carananduba, Belém - PA",(91) 98082-2322,,-1.101434,-48.412982,5.000000,2,,,"{""domingo"":[""09:00–14:00""],""quarta-feira"":[""09:00–21:00""],""quinta-feira"":[""09:00–21:00""],""segunda-feira"":[""09:00–21:00""],""sexta-feira"":[""09:00–21:00""],""sábado"":[""09:00–21:00""],""terça-feira"":[""09:00–21:00""]}",https://www.google.com/maps/place/A%C3%A7a%C3%AD+point+dos+amigos/data=!4m7!3m6!1s0x92a415f8f9251287:0xb67d487a1ee62780!8m2!3d-1.1014336!4d-48.4129819!16s%2Fg%2F11sb_kzsgh!19sChIJhxIl-fgVpJIRgCfmHnpIfbY?authuser=0&hl=pt-BR&g_ep=EgoyMDI2MDkyMy4wIJJjKgBIAVAD&rclk=1,rodada_2_recuperado,Tapajós,ChIJhxIl-fgVpJIRgCfmHnpIfbY,2026-09-25,20:38:43
ChIJszLNrXivpZIR29OLTT-ZoMI,14024377736794723291,Açaí&Açaí Frozen,Loja de açaí,"Açaí&Açaí Frozen - Tv. Quintino Bocaiúva, 2547 - Centro, Castanhal - PA, 68740-020","Açaí&Açaí Frozen - Tv. Quintino Bocaiúva, 2547 - Centro, Castanhal - PA, 68740-020",(91) 99154-0505,,-1.289471,-47.926306,4.800000,218,,R$ 20–40,"{""domingo"":[""14:00–23:00""],""quarta-feira"":[""12:30–23:00""],""quinta-feira"":[""12:30–23:00""],""segunda-feira"":[""12:30–23:00""],""sexta-feira"":[""12:30–23:00""],""sábado"":[""12:30–23:00""],""terça-feira"":[""12:30–23:00""]}",https://www.google.com/maps/place/A%C3%A7a%C3%AD%26A%C3%A7a%C3%AD+Frozen/data=!4m7!3m6!1s0x92a5af78adcd32b3:0xc2a0993f4d8bd3db!8m2!3d-1.2894709!4d-47.9263061!16s%2Fg%2F11hz0r987m!19sChIJszLNrXivpZIR29OLTT-ZoMI?authuser=0&hl=pt-BR&g_ep=EgoyMDI2MDkyMy4wIJJjKgBIAVAD&rclk=1,rodada_2_recuperado,Coqueiro,ChIJszLNrXivpZIR29OLTT-ZoMI,2026-09-25,20:40:01
ChIJwUT3L_T1pJIRStXKa-24kZc,10921713901205378378,Eco Foods,Fabricante de alimentos congelados,"Eco Foods - R. Sá Serraria Ou Alfredo Calado, 611 - Bairro Decouville, Marituba - PA, 67214-215","Eco Foods - R. Sá Serraria Ou Alfredo Calado, 611 - Bairro Decouville, Marituba - PA, 67214-215",(91) 99177-8212,http://ecofoods.com.br/,-1.383318,-48.334206,5.000000,15,,,"{""domingo"":[""Fechado""],""quarta-feira"":[""08:00–17:00""],""quinta-feira"":[""08:00–17:00""],""segunda-feira"":[""08:00–17:00""],""sexta-feira"":[""08:00–17:00""],""sábado"":[""08:00–12:00""],""terça-feira"":[""08:00–17:00""]}","https://www.google.com/maps/place/Eco+Foods/@-1.383318,-48.334206,17z/data=!4m6!3m5!1s0x92a4f5f42ff744c1:0x9791b8ed6bcad54a!8m2!3d-1.3833184!4d-48.3342058!16s%2Fg%2F11gh63t4q5?hl=pt&entry=ttu&g_ep=EgoyMDI2MDkyMy4wIKXMDSoASAFQAw%3D%3D",rodada_2_recuperado,Tenoné,ChIJwUT3L_T1pJIRStXKa-24kZc,2026-09-25,20:40:47
ChIJ-4T4SwBhpJIRrFZuLK3VfpA,10411994328278652588,Açaí Cr,Mercado,"Açaí Cr - R. Belmonte, 33 - QD11 - Tapanã, Belém - PA, 66833-480","Açaí Cr - R. Belmonte, 33 - QD11 - Tapanã, Belém - PA, 66833-480",(91) 98418-3422,,-1.341869,-48.464348,0.000000,0,,,"{""domingo"":[""07:00–22:00""],""quarta-feira"":[""07:00–22:00""],""quinta-feira"":[""07:00–22:00""],""segunda-feira"":[""07:00–22:00""],""sexta-feira"":[""07:00–22:00""],""sábado"":[""07:00–22:00""],""terça-feira"":[""07:00–22:00""]}",https://www.google.com/maps/place/A%C3%A7a%C3%AD+Cr/data=!4m7!3m6!1s0x92a461004bf884fb:0x907ed5ad2c6e56ac!8m2!3d-1.3418693!4d-48.4643481!16s%2Fg%2F11zjpf7spg!19sChIJ-4T4SwBhpJIRrFZuLK3VfpA?authuser=0&hl=pt-BR&g_ep=EgoyMDI2MDkyMi4wIJJjKgBIAVAD&rclk=1,rodada_2_recuperado,Parque Guajará,ChIJ-4T4SwBhpJIRrFZuLK3VfpA,2026-09-25,16:02:23
ChIJ-X1WRgBlpJIRxo2QA97PMOs,16947273950244670918,Açai da Pérola,Armazém,"Açai da Pérola - Av. BL Dez, 2084 - Brasília, Belém - PA, 66845-830","Açai da Pérola - Av. BL Dez, 2084 - Brasília, Belém - PA, 66845-830",(91) 99325-9412,,-1.286696,-48.478880,0.000000,0,,,"{""domingo"":[""09:00–19:00""],""quarta-feira"":[""09:00–22:00""],""quinta-feira"":[""09:00–22:00""],""segunda-feira"":[""09:00–22:00""],""sexta-feira"":[""09:00–22:00""],""sábado"":[""09:00–22:00""],""terça-feira"":[""09:00–22:00""]}",https://www.google.com/maps/place/A%C3%A7ai+da+P%C3%A9rola/data=!4m7!3m6!1s0x92a4650046567df9:0xeb30cfde03908dc6!8m2!3d-1.2866961!4d-48.4788801!16s%2Fg%2F11n9hvv0lm!19sChIJ-X1WRgBlpJIRxo2QA97PMOs?authuser=0&hl=pt-BR&g_ep=EgoyMDI2MDkyMi4wIJJjKgBIAVAD&rclk=1,rodada_2_recuperado,Icoaraci,ChIJ-X1WRgBlpJIRxo2QA97PMOs,2026-09-25,16:04:18
ChIJ-_SK4_JhpJIRVYO06loDuqk,12230091427097641813,Passagem Cupuaçu,Restaurante,"Passagem Cupuaçu - Pratinha, Belém - PA, 66816-850","Passagem Cupuaçu - Pratinha, Belém - PA, 66816-850",,,-1.358036,-48.470489,3.300000,29,,,{},"https://www.google.com/maps/place/Passagem+Cupua%C3%A7u/@-1.358036,-48.470489,17z/data=!4m6!3m5!1s0x92a461f2e38af4fb:0xa9ba035aeab48355!8m2!3d-1.358036!4d-48.4704886!16s%2Fg%2F11ckzdsntl?hl=pt&entry=ttu&g_ep=EgoyMDI2MDkyMi4wIKXMDSoASAFQAw%3D%3D",rodada_2_recuperado,Parque Verde,ChIJ-_SK4_JhpJIRVYO06loDuqk,2026-09-25,16:05:04
ChIJ-fYCGyBhpJIRK9_VUoDxYmg,7521839861110005547,Sorveteria Só o Creme,Sorveteria,"Sorveteria Só o Creme - Conj. Jardim Sevilha, 18 - A N° 1 - Parque Verde, Belém - PA, 66635-210","Sorveteria Só o Creme - Conj. Jardim Sevilha, 18 - A N° 1 - Parque Verde, Belém - PA, 66635-210",(91) 98377-7747,,-1.352852,-48.449638,4.800000,16,,,"{""domingo"":[""16:00–22:30""],""quarta-feira"":[""17:00–22:00""],""quinta-feira"":[""17:00–22:00""],""segunda-feira"":[""17:00–22:00""],""sexta-feira"":[""17:00–22:00""],""sábado"":[""16:00–22:30""],""terça-feira"":[""17:00–22:00""]}","https://www.google.com/maps/place/Sorveteria+S%C3%B3+o+Creme/@-1.352852,-48.449638,17z/data=!4m6!3m5!1s0x92a461201b02f6f9:0x6862f18052d5df2b!8m2!3d-1.3528522!4d-48.4496385!16s%2Fg%2F11j4wh8jgw?hl=pt&entry=ttu&g_ep=EgoyMDI2MDkyMi4wIKXMDSoASAFQAw%3D%3D",rodada_2_recuperado,Parque Verde,ChIJ-fYCGyBhpJIRK9_VUoDxYmg,2026-09-25,16:05:49
ChIJ-y1vksdhpJIRi_peQ-gPEl0,6706440285345217163,Camisaria Arara-Açai,Loja de roupas de designer,"Camisaria Arara-Açai - R. Cabo Frio, 32 - Tapanã, Belém - PA, 66833-800","Camisaria Arara-Açai - R. Cabo Frio, 32 - Tapanã, Belém - PA, 66833-800",(91) 99396-3433,http://araracamisaria.com.br/,-1.345515,-48.460003,5.000000,23,,,"{""domingo"":[""Fechado""],""quarta-feira"":[""09:00–17:00""],""quinta-feira"":[""09:00–17:00""],""segunda-feira"":[""09:00–17:00""],""sexta-feira"":[""09:00–17:00""],""sábado"":[""Fechado""],""terça-feira"":[""09:00–17:00""]}","https://www.google.com/maps/place/Camisaria+Arara-A%C3%A7ai/@-1.345515,-48.460003,17z/data=!4m6!3m5!1s0x92a461c7926f2dfb:0x5d120fe8435efa8b!8m2!3d-1.345515!4d-48.460003!16s%2Fg%2F11r80z3gvx?hl=pt&entry=ttu&g_ep=EgoyMDI2MDkyMi4wIKXMDSoASAFQAw%3D%3D",rodada_2_recuperado,Tenoné,ChIJ-y1vksdhpJIRi_peQ-gPEl0,2026-09-25,16:06:34
ChIJ0cCAAvlhpJIRxKm8nJh0sjY,3941340822716066244,burguer house artesanal,Lanchonete,"burguer house artesanal - Próximo a Dalva Restaurante - R. Principal Benedito Monteiro - Tapanã, Belém - PA, 66823-060 - Tapanã, Belém - PA, 66643-105","burguer house artesanal - Próximo a Dalva Restaurante - R. Principal Benedito Monteiro - Tapanã, Belém - PA, 66823-060 - Tapanã, Belém - PA, 66643-105",(91) 98022-9605,,-1.342342,-48.451883,4.200000,5,,,"{""domingo"":[""18:00–01:00""],""quarta-feira"":[""18:00–02:00""],""quinta-feira"":[""18:00–02:00""],""segunda-feira"":[""Fechado""],""sexta-feira"":[""18:00–02:00""],""sábado"":[""18:00–02:00""],""terça-feira"":[""18:00–02:00""]}","https://www.google.com/maps/place/burguer+house+artesanal/@-1.342342,-48.451883,17z/data=!4m6!3m5!1s0x92a461f90280c0d1:0x36b274989cbca9c4!8m2!3d-1.3423424!4d-48.4518829!16s%2Fg%2F11r7x08rh8?hl=pt&entry=ttu&g_ep=EgoyMDI2MDkyMi4wIKXMDSoASAFQAw%3D%3D",rodada_2_recuperado,Parque Verde,ChIJ0cCAAvlhpJIRxKm8nJh0sjY,2026-09-25,16:07:20
ChIJ10FNBHlnpJIRqGiR1DSsSkU,4992992479798192296,Ponto do Açaí,Fabricante de alimentos congelados,"Ponto do Açaí - R. Manoel Barata, 808 - Outeiro, Belém - PA, 66840-040","Ponto do Açaí - R. Manoel Barata, 808 - Outeiro, Belém - PA, 66840-040",(91) 98980-0809,,-1.263370,-48.464892,0.000000,0,,,"{""domingo"":[""07:00–23:00""],""quarta-feira"":[""07:00–23:00""],""quinta-feira"":[""07:00–23:00""],""segunda-feira"":[""07:00–23:00""],""sexta-feira"":[""07:00–23:00""],""sábado"":[""07:00–23:00""],""terça-feira"":[""07:00–23:00""]}",https://www.google.com/maps/place/Ponto+do+A%C3%A7a%C3%AD/data=!4m7!3m6!1s0x92a46779044d41d7:0x454aac34d49168a8!8m2!3d-1.2633704!4d-48.4648915!16s%2Fg%2F11mq93c3w2!19sChIJ10FNBHlnpJIRqGiR1DSsSkU?authuser=0&hl=pt-BR&g_ep=EgoyMDI2MDkyMi4wIJJjKgBIAVAD&rclk=1,rodada_2_recuperado,Tenoné,ChIJ10FNBHlnpJIRqGiR1DSsSkU,2026-09-25,16:08:05
ChIJ13VoMLhhpJIRUFhcHcV8swU,410809177063839824,"Benqui Burguer - Hamburguer, Batata frita, Pastel e Mais",Hamburgueria,"Benqui Burguer - Hamburguer, Batata frita, Pastel e Mais - R. Wg-7, Q156, 6 - Parque Verde, Belém - PA, 66633-520","Benqui Burguer - Hamburguer, Batata frita, Pastel e Mais - R. Wg-7, Q156, 6 - Parque Verde, Belém - PA, 66633-520",(91) 98324-0917,https://www.instagram.com/benquiburguer/,-1.369105,-48.439341,4.100000,86,,,"{""domingo"":[""19:00–00:00""],""quarta-feira"":[""19:00–00:00""],""quinta-feira"":[""19:00–00:00""],""segunda-feira"":[""19:00–00:00""],""sexta-feira"":[""19:00–00:00""],""sábado"":[""19:00–00:00""],""terça-feira"":[""19:00–00:00""]}","https://www.google.com/maps/place/Benqui+Burguer+-+Hamburguer,+Batata+frita,+Pastel+e+Mais/@-1.369105,-48.439341,17z/data=!4m6!3m5!1s0x92a461b8306875d7:0x5b37cc51d5c5850!8m2!3d-1.3691052!4d-48.4393407!16s%2Fg%2F11y8g7mnmv?hl=pt&entry=ttu&g_ep=EgoyMDI2MDkyMi4wIKXMDSoASAFQAw%3D%3D",rodada_2_recuperado,Parque Verde,ChIJ13VoMLhhpJIRUFhcHcV8swU,2026-09-25,16:09:02
ChIJ15VV2Sb1pJIR-7K_8dW36oY,9721784875144426235,Casa Do Açaí E Assados,Restaurante,"Casa Do Açaí E Assados - Tv. Tancredo Neves, 06 - Águas Lindas, Ananindeua - PA, 67020-683","Casa Do Açaí E Assados - Tv. Tancredo Neves, 06 - Águas Lindas, Ananindeua - PA, 67020-683",(91) 99167-2962,,-1.396852,-48.384738,5.000000,10,,,{},"https://www.google.com/maps/place/Casa+Do+A%C3%A7a%C3%AD+E+Assados/@-1.396852,-48.384738,17z/data=!4m6!3m5!1s0x92a4f526d95595d7:0x86eab7d5f1bfb2fb!8m2!3d-1.3968521!4d-48.3847384!16s%2Fg%2F11fqm33qsp?hl=pt&entry=ttu&g_ep=EgoyMDI2MDkyMi4wIKXMDSoASAFQAw%3D%3D",rodada_2_recuperado,Una,ChIJ15VV2Sb1pJIR-7K_8dW36oY,2026-09-25,16:09:47
ChIJ1XXXAwCNpJIRoFufmH2bZIs,10044324032676846496,Açaí Riacho Doce,Loja de açaí,"Açaí Riacho Doce - Av. Rômulo Maiorana, 1622 - São Brás, Belém - PA, 66093-674","Açaí Riacho Doce - Av. Rômulo Maiorana, 1622 - São Brás, Belém - PA, 66093-674",(91) 99327-3465,,-1.433709,-48.460352,3.000000,2,,,{},"https://www.google.com/maps/place/A%C3%A7a%C3%AD+Riacho+Doce/@-1.433709,-48.460352,17z/data=!4m6!3m5!1s0x92a48d0003d775d5:0x8b649b7d989f5ba0!8m2!3d-1.4337087!4d-48.4603516!16s%2Fg%2F11zkj2262p?hl=pt&entry=ttu&g_ep=EgoyMDI2MDkyMi4wIKXMDSoASAFQAw%3D%3D",rodada_2_recuperado,Una,ChIJ1XXXAwCNpJIRoFufmH2bZIs,2026-09-25,16:11:42
ChIJ1Xwh7hJlpJIRYgwofWEKlQg,618411937661193314,Restô da Villa Prime,Restaurante familiar,"Restô da Villa Prime - R. Siqueira Mendes, 545 - Cruzeiro, Belém - PA, 66810-050","Restô da Villa Prime - R. Siqueira Mendes, 545 - Cruzeiro, Belém - PA, 66810-050",(91) 98606-6828,,-1.300036,-48.489425,4.800000,805,A presença de cães é permitida,,"{""domingo"":[""11:00–00:00""],""quarta-feira"":[""11:00–16:00"",""18:00–00:00""],""quinta-feira"":[""11:00–16:00"",""18:00–00:00""],""segunda-feira"":[""11:00–16:00"",""18:00–00:00""],""sexta-feira"":[""11:00–16:00"",""18:00–00:00""],""sábado"":[""11:00–00:00""],""terça-feira"":[""11:00–16:00"",""18:00–00:00""]}","https://www.google.com/maps/place/Rest%C3%B4+da+Villa+Prime/@-1.300036,-48.489425,17z/data=!4m6!3m5!1s0x92a46512ee217cd5:0x8950a617d280c62!8m2!3d-1.300036!4d-48.4894252!16s%2Fg%2F11q1qs8v0b?hl=pt&entry=ttu&g_ep=EgoyMDI2MDkyMi4wIKXMDSoASAFQAw%3D%3D",rodada_2_recuperado,Icoaraci,ChIJ1Xwh7hJlpJIRYgwofWEKlQg,2026-09-25,16:12:28
ChIJ2-LkcQphpJIRfovjbbgo5mI,7126428232943111038,KI BOM,Lanchonete,"KI BOM - Passagem Boa Vontade, 426 - Pratinha, Belém - PA, 66816-150","KI BOM - Passagem Boa Vontade, 426 - Pratinha, Belém - PA, 66816-150",(91) 98450-3522,,-1.359584,-48.470003,5.000000,2,,,"{""domingo"":[""06:00–20:15""],""quarta-feira"":[""06:00–19:15""],""quinta-feira"":[""06:00–19:15""],""segunda-feira"":[""06:00–20:15""],""sexta-feira"":[""06:00–19:15""],""sábado"":[""06:00–19:15""],""terça-feira"":[""06:00–19:15""]}",https://www.google.com/maps/place/KI+BOM/data=!4m7!3m6!1s0x92a4610a71e4e2db:0x62e628b86de38b7e!8m2!3d-1.3595845!4d-48.4700031!16s%2Fg%2F11fsvy3713!19sChIJ2-LkcQphpJIRfovjbbgo5mI?authuser=0&hl=pt-BR&g_ep=EgoyMDI2MDkyMi4wIJJjKgBIAVAD&rclk=1,rodada_2_recuperado,Pratinha,ChIJ2-LkcQphpJIRfovjbbgo5mI,2026-09-25,16:13:13
ChIJ21NDv--LpJIRd3sq5a1HrPQ,17630545453448330103,Sorveteria Nova Canaã,Sorveteria,"Sorveteria Nova Canaã - Viela Cel. Artur, 25 - Marambaia, Belém - PA, 66620","Sorveteria Nova Canaã - Viela Cel. Artur, 25 - Marambaia, Belém - PA, 66620",(91) 98479-7424,,-1.397728,-48.452449,4.700000,25,,,"{""domingo"":[""15:00–23:00""],""quarta-feira"":[""17:00–23:00""],""quinta-feira"":[""17:00–23:00""],""segunda-feira"":[""17:00–23:00""],""sexta-feira"":[""17:00–23:00""],""sábado"":[""15:00–23:00""],""terça-feira"":[""17:00–23:00""]}","https://www.google.com/maps/place/Sorveteria+Nova+Cana%C3%A3/@-1.397728,-48.452449,17z/data=!4m6!3m5!1s0x92a48befbf4353db:0xf4ac47ade52a7b77!8m2!3d-1.397728!4d-48.4524487!16s%2Fg%2F11jk7f2vmq?hl=pt&entry=ttu&g_ep=EgoyMDI2MDkyMi4wIKXMDSoASAFQAw%3D%3D",rodada_2_recuperado,Pratinha,ChIJ21NDv--LpJIRd3sq5a1HrPQ,2026-09-25,16:13:58
ChIJ23-EmIJfpJIRkBoVo8X1kJ0,11353844889794452112,Açaí da Rose,Loja de comidas naturais,"Açaí da Rose - Av. Rio Baraúna, 29 - Maguari, Ananindeua - PA, 67145-720","Açaí da Rose - Av. Rio Baraúna, 29 - Maguari, Ananindeua - PA, 67145-720",(91) 98807-5532,,-1.332687,-48.374002,4.900000,17,,,"{""domingo"":[""09:00–17:00""],""quarta-feira"":[""09:00–20:00""],""quinta-feira"":[""09:00–20:00""],""segunda-feira"":[""09:00–20:00""],""sexta-feira"":[""09:00–20:00""],""sábado"":[""09:00–17:00""],""terça-feira"":[""09:00–20:00""]}",https://www.google.com/maps/place/A%C3%A7a%C3%AD+da+Rose/data=!4m7!3m6!1s0x92a45f8298847fdb:0x9d90f5c5a3151a90!8m2!3d-1.3326872!4d-48.3740022!16s%2Fg%2F11j0z626hs!19sChIJ23-EmIJfpJIRkBoVo8X1kJ0?authuser=0&hl=pt-BR&g_ep=EgoyMDI2MDkyMi4wIJJjKgBIAVAD&rclk=1,rodada_2_recuperado,Icoaraci,ChIJ23-EmIJfpJIRkBoVo8X1kJ0,2026-09-25,16:14:43
ChIJ2X7kWfKPpJIRoWHdOm7uXjk,4134003665174094241,Açaí no Ponto,Loja de alimentos orgânicos,"Esquina com Roberto Camilie - R. Eng. Fernando Guilhon, 1190 - Cremação, Belém - PA, 66033-310","Esquina com Roberto Camilie - R. Eng. Fernando Guilhon, 1190 - Cremação, Belém - PA, 66033-310",(91) 98452-8313,,-1.467321,-48.487375,5.000000,1,,,"{""domingo"":[""09:00–14:30""],""quarta-feira"":[""09:00–14:30"",""18:00–21:00""],""quinta-feira"":[""09:00–14:30"",""18:00–21:00""],""segunda-feira"":[""09:00–14:30"",""18:00–21:00""],""sexta-feira"":[""09:00–14:30"",""18:00–21:00""],""sábado"":[""09:00–14:30"",""18:00–21:00""],""terça-feira"":[""09:00–14:30"",""18:00–21:00""]}",https://www.google.com/maps/place/A%C3%A7a%C3%AD+no+Ponto/data=!4m7!3m6!1s0x92a48ff259e47ed9:0x395eee6e3add61a1!8m2!3d-1.4673206!4d-48.4873751!16s%2Fg%2F11pvtp_khh!19sChIJ2X7kWfKPpJIRoWHdOm7uXjk?authuser=0&hl=pt-BR&g_ep=EgoyMDI2MDkyMi4wIJJjKgBIAVAD&rclk=1,rodada_2_recuperado,Una,ChIJ2X7kWfKPpJIRoWHdOm7uXjk,2026-09-25,16:15:29
ChIJ3-BNzBJgpJIRQcwt5xn6fzM,3710959607136242753,Blaus Cidade Nova - PA,Sorveteria,"Blaus Cidade Nova - PA - CIDADE NOVA 8 ESTRADA DA PROVIDÊNCIA - WE 43B Nº451 - Coqueiro, Ananindeua - PA, 67133-230","Blaus Cidade Nova - PA - CIDADE NOVA 8 ESTRADA DA PROVIDÊNCIA - WE 43B Nº451 - Coqueiro, Ananindeua - PA, 67133-230",(91) 3273-9555,http://www.blaus.com.br/,-1.355835,-48.410562,4.400000,1209,Gelateria popular e pizzaria,,"{""domingo"":[""11:00–22:00""],""quarta-feira"":[""11:00–22:00""],""quinta-feira"":[""11:00–22:00""],""segunda-feira"":[""11:00–22:00""],""sexta-feira"":[""11:00–22:00""],""sábado"":[""11:00–22:00""],""terça-feira"":[""11:00–22:00""]}","https://www.google.com/maps/place/Blaus+Cidade+Nova+-+PA/@-1.355835,-48.410562,17z/data=!4m6!3m5!1s0x92a46012cc4de0df:0x337ffa19e72dcc41!8m2!3d-1.355835!4d-48.4105617!16s%2Fg%2F11ckr_k4c0?hl=pt&entry=ttu&g_ep=EgoyMDI2MDkyMi4wIKXMDSoASAFQAw%3D%3D",rodada_2_recuperado,Parque Verde,ChIJ3-BNzBJgpJIRQcwt5xn6fzM,2026-09-25,16:16:38
ChIJ3-ztMQBfpJIRgbxdMacto3s,8909014683979988097,Saulo Açai gourmet e sorveteria,Sorveteria,"Saulo Açai gourmet e sorveteria - Tv. Aporema, 064 - Maguari, Ananindeua - PA, 67146-394","Saulo Açai gourmet e sorveteria - Tv. Aporema, 064 - Maguari, Ananindeua - PA, 67146-394",,,-1.333448,-48.374227,5.000000,1,,,{},https://www.google.com/maps/place/Saulo+A%C3%A7ai+gourmet+e+sorveteria/data=!4m7!3m6!1s0x92a45f0031edecdf:0x7ba32da7315dbc81!8m2!3d-1.3334481!4d-48.3742273!16s%2Fg%2F11xd3cwf_g!19sChIJ3-ztMQBfpJIRgbxdMacto3s?authuser=0&hl=pt-BR&g_ep=EgoyMDI2MDkyMi4wIJJjKgBIAVAD&rclk=1,rodada_2_recuperado,Coqueiro,ChIJ3-ztMQBfpJIRgbxdMacto3s,2026-09-25,16:17:24
ChIJ34KI_UyPpJIRFa8rLtMmw60,12520894077474680597,Açaí raiz,Loja de açaí,"Açaí raiz - Av. Roberto Camelier, 1054B - Jurunas, Belém - PA, 66025-450","Açaí raiz - Av. Roberto Camelier, 1054B - Jurunas, Belém - PA, 66025-450",(91) 98063-0342,,-1.468830,-48.487189,4.900000,8,,,"{""domingo"":[""09:00–16:20"",""20:30–02:00""],""quarta-feira"":[""10:00–14:30"",""20:30–02:30""],""quinta-feira"":[""09:00–15:00"",""20:00–04:00""],""segunda-feira"":[""09:00–14:30"",""20:00–02:30""],""sexta-feira"":[""09:00–15:00"",""19:00–04:00""],""sábado"":[""09:00–15:00"",""18:00–02:00""],""terça-feira"":[""09:00–15:00"",""17:00–03:30""]}",https://www.google.com/maps/place/A%C3%A7a%C3%AD+raiz/data=!4m7!3m6!1s0x92a48f4cfd8882df:0xadc326d32e2baf15!8m2!3d-1.4688295!4d-48.4871893!16s%2Fg%2F11z7pts517!19sChIJ34KI_UyPpJIRFa8rLtMmw60?authuser=0&hl=pt-BR&g_ep=EgoyMDI2MDkyMi4wIJJjKgBIAVAD&rclk=1,rodada_2_recuperado,Coqueiro,ChIJ34KI_UyPpJIRFa8rLtMmw60,2026-09-25,16:17:57
ChIJ3Uyfaf9hpJIRT7f_iUF2CNI,15134476571638740815,Amazonas Indústrias Alimentícias S/A Amasa,Empresa de processamento de frutos do mar,"Amazonas Indústrias Alimentícias S/A Amasa - Rod. Arthur Bernardes, 7903 - Pratinha, Belém - PA, 66816-000","Amazonas Indústrias Alimentícias S/A Amasa - Rod. Arthur Bernardes, 7903 - Pratinha, Belém - PA, 66816-000",(91) 3258-6900,http://www.amasa.com.br/,-1.360505,-48.477421,4.600000,104,,,"{""domingo"":[""Fechado""],""quarta-feira"":[""07:00–17:00""],""quinta-feira"":[""07:00–17:00""],""segunda-feira"":[""08:00–17:00""],""sexta-feira"":[""07:00–17:00""],""sábado"":[""Fechado""],""terça-feira"":[""07:00–17:00""]}","https://www.google.com/maps/place/Amazonas+Ind%C3%BAstrias+Aliment%C3%ADcias+S%2FA+Amasa/@-1.360505,-48.477421,17z/data=!4m6!3m5!1s0x92a461ff699f4cdd:0xd208764189ffb74f!8m2!3d-1.3605055!4d-48.4774206!16s%2Fg%2F1vspskr4?hl=pt&entry=ttu&g_ep=EgoyMDI2MDkyMy4wIKXMDSoASAFQAw%3D%3D",rodada_2_recuperado,Pratinha,ChIJ3Uyfaf9hpJIRT7f_iUF2CNI,2026-09-25,16:18:55
ChIJ3YRBOwBnpJIRB8Hj15SXU2U,7301346086430687495,Açaí bom jesus,,"Açaí bom jesus - Passagem Brasília, 418 - Maracacuera, Belém - PA, 66815-190","Açaí bom jesus - Passagem Brasília, 418 - Maracacuera, Belém - PA, 66815-190",,,-1.297483,-48.462535,0.000000,0,,,{},https://www.google.com/maps/place/A%C3%A7a%C3%AD+bom+jesus/data=!4m7!3m6!1s0x92a467003b4184dd:0x65539794d7e3c107!8m2!3d-1.2974834!4d-48.462535!16s%2Fg%2F11yp0p3zzx!19sChIJ3YRBOwBnpJIRB8Hj15SXU2U?authuser=0&hl=pt-BR&g_ep=EgoyMDI2MDkyMi4wIJJjKgBIAVAD&rclk=1,rodada_2_recuperado,Icoaraci,ChIJ3YRBOwBnpJIRB8Hj15SXU2U,2026-09-25,16:19:40
ChIJ3cSjc2VfpJIRB2MuLkINOjI,3619219828439409415,Casa das Típicas do Pará,Restaurante,"em frente à Torra, Shopping Metrópole - Piso L1 - Coqueiro, Ananindeua - PA, 67015-220","em frente à Torra, Shopping Metrópole - Piso L1 - Coqueiro, Ananindeua - PA, 67015-220",(91) 98292-6422,https://instagram.com/casadastipicasdopara,-1.385089,-48.409824,4.800000,29,,R$ 20–40,"{""domingo"":[""12:00–22:00""],""quarta-feira"":[""08:00–22:00""],""quinta-feira"":[""08:00–22:00""],""segunda-feira"":[""08:00–22:00""],""sexta-feira"":[""08:00–22:00""],""sábado"":[""10:00–22:00""],""terça-feira"":[""08:00–22:00""]}","https://www.google.com/maps/place/Casa+das+T%C3%ADpicas+do+Par%C3%A1/@-1.385089,-48.409824,17z/data=!4m6!3m5!1s0x92a45f6573a3c4dd:0x323a0d422e2e6307!8m2!3d-1.3850891!4d-48.4098243!16s%2Fg%2F11jb7f0mw4?hl=pt&entry=ttu&g_ep=EgoyMDI2MDkyMi4wIKXMDSoASAFQAw%3D%3D",rodada_2_recuperado,Cabanagem,ChIJ3cSjc2VfpJIRB2MuLkINOjI,2026-09-25,16:20:27
ChIJ3w4UaJGNpJIRgaktUT-vFKM,11751210014196214145,Supremo Açaí,Restaurante,"Supremo Açaí - Av. Conselheiro Furtado, 2950 - Guamá, Belém - PA, 66063-060","Supremo Açaí - Av. Conselheiro Furtado, 2950 - Guamá, Belém - PA, 66063-060",(91) 98399-7242,,-1.456531,-48.472108,4.100000,13,A presença de cães é permitida,,"{""domingo"":[""09:00–23:00""],""quarta-feira"":[""09:00–14:00""],""quinta-feira"":[""09:00–14:00""],""segunda-feira"":[""09:00–14:00""],""sexta-feira"":[""09:00–14:00""],""sábado"":[""09:00–14:00""],""terça-feira"":[""09:00–14:00""]}",https://www.google.com/maps/place/Supremo+A%C3%A7a%C3%AD/data=!4m7!3m6!1s0x92a48d9168140edf:0xa314af3f512da981!8m2!3d-1.4565309!4d-48.472108!16s%2Fg%2F11rcxjqdqx!19sChIJ3w4UaJGNpJIRgaktUT-vFKM?authuser=0&hl=pt-BR&g_ep=EgoyMDI2MDkyMi4wIJJjKgBIAVAD&rclk=1,rodada_2_recuperado,Una,ChIJ3w4UaJGNpJIRgaktUT-vFKM,2026-09-25,16:21:12
ChIJ3zxKwb5mpJIRvjhhbhHOnIY,9699854271710836926,Açai Puro do Pará,Lanchonete,"Box 9 - Passagem Brasília, 9 - Maracacuera, Belém - PA, 66815-190","Box 9 - Passagem Brasília, 9 - Maracacuera, Belém - PA, 66815-190",(91) 99637-9530,,-1.301348,-48.462231,4.700000,3,,,"{""domingo"":[""Fechado""],""quarta-feira"":[""08:00–18:00""],""quinta-feira"":[""08:00–18:00""],""segunda-feira"":[""08:00–18:00""],""sexta-feira"":[""08:00–18:00""],""sábado"":[""08:00–18:00""],""terça-feira"":[""08:00–18:00""]}",https://www.google.com/maps/place/A%C3%A7ai+Puro+do+Par%C3%A1/data=!4m7!3m6!1s0x92a466bec14a3cdf:0x869cce116e6138be!8m2!3d-1.3013482!4d-48.4622315!16s%2Fg%2F1pztqck19!19sChIJ3zxKwb5mpJIRvjhhbhHOnIY?authuser=0&hl=pt-BR&g_ep=EgoyMDI2MDkyMi4wIJJjKgBIAVAD&rclk=1,rodada_2_recuperado,Icoaraci,ChIJ3zxKwb5mpJIRvjhhbhHOnIY,2026-09-25,16:21:45
ChIJ4-TtQpZhpJIRZYUHd3bnnag,12150121865704605029,Restaurante e Açai do Sr° Heitor / Hamburgueria Artesanal e Espeto Rockdoido,Restaurante,"Restaurante e Açai do Sr° Heitor / Hamburgueria Artesanal e Espeto Rockdoido - Rod. do Tapanã, 1888 - Tapanã, Belém - PA, 66825-522","Restaurante e Açai do Sr° Heitor / Hamburgueria Artesanal e Espeto Rockdoido - Rod. do Tapanã, 1888 - Tapanã, Belém - PA, 66825-522",(91) 98854-1690,,-1.348934,-48.460362,5.000000,1,,,"{""domingo"":[""Fechado""],""quarta-feira"":[""18:00–23:00""],""quinta-feira"":[""18:00–23:00""],""segunda-feira"":[""Fechado""],""sexta-feira"":[""18:00–23:00""],""sábado"":[""18:00–23:00""],""terça-feira"":[""18:00–23:00""]}","https://www.google.com/maps/place/Restaurante+e+A%C3%A7ai+do+Sr%C2%B0+Heitor+%2F+Hamburgueria+Artesanal+e+Espeto+Rockdoido/@-1.348934,-48.460362,17z/data=!4m6!3m5!1s0x92a4619642ede4e3:0xa89de77677078565!8m2!3d-1.3489341!4d-48.4603616!16s%2Fg%2F11nc7x4_49?hl=pt&entry=ttu&g_ep=EgoyMDI2MDkyMi4wIKXMDSoASAFQAw%3D%3D",rodada_2_recuperado,Cabanagem,ChIJ4-TtQpZhpJIRZYUHd3bnnag,2026-09-25,16:22:18
ChIJ41Vb5xdfpJIRHEhZlZZKPBQ,1458122389972404252,Açaí + Cia.,Restaurante,"Residêncial Ulisses Guimarães - R. 02, 14 - Ap 102 - Centro, Ananindeua - PA, 67030-720","Residêncial Ulisses Guimarães - R. 02, 14 - Ap 102 - Centro, Ananindeua - PA, 67030-720",(91) 98379-7428,https://www.ifood.com.br/delivery/ananindeua-pa/acai--cia-aura/bd1905aa-6777-4766-8c25-b3b99a87e7e4?UTM_Medium=share,-1.371436,-48.371326,4.400000,25,,R$ 20–40,"{""domingo"":[""11:00–17:00""],""quarta-feira"":[""11:00–22:00""],""quinta-feira"":[""11:00–22:00""],""segunda-feira"":[""11:00–22:00""],""sexta-feira"":[""11:00–22:00""],""sábado"":[""11:00–22:00""],""terça-feira"":[""11:00–22:00""]}",https://www.google.com/maps/place/A%C3%A7a%C3%AD+%2B+Cia./data=!4m7!3m6!1s0x92a45f17e75b55e3:0x143c4a969559481c!8m2!3d-1.3714355!4d-48.3713264!16s%2Fg%2F11vhg2vqff!19sChIJ41Vb5xdfpJIRHEhZlZZKPBQ?authuser=0&hl=pt-BR&g_ep=EgoyMDI2MDkyMi4wIJJjKgBIAVAD&rclk=1,rodada_2_recuperado,Una,ChIJ41Vb5xdfpJIRHEhZlZZKPBQ,2026-09-25,16:23:04
ChIJ48jU6JlmpJIRi6XM0fAu_CA,2376826315191657867,Açaí Abençoado OFICIAL,Restaurante,"Açaí Abençoado OFICIAL - R. Moura Carvalho, 62-136 - Campina de Icoaraci, Belém - PA, 66813-310","Açaí Abençoado OFICIAL - R. Moura Carvalho, 62-136 - Campina de Icoaraci, Belém - PA, 66813-310",(91) 98068-1845,,-1.295624,-48.469437,4.000000,75,,,"{""domingo"":[""07:30–14:30""],""quarta-feira"":[""07:30–20:00""],""quinta-feira"":[""07:30–20:00""],""segunda-feira"":[""07:30–20:00""],""sexta-feira"":[""07:30–20:00""],""sábado"":[""07:30–20:00""],""terça-feira"":[""07:30–20:00""]}","https://www.google.com/maps/place/A%C3%A7a%C3%AD+Aben%C3%A7oado+OFICIAL/@-1.295624,-48.469437,17z/data=!4m6!3m5!1s0x92a46699e8d4c8e3:0x20fc2ef0d1cca58b!8m2!3d-1.2956242!4d-48.4694365!16s%2Fg%2F11f0kt6149?hl=pt&entry=ttu&g_ep=EgoyMDI2MDkyMi4wIKXMDSoASAFQAw%3D%3D",rodada_2_recuperado,Icoaraci,ChIJ48jU6JlmpJIRi6XM0fAu_CA,2026-09-25,16:24:01
ChIJ4V6AU71mpJIR7i7k8xGN6X8,9217053220636208878,Açaí Ouro Preto,Fornecedor de produtos alimentícios,"Açaí Ouro Preto - Avenida contorno norte conjunto da cohab 53 - Campina de Icoaraci, Belém - PA, 66813-780","Açaí Ouro Preto - Avenida contorno norte conjunto da cohab 53 - Campina de Icoaraci, Belém - PA, 66813-780",(91) 98450-5517,,-1.298799,-48.468598,5.000000,1,,,"{""domingo"":[""09:00–14:30""],""quarta-feira"":[""09:00–14:30""],""quinta-feira"":[""09:00–14:30""],""segunda-feira"":[""Fechado""],""sexta-feira"":[""09:00–14:30""],""sábado"":[""09:00–14:30""],""terça-feira"":[""09:00–14:30""]}",https://www.google.com/maps/place/A%C3%A7a%C3%AD+Ouro+Preto/data=!4m7!3m6!1s0x92a466bd53805ee1:0x7fe98d11f3e42eee!8m2!3d-1.2987986!4d-48.468598!16s%2Fg%2F11kpkn2b7w!19sChIJ4V6AU71mpJIR7i7k8xGN6X8?authuser=0&hl=pt-BR&g_ep=EgoyMDI2MDkyMi4wIJJjKgBIAVAD&rclk=1,rodada_2_recuperado,Icoaraci,ChIJ4V6AU71mpJIR7i7k8xGN6X8,2026-09-25,16:24:46
ChIJ4dAdYQePpJIRdBqnFAKy5VA,5829261014707149428,Love Açaí,Restaurante,"Love Açaí - Tv. Bom Jardim, 1555 - Jurunas, Belém - PA, 66025-184","Love Açaí - Tv. Bom Jardim, 1555 - Jurunas, Belém - PA, 66025-184",(91) 98945-3721,,-1.470393,-48.491639,4.400000,7,,,"{""domingo"":[""09:00–14:00"",""18:00–21:00""],""quarta-feira"":[""09:00–14:00"",""18:00–21:00""],""quinta-feira"":[""09:00–14:00"",""18:00–21:00""],""segunda-feira"":[""09:00–14:00"",""18:00–21:00""],""sexta-feira"":[""09:00–14:00"",""18:00–21:00""],""sábado"":[""09:00–14:00"",""18:00–21:00""],""terça-feira"":[""09:00–14:00"",""18:00–21:00""]}",https://www.google.com/maps/place/Love+A%C3%A7a%C3%AD/data=!4m7!3m6!1s0x92a48f07611dd0e1:0x50e5b20214a71a74!8m2!3d-1.4703928!4d-48.4916388!16s%2Fg%2F11sqsp1jb5!19sChIJ4dAdYQePpJIRdBqnFAKy5VA?authuser=0&hl=pt-BR&g_ep=EgoyMDI2MDkyMi4wIJJjKgBIAVAD&rclk=1,rodada_2_recuperado,Una,ChIJ4dAdYQePpJIRdBqnFAKy5VA,2026-09-25,16:25:31
ChIJ5-5vH9lfpJIR47GY2_TbrwE,121557559665013219,Parada do Açaí Grosso,Loja,"Parada do Açaí Grosso - Conj. Paar Quadra 23, 588 - Paar, Ananindeua - PA, 67145-255","Parada do Açaí Grosso - Conj. Paar Quadra 23, 588 - Paar, Ananindeua - PA, 67145-255",(91) 98440-4655,,-1.338587,-48.379700,5.000000,4,,,"{""domingo"":[""07:00–21:30""],""quarta-feira"":[""07:00–21:30""],""quinta-feira"":[""07:00–21:30""],""segunda-feira"":[""07:00–21:30""],""sexta-feira"":[""07:00–21:30""],""sábado"":[""07:00–21:30""],""terça-feira"":[""07:00–21:30""]}","https://www.google.com/maps/place/Parada+do+A%C3%A7a%C3%AD+Grosso/@-1.338587,-48.3797,17z/data=!4m6!3m5!1s0x92a45fd91f6feee7:0x1afdbf4db98b1e3!8m2!3d-1.3385873!4d-48.3796998!16s%2Fg%2F11sfr61n8n?hl=pt&entry=ttu&g_ep=EgoyMDI2MDkyMi4wIKXMDSoASAFQAw%3D%3D",rodada_2_recuperado,Tapajós,ChIJ5-5vH9lfpJIR47GY2_TbrwE,2026-09-25,16:26:05
ChIJ5-UzwoNnpJIR2mPJNlhCISY,2747550194316436442,Sorveteria Pai D'égua,Sorveteria,"Sorveteria Pai D'égua - R. das Orquídeas, N° 35 - Brasília, Belém - PA, 66845-410","Sorveteria Pai D'égua - R. das Orquídeas, N° 35 - Brasília, Belém - PA, 66845-410",,https://www.instagram.com/sorve_teriapaidegua?igsh=MXRrN3R4cTY2ZDFwYw==,-1.279754,-48.470851,5.000000,9,,,"{""domingo"":[""16:30–22:00""],""quarta-feira"":[""16:30–22:00""],""quinta-feira"":[""16:30–22:00""],""segunda-feira"":[""16:30–22:00""],""sexta-feira"":[""16:30–22:00""],""sábado"":[""16:30–22:00""],""terça-feira"":[""Fechado""]}",https://www.google.com/maps/place/Sorveteria+Pai+D%27%C3%A9gua/data=!4m7!3m6!1s0x92a46783c233e5e7:0x2621425836c963da!8m2!3d-1.2797537!4d-48.4708512!16s%2Fg%2F11mm040n8w!19sChIJ5-UzwoNnpJIR2mPJNlhCISY?authuser=0&hl=pt-BR&g_ep=EgoyMDI2MDkyMi4wIJJjKgBIAVAD&rclk=1,rodada_2_recuperado,Una,ChIJ5-UzwoNnpJIR2mPJNlhCISY,2026-09-25,16:26:50
ChIJ56v-2RNhpJIR_qSjiX-IBYU,9585217463279396094,vit açaí,Loja de açaí,"vit açaí - Tv. We-3, 144 - Coqueiro, Belém - PA, 66670-390","vit açaí - Tv. We-3, 144 - Coqueiro, Belém - PA, 66670-390",(91) 98127-9455,,-1.344341,-48.447537,5.000000,1,,,"{""domingo"":[""08:00–17:00""],""quarta-feira"":[""08:00–17:00""],""quinta-feira"":[""08:00–17:00""],""segunda-feira"":[""Fechado""],""sexta-feira"":[""08:00–17:00""],""sábado"":[""08:00–17:00""],""terça-feira"":[""08:00–17:00""]}","https://www.google.com/maps/place/vit+a%C3%A7a%C3%AD/@-1.344341,-48.447537,17z/data=!4m6!3m5!1s0x92a46113d9feabe7:0x8505887f89a3a4fe!8m2!3d-1.3443415!4d-48.4475373!16s%2Fg%2F11v9_119p7?hl=pt&entry=ttu&g_ep=EgoyMDI2MDkyMi4wIKXMDSoASAFQAw%3D%3D",rodada_2_recuperado,Tenoné,ChIJ56v-2RNhpJIR_qSjiX-IBYU,2026-09-25,16:27:23
ChIJ57k_EKRnpJIRmxBKuPTBsoU,9633975809706954907,Açaí Bom Sabor,Mercado,"Açaí Bom Sabor - Passagem Brasília, 784 - Agulha, Belém - PA, 66846-490","Açaí Bom Sabor - Passagem Brasília, 784 - Agulha, Belém - PA, 66846-490",(91) 98494-3494,,-1.300570,-48.462333,0.000000,0,,,"{""domingo"":[""09:00–23:00""],""quarta-feira"":[""09:00–23:00""],""quinta-feira"":[""09:00–23:00""],""segunda-feira"":[""09:00–23:00""],""sexta-feira"":[""09:00–23:00""],""sábado"":[""09:00–23:00""],""terça-feira"":[""09:00–23:00""]}",https://www.google.com/maps/place/A%C3%A7a%C3%AD+Bom+Sabor/data=!4m7!3m6!1s0x92a467a4103fb9e7:0x85b2c1f4b84a109b!8m2!3d-1.3005699!4d-48.4623327!16s%2Fg%2F11t80tn4g_!19sChIJ57k_EKRnpJIRmxBKuPTBsoU?authuser=0&hl=pt-BR&g_ep=EgoyMDI2MDkyMi4wIJJjKgBIAVAD&rclk=1,rodada_2_recuperado,Icoaraci,ChIJ57k_EKRnpJIRmxBKuPTBsoU,2026-09-25,16:28:09
ChIJ5T7glpVfpJIRRgjOdW1hLy4,3327985772405852230,Severino Açaí 2004,Loja de açaí,"Severino Açaí 2004 - Av. Belém, 24 - Conj. Paar, Ananindeua - PA, 67145-131","Severino Açaí 2004 - Av. Belém, 24 - Conj. Paar, Ananindeua - PA, 67145-131",(91) 99186-0758,https://wa.me/91991860758,-1.337964,-48.395298,4.900000,58,A presença de cães é permitida,,"{""domingo"":[""09:00–22:00""],""quarta-feira"":[""09:00–22:00""],""quinta-feira"":[""09:00–22:00""],""segunda-feira"":[""09:00–22:00""],""sexta-feira"":[""09:00–22:00""],""sábado"":[""09:00–22:00""],""terça-feira"":[""09:00–22:00""]}","https://www.google.com/maps/place/Severino+A%C3%A7a%C3%AD+2004/@-1.337964,-48.395298,17z/data=!4m6!3m5!1s0x92a45f9596e03ee5:0x2e2f616d75ce0846!8m2!3d-1.3379637!4d-48.3952978!16s%2Fg%2F11ryh3ftcd?hl=pt&entry=ttu&g_ep=EgoyMDI2MDkyMi4wIKXMDSoASAFQAw%3D%3D",rodada_2_recuperado,Parque Verde,ChIJ5T7glpVfpJIRRgjOdW1hLy4,2026-09-25,16:28:42
ChIJ5Xk7vk1hpJIRWXl5WWHEqUQ,4947701588035205465,FOX HAMBURGUERIA,Hamburgueria,"FOX HAMBURGUERIA - Av. Padre Bruno Sechi, 6 - Benguí, Belém - PA, 66630-420","FOX HAMBURGUERIA - Av. Padre Bruno Sechi, 6 - Benguí, Belém - PA, 66630-420",(91) 98313-1534,https://instadelivery.com.br/foxhamburgueria,-1.369021,-48.458267,4.900000,30,,R$ 1–60,"{""domingo"":[""18:00–00:00""],""quarta-feira"":[""Fechado""],""quinta-feira"":[""18:00–23:00""],""segunda-feira"":[""Fechado""],""sexta-feira"":[""18:00–00:00""],""sábado"":[""18:00–00:00""],""terça-feira"":[""Fechado""]}","https://www.google.com/maps/place/FOX+HAMBURGUERIA/@-1.369021,-48.458267,17z/data=!4m6!3m5!1s0x92a4614dbe3b79e5:0x44a9c46159797959!8m2!3d-1.3690212!4d-48.4582666!16s%2Fg%2F11h10vjld8?hl=pt&entry=ttu&g_ep=EgoyMDI2MDkyMi4wIKXMDSoASAFQAw%3D%3D",rodada_2_recuperado,Parque Verde,ChIJ5Xk7vk1hpJIRWXl5WWHEqUQ,2026-09-25,16:30:12
ChIJ5Xp0ebJnpJIRspwqLq87Ry0,3262642078633073842,Solar Açai Icoaraci,Delivery,"Solar Açai Icoaraci - rua 2 de Dezembro (7°Rua Entre Pimenta Bueno e Pass Santa Rosa - Cruzeiro, Belém - PA, 66810-040","Solar Açai Icoaraci - rua 2 de Dezembro (7°Rua Entre Pimenta Bueno e Pass Santa Rosa - Cruzeiro, Belém - PA, 66810-040",(91) 98627-2959,,-1.295541,-48.478163,5.000000,1,,,"{""domingo"":[""09:00–16:00""],""quarta-feira"":[""09:00–16:00""],""quinta-feira"":[""09:00–16:00""],""segunda-feira"":[""09:00–16:00""],""sexta-feira"":[""09:00–16:00""],""sábado"":[""09:00–16:00""],""terça-feira"":[""09:00–16:00""]}","https://www.google.com/maps/place/Solar+A%C3%A7ai+Icoaraci/@-1.295541,-48.478163,17z/data=!4m6!3m5!1s0x92a467b279747ae5:0x2d473baf2e2a9cb2!8m2!3d-1.2955406!4d-48.478163!16s%2Fg%2F11pd3cqcx4?hl=pt&entry=ttu&g_ep=EgoyMDI2MDkyMi4wIKXMDSoASAFQAw%3D%3D",rodada_2_recuperado,Icoaraci,ChIJ5Xp0ebJnpJIRspwqLq87Ry0,2026-09-25,16:30:58
ChIJ67sTWT2MpJIRpl0EfCRPWls,6582660823473479078,Açaí da 25,Loja de sucos,"Feira da 25 - Av. Rômulo Maiorana, 199 - Marco, Belém - PA, 66093-000","Feira da 25 - Av. Rômulo Maiorana, 199 - Marco, Belém - PA, 66093-000",(91) 99374-3016,https://www.facebook.com/acaida25/,-1.444369,-48.467933,4.300000,53,,,"{""domingo"":[""08:00–15:30""],""quarta-feira"":[""08:00–15:30""],""quinta-feira"":[""08:00–15:30""],""segunda-feira"":[""08:00–15:30""],""sexta-feira"":[""08:00–15:30""],""sábado"":[""08:00–15:30""],""terça-feira"":[""08:00–15:30""]}","https://www.google.com/maps/place/A%C3%A7a%C3%AD+da+25/@-1.444369,-48.467933,17z/data=!4m6!3m5!1s0x92a48c3d5913bbeb:0x5b5a4f247c045da6!8m2!3d-1.444369!4d-48.4679328!16s%2Fg%2F1q2w1vcmx?hl=pt&entry=ttu&g_ep=EgoyMDI2MDkyMy4wIKXMDSoASAFQAw%3D%3D",rodada_2_recuperado,Una,ChIJ67sTWT2MpJIRpl0EfCRPWls,2026-09-25,16:31:43
ChIJ68EhHXuPpJIRVieH1xwFkWg,7534809273000732502,Assaí Atacadista - Batista Campos,Atacadista,"Assaí Atacadista - Batista Campos - Av. Conselheiro Furtado, 76 - Batista Campos, Belém - PA, 66025-160","Assaí Atacadista - Batista Campos - Av. Conselheiro Furtado, 76 - Batista Campos, Belém - PA, 66025-160",(91) 3210-8100,https://www.assai.com.br/,-1.463819,-48.495134,4.400000,1006,,,"{""domingo"":[""07:00–18:00""],""quarta-feira"":[""07:00–22:00""],""quinta-feira"":[""07:00–22:00""],""segunda-feira"":[""07:00–22:00""],""sexta-feira"":[""07:00–22:00""],""sábado"":[""07:00–22:00""],""terça-feira"":[""07:00–22:00""]}","https://www.google.com/maps/place/Assa%C3%AD+Atacadista+-+Batista+Campos/@-1.463819,-48.495134,17z/data=!4m6!3m5!1s0x92a48f7b1d21c1eb:0x6891051cd7872756!8m2!3d-1.4638186!4d-48.4951344!16s%2Fg%2F11pcryk5bc?hl=pt&entry=ttu&g_ep=EgoyMDI2MDkyMy4wIKXMDSoASAFQAw%3D%3D",rodada_2_recuperado,Pratinha,ChIJ68EhHXuPpJIRVieH1xwFkWg,2026-09-25,16:32:28
ChIJ6xC_5P-JpJIRyTB40s33o4g,9845985673733484745,Açaí do Bi,Casa especializada em frutas,"Açaí do Bi - Passagem Miracy, n27 - Telégrafo, Belém - PA, 66083-420","Açaí do Bi - Passagem Miracy, n27 - Telégrafo, Belém - PA, 66083-420",(91) 98365-2835,,-1.424992,-48.480400,4.400000,5,,,"{""domingo"":[""07:00–22:00""],""quarta-feira"":[""07:00–22:00""],""quinta-feira"":[""07:00–22:00""],""segunda-feira"":[""07:00–22:00""],""sexta-feira"":[""07:00–22:00""],""sábado"":[""07:00–22:00""],""terça-feira"":[""07:00–22:00""]}",https://www.google.com/maps/place/A%C3%A7a%C3%AD+do+Bi/data=!4m7!3m6!1s0x92a489ffe4bf10eb:0x88a3f7cdd27830c9!8m2!3d-1.4249917!4d-48.4804!16s%2Fg%2F11kgs_4wp1!19sChIJ6xC_5P-JpJIRyTB40s33o4g?authuser=0&hl=pt-BR&g_ep=EgoyMDI2MDkyMi4wIJJjKgBIAVAD&rclk=1,rodada_2_recuperado,Una,ChIJ6xC_5P-JpJIRyTB40s33o4g,2026-09-25,16:33:13
ChIJ6y8idw5gpJIRPs7SjtWBkEg,5228821921601343038,Preço Baixo Atacadista Cidade Nova,Supermercado,"Preço Baixo Atacadista Cidade Nova - Tv. SN 03, 753 - Cidade Nova, Ananindeua - PA, 67130-640","Preço Baixo Atacadista Cidade Nova - Tv. SN 03, 753 - Cidade Nova, Ananindeua - PA, 67130-640",(91) 3275-0071,http://www.precobaixoatacadista.com.br/,-1.359258,-48.406718,4.400000,5750,,,"{""domingo"":[""07:30–13:30""],""quarta-feira"":[""07:30–21:30""],""quinta-feira"":[""07:30–21:30""],""segunda-feira"":[""07:30–21:30""],""sexta-feira"":[""07:30–21:30""],""sábado"":[""07:30–21:30""],""terça-feira"":[""07:30–21:00""]}","https://www.google.com/maps/place/Pre%C3%A7o+Baixo+Atacadista+Cidade+Nova/@-1.359258,-48.406718,17z/data=!4m6!3m5!1s0x92a4600e77222feb:0x489081d58ed2ce3e!8m2!3d-1.3592575!4d-48.4067182!16s%2Fg%2F11c1wwf6dk?hl=pt&entry=ttu&g_ep=EgoyMDI2MDkyMi4wIKXMDSoASAFQAw%3D%3D",rodada_2_recuperado,Una,ChIJ6y8idw5gpJIRPs7SjtWBkEg,2026-09-25,16:33:46
ChIJ78owNQCLpJIR3w85bWhTh6Y,11999651440126136287,Açaízes,Sorveteria,"Açaízes - Av. Marquês de Herval - Pedreira, Belém - PA, 66085-314","Açaízes - Av. Marquês de Herval - Pedreira, Belém - PA, 66085-314",,https://www.instagram.com/acaizes_acaiteria?igsh=cG9icWI2eHYyMGtu&utm_source=qr,-1.429321,-48.469425,5.000000,3,,,"{""domingo"":[""16:00–23:00""],""quarta-feira"":[""16:00–22:00""],""quinta-feira"":[""16:00–22:00""],""segunda-feira"":[""16:00–22:00""],""sexta-feira"":[""16:00–23:00""],""sábado"":[""16:00–23:00""],""terça-feira"":[""16:00–22:00""]}",https://www.google.com/maps/place/A%C3%A7a%C3%ADzes/data=!4m7!3m6!1s0x92a48b003530caef:0xa68753686d390fdf!8m2!3d-1.4293209!4d-48.4694252!16s%2Fg%2F11zkpmsy5p!19sChIJ78owNQCLpJIR3w85bWhTh6Y?authuser=0&hl=pt-BR&g_ep=EgoyMDI2MDkyMi4wIJJjKgBIAVAD&rclk=1,rodada_2_recuperado,Coqueiro,ChIJ78owNQCLpJIR3w85bWhTh6Y,2026-09-25,16:34:32
ChIJ7Wc9ep1mpJIR_4HvXbSKpoU,9630537360453108223,EGUA DO AÇAI,Restaurante,"EGUA DO AÇAI - R. Dois de Dezembro, 305 - Campina de Icoaraci, Belém - PA, 66814-215","EGUA DO AÇAI - R. Dois de Dezembro, 305 - Campina de Icoaraci, Belém - PA, 66814-215",,,-1.293019,-48.478148,0.000000,0,,,{},https://www.google.com/maps/place/EGUA+DO+A%C3%87AI/data=!4m7!3m6!1s0x92a4669d7a3d67ed:0x85a68ab45def81ff!8m2!3d-1.2930195!4d-48.4781481!16s%2Fg%2F11myr7y1dp!19sChIJ7Wc9ep1mpJIR_4HvXbSKpoU?authuser=0&hl=pt-BR&g_ep=EgoyMDI2MDkyMi4wIJJjKgBIAVAD&rclk=1,rodada_2_recuperado,Icoaraci,ChIJ7Wc9ep1mpJIR_4HvXbSKpoU,2026-09-25,16:35:05
ChIJ7dQn9BSLpJIRd0Eclm08EqE,11606405631054725495,Sorveteria Rebequinha,Sorveteria,"Sorveteria Rebequinha - Alameda São Jorge, 119 coqueiro Ananindeua Av senador Lemos 3961, Sacramenta - Coqueiro, Ananindeua - PA, 67113-355","Sorveteria Rebequinha - Alameda São Jorge, 119 coqueiro Ananindeua Av senador Lemos 3961, Sacramenta - Coqueiro, Ananindeua - PA, 67113-355",(91) 98722-6231,,-1.379998,-48.418573,4.900000,14,,,"{""domingo"":[""18:00–23:00""],""quarta-feira"":[""18:30–23:00""],""quinta-feira"":[""18:30–23:00""],""segunda-feira"":[""18:30–23:00""],""sexta-feira"":[""18:30–23:00""],""sábado"":[""18:30–23:00""],""terça-feira"":[""18:30–23:00""]}","https://www.google.com/maps/place/Sorveteria+Rebequinha/@-1.379998,-48.418573,17z/data=!4m6!3m5!1s0x92a48b14f427d4ed:0xa1123c6d961c4177!8m2!3d-1.3799983!4d-48.4185733!16s%2Fg%2F11jfc017d7?hl=pt&entry=ttu&g_ep=EgoyMDI2MDkyMi4wIKXMDSoASAFQAw%3D%3D",rodada_2_recuperado,Parque Verde,ChIJ7dQn9BSLpJIRd0Eclm08EqE,2026-09-25,16:35:50
ChIJ7eV3KQBlpJIRv7-Bh2b1YjA,3486618882247081919,AÇAI SUPREMO,Loja de açaí,"AÇAI SUPREMO - Tv. do Cruzeiro - Cruzeiro, Belém - PA, 66810-010","AÇAI SUPREMO - Tv. do Cruzeiro - Cruzeiro, Belém - PA, 66810-010",(91) 98627-4600,,-1.291918,-48.481748,5.000000,1,,,"{""domingo"":[""10:00–15:00""],""quarta-feira"":[""10:00–21:30""],""quinta-feira"":[""10:00–21:29""],""segunda-feira"":[""10:00–21:30""],""sexta-feira"":[""10:00–21:30""],""sábado"":[""10:00–21:30""],""terça-feira"":[""10:00–21:30""]}",https://www.google.com/maps/place/A%C3%87AI+SUPREMO/data=!4m7!3m6!1s0x92a465002977e5ed:0x3062f5668781bfbf!8m2!3d-1.2919176!4d-48.4817481!16s%2Fg%2F11zxcv3q67!19sChIJ7eV3KQBlpJIRv7-Bh2b1YjA?authuser=0&hl=pt-BR&g_ep=EgoyMDI2MDkyMi4wIJJjKgBIAVAD&rclk=1,rodada_2_recuperado,Icoaraci,ChIJ7eV3KQBlpJIRv7-Bh2b1YjA,2026-09-25,16:36:35
ChIJ7xYDIL5mpJIR-18XHdXmhaI,11711020209037336571,Açaí Puro e Natural do Carlinho,Lanchonete,"Açaí Puro e Natural do Carlinho - Passagem Brasília, 512B - Maracacuera, Belém - PA, 66815-190","Açaí Puro e Natural do Carlinho - Passagem Brasília, 512B - Maracacuera, Belém - PA, 66815-190",,,-1.298418,-48.462446,5.000000,1,FECHADO,,{},https://www.google.com/maps/place/A%C3%A7a%C3%AD+Puro+e+Natural+do+Carlinho/data=!4m7!3m6!1s0x92a466be200316ef:0xa285e6d51d175ffb!8m2!3d-1.2984175!4d-48.4624463!16s%2Fg%2F1pzyjj5_b!19sChIJ7xYDIL5mpJIR-18XHdXmhaI?authuser=0&hl=pt-BR&g_ep=EgoyMDI2MDkyMi4wIJJjKgBIAVAD&rclk=1,rodada_2_recuperado,Icoaraci,ChIJ7xYDIL5mpJIR-18XHdXmhaI,2026-09-25,16:37:09
ChIJ8Vi-mQ9npJIR9j85n9Uw_Mg,14482504195774169078,Box Grill,Churrascaria,"Box Grill - Rod. Augusto Montenegro, 353 - Campina de Icoaraci, Belém - PA, 66645-001","Box Grill - Rod. Augusto Montenegro, 353 - Campina de Icoaraci, Belém - PA, 66645-001",(91) 98521-7660,,-1.299772,-48.474993,4.400000,178,,,"{""domingo"":[""11:00–15:00""],""quarta-feira"":[""11:00–15:00"",""18:00–23:00""],""quinta-feira"":[""11:00–15:00"",""18:00–23:00""],""segunda-feira"":[""11:00–15:00"",""18:00–23:00""],""sexta-feira"":[""11:00–15:00"",""18:00–23:00""],""sábado"":[""11:00–15:00"",""18:00–23:00""],""terça-feira"":[""11:00–15:00"",""18:00–23:00""]}","https://www.google.com/maps/place/Box+Grill/@-1.299772,-48.474993,17z/data=!4m6!3m5!1s0x92a4670f99be58f1:0xc8fc30d59f393ff6!8m2!3d-1.2997725!4d-48.4749927!16s%2Fg%2F11hdqvw448?hl=pt&entry=ttu&g_ep=EgoyMDI2MDkyMi4wIKXMDSoASAFQAw%3D%3D",rodada_2_recuperado,Icoaraci,ChIJ8Vi-mQ9npJIR9j85n9Uw_Mg,2026-09-25,16:37:42
ChIJ8_3ibadhpJIRkvbgvcAUpmM,7180449473940747922,Casa Do Tijolo,Fornecedor de materiais de construção,"Casa Do Tijolo - Rod. Augusto Montenegro, Km 8 - nº 3 - Tapanã, Belém - PA, 66823-010","Casa Do Tijolo - Rod. Augusto Montenegro, Km 8 - nº 3 - Tapanã, Belém - PA, 66823-010",(91) 98183-3463,,-1.342760,-48.451933,4.800000,4,,,{},https://www.google.com/maps/place/Casa+Do+Tijolo/data=!4m7!3m6!1s0x92a461a76de2fdf3:0x63a614c0bde0f692!8m2!3d-1.3427599!4d-48.4519326!16s%2Fg%2F11kn6vkpd0!19sChIJ8_3ibadhpJIRkvbgvcAUpmM?authuser=0&hl=pt-BR&g_ep=EgoyMDI2MDkyMy4wIJJjKgBIAVAD&rclk=1,rodada_2_recuperado,Tenoné,ChIJ8_3ibadhpJIRkvbgvcAUpmM,2026-09-25,16:39:24
ChIJ8yU9KbNnpJIRQo66NXPp3og,9862576915019894338,Tutti-Fruit Icoaraci,Doceria,"Tutti-Fruit Icoaraci - Rod. Augusto Montenegro, 654 - Campina de Icoaraci, Belém - PA, 66645-001","Tutti-Fruit Icoaraci - Rod. Augusto Montenegro, 654 - Campina de Icoaraci, Belém - PA, 66645-001",(91) 99287-4959,,-1.299945,-48.472251,5.000000,10,,,"{""domingo"":[""16:00–22:30""],""quarta-feira"":[""16:00–22:30""],""quinta-feira"":[""16:00–22:30""],""segunda-feira"":[""16:00–22:30""],""sexta-feira"":[""16:00–22:30""],""sábado"":[""16:00–22:30""],""terça-feira"":[""16:00–22:30""]}","https://www.google.com/maps/place/Tutti-Fruit+Icoaraci/@-1.299945,-48.472251,17z/data=!4m6!3m5!1s0x92a467b3293d25f3:0x88dee97335ba8e42!8m2!3d-1.2999454!4d-48.4722507!16s%2Fg%2F11rb_yx7l1?hl=pt&entry=ttu&g_ep=EgoyMDI2MDkyMi4wIKXMDSoASAFQAw%3D%3D",rodada_2_recuperado,Icoaraci,ChIJ8yU9KbNnpJIRQo66NXPp3og,2026-09-25,16:39:57
ChIJ9-swNgBlpJIRZk_QQkpLFVw,6635292408320905062,Feira do Açaí de Icoarací,Mercado,"Feira do Açaí de Icoarací - R. Siqueira Mendes, 510 - Cruzeiro, Belém - PA, 66810-050","Feira do Açaí de Icoarací - R. Siqueira Mendes, 510 - Cruzeiro, Belém - PA, 66810-050",,,-1.298547,-48.489726,5.000000,1,,,{},"https://www.google.com/maps/place/Feira+do+A%C3%A7a%C3%AD+de+Icoarac%C3%AD/@-1.298547,-48.489726,17z/data=!4m6!3m5!1s0x92a465003630ebf7:0x5c154b4a42d04f66!8m2!3d-1.2985467!4d-48.4897263!16s%2Fg%2F11m778nstw?hl=pt&entry=ttu&g_ep=EgoyMDI2MDkyMi4wIKXMDSoASAFQAw%3D%3D",rodada_2_recuperado,Icoaraci,ChIJ9-swNgBlpJIRZk_QQkpLFVw,2026-09-25,16:40:43
ChIJ931WI69fpJIRKuDLeRpjtXQ,8409736844547973162,Açai Peixe Frito,Restaurante,"Açai Peixe Frito - R. Primeira Rural - Heliolandia, Ananindeua - PA, 67035-490","Açai Peixe Frito - R. Primeira Rural - Heliolandia, Ananindeua - PA, 67035-490",(91) 98334-0028,,-1.346098,-48.364807,4.500000,13,,,"{""domingo"":[""10:00–13:00""],""quarta-feira"":[""10:00–13:00""],""quinta-feira"":[""10:00–13:00""],""segunda-feira"":[""Fechado""],""sexta-feira"":[""10:00–13:00""],""sábado"":[""10:00–13:00""],""terça-feira"":[""10:00–13:00""]}",https://www.google.com/maps/place/A%C3%A7ai+Peixe+Frito/data=!4m7!3m6!1s0x92a45faf23567df7:0x74b5631a79cbe02a!8m2!3d-1.3460979!4d-48.3648068!16s%2Fg%2F11j20njrmr!19sChIJ931WI69fpJIRKuDLeRpjtXQ?authuser=0&hl=pt-BR&g_ep=EgoyMDI2MDkyMi4wIJJjKgBIAVAD&rclk=1,rodada_2_recuperado,Tapajós,ChIJ931WI69fpJIRKuDLeRpjtXQ,2026-09-25,16:41:28
ChIJ95rK_bxhpJIR3fMG-sEIlxo,1916009795685905373,Sorveteria Santa Fé,Sorveteria,"Sorveteria Santa Fé - Estrada Santa fé - Icuí-Guajará, Ananindeua - PA, 67125-820","Sorveteria Santa Fé - Estrada Santa fé - Icuí-Guajará, Ananindeua - PA, 67125-820",(91) 92222-2222,,-1.327286,-48.401214,4.800000,127,,,"{""domingo"":[""17:00–00:00""],""quarta-feira"":[""17:00–23:00""],""quinta-feira"":[""17:00–23:00""],""segunda-feira"":[""17:00–23:00""],""sexta-feira"":[""17:00–23:00""],""sábado"":[""17:00–00:00""],""terça-feira"":[""17:00–23:00""]}","https://www.google.com/maps/place/Sorveteria+Santa+F%C3%A9/@-1.327286,-48.401214,17z/data=!4m6!3m5!1s0x92a461bcfdca9af7:0x1a9708c1fa06f3dd!8m2!3d-1.3272857!4d-48.4012138!16s%2Fg%2F11j48gqd79?hl=pt&entry=ttu&g_ep=EgoyMDI2MDkyMi4wIKXMDSoASAFQAw%3D%3D",rodada_2_recuperado,Una,ChIJ95rK_bxhpJIR3fMG-sEIlxo,2026-09-25,16:42:13
ChIJ9SpPMShlpJIR3lw-izSow1Y,6252025651348266206,Açai da Vevé,Restaurante,"Açai da Vevé - Tv. da Soledade, 499 - Ponta Grossa, Belém - PA, 66812-030","Açai da Vevé - Tv. da Soledade, 499 - Ponta Grossa, Belém - PA, 66812-030",,,-1.310430,-48.480268,5.000000,3,,,"{""domingo"":[""09:00–21:00""],""quarta-feira"":[""09:00–21:00""],""quinta-feira"":[""09:00–21:00""],""segunda-feira"":[""09:00–21:00""],""sexta-feira"":[""09:00–21:00""],""sábado"":[""09:00–21:00""],""terça-feira"":[""09:00–21:00""]}","https://www.google.com/maps/place/A%C3%A7ai+da+Vev%C3%A9/@-1.31043,-48.480268,17z/data=!4m6!3m5!1s0x92a46528314f2af5:0x56c3a8348b3e5cde!8m2!3d-1.3104302!4d-48.4802676!16s%2Fg%2F11jvpkjbvs?hl=pt&entry=ttu&g_ep=EgoyMDI2MDkyMi4wIKXMDSoASAFQAw%3D%3D",rodada_2_recuperado,Icoaraci,ChIJ9SpPMShlpJIR3lw-izSow1Y,2026-09-25,16:42:59
ChIJ9dtjD05hpJIR45ygdQSmyjY,3948150561427201251,Açai Massa,,"Açai Massa - presidente castelo branco - Tapanã, Belém - PA, 66825-070","Açai Massa - presidente castelo branco - Tapanã, Belém - PA, 66825-070",,,-1.335759,-48.474374,0.000000,0,,,{},"https://www.google.com/maps/place/A%C3%A7ai+Massa/@-1.335759,-48.474374,17z/data=!4m6!3m5!1s0x92a4614e0f63dbf5:0x36caa60475a09ce3!8m2!3d-1.3357588!4d-48.4743745!16s%2Fg%2F11yx4lk7q1?hl=pt&entry=ttu&g_ep=EgoyMDI2MDkyMi4wIKXMDSoASAFQAw%3D%3D",rodada_2_recuperado,Parque Guajará,ChIJ9dtjD05hpJIR45ygdQSmyjY,2026-09-25,16:43:44
ChIJA9RCucSPpJIRfDqDg7gIKhY,1597098606429682300,Açaí Tropical Belém,Loja de açaí,"Açaí Tropical Belém - R. dos Timbiras, 1397 - Batista Campos, Belém - PA, 66033-331","Açaí Tropical Belém - R. dos Timbiras, 1397 - Batista Campos, Belém - PA, 66033-331",(91) 98281-3500,,-1.465487,-48.488176,0.000000,0,,,"{""domingo"":[""09:00–14:00""],""quarta-feira"":[""09:00–14:00""],""quinta-feira"":[""09:00–14:00""],""segunda-feira"":[""Fechado""],""sexta-feira"":[""09:00–14:00""],""sábado"":[""09:00–14:00""],""terça-feira"":[""09:00–14:00""]}",https://www.google.com/maps/place/A%C3%A7a%C3%AD+Tropical+Bel%C3%A9m/data=!4m7!3m6!1s0x92a48fc4b942d403:0x162a08b883833a7c!8m2!3d-1.4654867!4d-48.4881758!16s%2Fg%2F11m_8x2qmj!19sChIJA9RCucSPpJIRfDqDg7gIKhY?authuser=0&hl=pt-BR&g_ep=EgoyMDI2MDkyMi4wIJJjKgBIAVAD&rclk=1,rodada_2_recuperado,Coqueiro,ChIJA9RCucSPpJIRfDqDg7gIKhY,2026-09-25,16:44:29
ChIJAUREgdhnpJIRsf0nNdTMiso,14594702754244459953,Cria açaí,Desenvolvimento de moradias,"Cria açaí - Al. Castelo Branco - Campina de Icoaraci, Belém - PA, 66821-205","Cria açaí - Al. Castelo Branco - Campina de Icoaraci, Belém - PA, 66821-205",,,-1.289843,-48.472325,0.000000,0,,,{},"https://www.google.com/maps/place/Cria+a%C3%A7a%C3%AD/@-1.289843,-48.472325,17z/data=!4m6!3m5!1s0x92a467d881444401:0xca8accd43527fdb1!8m2!3d-1.2898434!4d-48.4723251!16s%2Fg%2F11shs7chv9?hl=pt&entry=ttu&g_ep=EgoyMDI2MDkyMi4wIKXMDSoASAFQAw%3D%3D",rodada_2_recuperado,Icoaraci,ChIJAUREgdhnpJIRsf0nNdTMiso,2026-09-25,16:45:02
ChIJAVxzlmyKpJIRMZ3SxrAqs6U,11939933975827619121,"Tacacá do Thiago ""O original""",Restaurante,"Tacacá do Thiago ""O original"" - Avenida Sargento Gabarito, Conjunto Catalina - Mangueirão, Belém - PA, 66640-360","Tacacá do Thiago ""O original"" - Avenida Sargento Gabarito, Conjunto Catalina - Mangueirão, Belém - PA, 66640-360",(91) 98324-9697,,-1.381758,-48.457280,4.400000,317,,R$ 20–40,"{""domingo"":[""10:00–22:00""],""quarta-feira"":[""10:00–22:00""],""quinta-feira"":[""10:00–22:00""],""segunda-feira"":[""10:00–22:00""],""sexta-feira"":[""10:00–22:00""],""sábado"":[""10:00–22:00""],""terça-feira"":[""10:00–22:00""]}","https://www.google.com/maps/place/Tacac%C3%A1+do+Thiago+%22O+original%22/@-1.381758,-48.45728,17z/data=!4m6!3m5!1s0x92a48a6c96735c01:0xa5b32ab0c6d29d31!8m2!3d-1.381758!4d-48.4572804!16s%2Fg%2F11c0vnrc13?hl=pt&entry=ttu&g_ep=EgoyMDI2MDkyMi4wIKXMDSoASAFQAw%3D%3D",rodada_2_recuperado,Pratinha,ChIJAVxzlmyKpJIRMZ3SxrAqs6U,2026-09-25,16:45:47
ChIJAd8v4EdhpJIRkZikgXDl4_M,17574142442303953041,Teka Comidas típicas,Restaurante,"Teka Comidas típicas - Passagem Nossa Sra. das Graças, 482 - Pratinha, Belém - PA, 66816-020","Teka Comidas típicas - Passagem Nossa Sra. das Graças, 482 - Pratinha, Belém - PA, 66816-020",(91) 98301-4771,,-1.360682,-48.475490,4.700000,50,,R$ 1–20,"{""domingo"":[""19:30–23:30""],""quarta-feira"":[""19:30–23:30""],""quinta-feira"":[""19:30–23:30""],""segunda-feira"":[""Fechado""],""sexta-feira"":[""19:30–23:30""],""sábado"":[""19:30–23:30""],""terça-feira"":[""Fechado""]}","https://www.google.com/maps/place/Teka+Comidas+t%C3%ADpicas/@-1.360682,-48.47549,17z/data=!4m6!3m5!1s0x92a46147e02fdf01:0xf3e3e57081a49891!8m2!3d-1.3606817!4d-48.4754902!16s%2Fg%2F11fvvjbgvc?hl=pt&entry=ttu&g_ep=EgoyMDI2MDkyMi4wIKXMDSoASAFQAw%3D%3D",rodada_2_recuperado,Pratinha,ChIJAd8v4EdhpJIRkZikgXDl4_M,2026-09-25,16:46:33
ChIJAerTZYdhpJIRBN_Z895DAW8,7998749038039654148,Jp açaí,Restaurante,"Jp açaí - Estr. da Piçarreira, 11 - Tapanã, Belém - PA, 66825-410","Jp açaí - Estr. da Piçarreira, 11 - Tapanã, Belém - PA, 66825-410",(91) 98322-8862,,-1.331549,-48.468871,3.300000,6,,,"{""domingo"":[""09:00–14:00""],""quarta-feira"":[""09:00–13:30"",""16:30–21:30""],""quinta-feira"":[""09:00–13:30"",""16:30–21:30""],""segunda-feira"":[""09:00–13:30"",""16:30–21:30""],""sexta-feira"":[""09:00–13:30"",""16:30–21:30""],""sábado"":[""09:00–13:30"",""16:30–21:30""],""terça-feira"":[""09:00–13:30"",""16:30–21:30""]}",https://www.google.com/maps/place/Jp+a%C3%A7a%C3%AD/data=!4m7!3m6!1s0x92a4618765d3ea01:0x6f0143def3d9df04!8m2!3d-1.3315494!4d-48.4688705!16s%2Fg%2F11fpndjpxj!19sChIJAerTZYdhpJIRBN_Z895DAW8?authuser=0&hl=pt-BR&g_ep=EgoyMDI2MDkyMi4wIJJjKgBIAVAD&rclk=1,rodada_2_recuperado,Parque Guajará,ChIJAerTZYdhpJIRBN_Z895DAW8,2026-09-25,16:47:18
ChIJAwU5LuYKWA8R_nmdU0PMtvw,18209966732856883710,Açaí e Depósito de Água M.S,Loja de açaí,"Açaí e Depósito de Água M.S - Av. Contôrno Oeste, 12b - Campina de Icoaraci, Belém - PA, 66813-290","Açaí e Depósito de Água M.S - Av. Contôrno Oeste, 12b - Campina de Icoaraci, Belém - PA, 66813-290",(91) 98247-3914,,-1.298844,-48.468995,0.000000,0,,,"{""domingo"":[""07:00–14:00""],""quarta-feira"":[""07:00–18:00""],""quinta-feira"":[""07:00–18:00""],""segunda-feira"":[""07:00–18:00""],""sexta-feira"":[""07:00–18:00""],""sábado"":[""07:00–18:00""],""terça-feira"":[""07:00–18:00""]}","https://www.google.com/maps/place/A%C3%A7a%C3%AD+e+Dep%C3%B3sito+de+%C3%81gua+M.S/@-1.298844,-48.468995,17z/data=!4m6!3m5!1s0xf580ae62e390503:0xfcb6cc43539d79fe!8m2!3d-1.2988444!4d-48.4689946!16s%2Fg%2F11xcdbbcjx?hl=pt&entry=ttu&g_ep=EgoyMDI2MDkyMi4wIKXMDSoASAFQAw%3D%3D",rodada_2_recuperado,Icoaraci,ChIJAwU5LuYKWA8R_nmdU0PMtvw,2026-09-25,16:47:51
ChIJAxC9YChlpJIR0gwFEsohUzI,3626279276732812498,Açaí da vila,Restaurante,"Açaí da vila - Rod. Augusto Montenegro, 809 - Campina de Icoaraci, Belém - PA, 66645-001","Açaí da vila - Rod. Augusto Montenegro, 809 - Campina de Icoaraci, Belém - PA, 66645-001",(91) 98247-3265,,-1.300187,-48.471183,5.000000,2,,,{},"https://www.google.com/maps/place/A%C3%A7a%C3%AD+da+vila/@-1.300187,-48.471183,17z/data=!4m6!3m5!1s0x92a4652860bd1003:0x325321ca12050cd2!8m2!3d-1.3001874!4d-48.4711828!16s%2Fg%2F11rwl_v1hr?hl=pt&entry=ttu&g_ep=EgoyMDI2MDkyMi4wIKXMDSoASAFQAw%3D%3D",rodada_2_recuperado,Icoaraci,ChIJAxC9YChlpJIR0gwFEsohUzI,2026-09-25,16:48:36
ChIJBSgIbQxhpJIRfCzPGVMPkXA,8111281253460683900,Sabor do Parque,Sorveteria,"Sabor do Parque - R. Belém, 119 - Parque Verde, Belém - PA, 66635-226","Sabor do Parque - R. Belém, 119 - Parque Verde, Belém - PA, 66635-226",,,-1.368032,-48.440751,4.300000,4,,,"{""domingo"":[""08:30–22:30""],""quarta-feira"":[""08:30–21:30""],""quinta-feira"":[""08:30–21:30""],""segunda-feira"":[""Fechado""],""sexta-feira"":[""08:30–22:30""],""sábado"":[""08:30–22:30""],""terça-feira"":[""08:30–21:30""]}",https://www.google.com/maps/place/Sabor+do+Parque/data=!4m7!3m6!1s0x92a4610c6d082805:0x70910f5319cf2c7c!8m2!3d-1.3680316!4d-48.4407515!16s%2Fg%2F11r1c_d7xf!19sChIJBSgIbQxhpJIRfCzPGVMPkXA?authuser=0&hl=pt-BR&g_ep=EgoyMDI2MDkyMy4wIJJjKgBIAVAD&rclk=1,rodada_2_recuperado,Parque Verde,ChIJBSgIbQxhpJIRfCzPGVMPkXA,2026-09-25,16:49:22
ChIJBTDKMUhfpJIR3wPKBpXvr5I,10569930273804911583,Açaí Top Ligth,Restaurante,"Açaí Top Ligth - Av Rio TAPAJOS, Conj. Paar, n° 13 B, Ananindeua - PA, 67145-027","Açaí Top Ligth - Av Rio TAPAJOS, Conj. Paar, n° 13 B, Ananindeua - PA, 67145-027",(91) 98267-8997,,-1.340395,-48.390398,5.000000,4,,,"{""domingo"":[""08:00–00:00""],""quarta-feira"":[""08:00–00:00""],""quinta-feira"":[""08:00–00:00""],""segunda-feira"":[""08:00–00:00""],""sexta-feira"":[""08:00–00:00""],""sábado"":[""08:00–00:00""],""terça-feira"":[""08:00–00:00""]}","https://www.google.com/maps/place/A%C3%A7a%C3%AD+Top+Ligth/@-1.340395,-48.390398,17z/data=!4m6!3m5!1s0x92a45f4831ca3005:0x92afef9506ca03df!8m2!3d-1.3403948!4d-48.3903985!16s%2Fg%2F11t7c5df8h?hl=pt&entry=ttu&g_ep=EgoyMDI2MDkyMi4wIKXMDSoASAFQAw%3D%3D",rodada_2_recuperado,Tapajós,ChIJBTDKMUhfpJIR3wPKBpXvr5I,2026-09-25,16:49:55
ChIJB_Ga6J9mpJIRwH9KCshZvKY,12014576621618626496,DOM açai,Restaurante,"DOM açai - Av. Dr. Lopo de Castro, 1274 - Cruzeiro, Belém - PA, 66810-000","DOM açai - Av. Dr. Lopo de Castro, 1274 - Cruzeiro, Belém - PA, 66810-000",(91) 98210-5202,,-1.297972,-48.478069,5.000000,1,,,{},"https://www.google.com/maps/place/DOM+a%C3%A7ai/@-1.297972,-48.478069,17z/data=!4m6!3m5!1s0x92a4669fe89af107:0xa6bc59c80a4a7fc0!8m2!3d-1.2979718!4d-48.4780686!16s%2Fg%2F11vhqfclps?hl=pt&entry=ttu&g_ep=EgoyMDI2MDkyMi4wIKXMDSoASAFQAw%3D%3D",rodada_2_recuperado,Icoaraci,ChIJB_Ga6J9mpJIRwH9KCshZvKY,2026-09-25,16:50:40
ChIJBdBaBpBhpJIRPE2cskeSP2M,7151595569924558140,AÇAÍ DO IRMÃO LUIZ,,"AÇAÍ DO IRMÃO LUIZ - R. Alm. Tamandaré, 2052 - Tapanã, Belém - PA, 66825-260","AÇAÍ DO IRMÃO LUIZ - R. Alm. Tamandaré, 2052 - Tapanã, Belém - PA, 66825-260",,,-1.349738,-48.468226,0.000000,0,,,{},"https://www.google.com/maps/place/A%C3%87A%C3%8D+DO+IRM%C3%83O+LUIZ/@-1.349738,-48.468226,17z/data=!4m6!3m5!1s0x92a46190065ad005:0x633f9247b29c4d3c!8m2!3d-1.3497377!4d-48.4682259!16s%2Fg%2F11lp52g5y2?hl=pt&entry=ttu&g_ep=EgoyMDI2MDkyMi4wIKXMDSoASAFQAw%3D%3D",rodada_2_recuperado,Tapajós,ChIJBdBaBpBhpJIRPE2cskeSP2M,2026-09-25,16:51:25
ChIJBwf6-c-LpJIRVL70SZV_1vA,17354198493286415956,La Casa de Açaí,Loja de açaí,"La Casa de Açaí - R. C (Jaderlândia Um), 48 - Jaderlândia, Ananindeua - PA, 67013-280","La Casa de Açaí - R. C (Jaderlândia Um), 48 - Jaderlândia, Ananindeua - PA, 67013-280",(91) 99358-7178,,-1.391048,-48.422324,0.000000,0,,,{},https://www.google.com/maps/place/La+Casa+de+A%C3%A7a%C3%AD/data=!4m7!3m6!1s0x92a48bcff9fa0707:0xf0d67f9549f4be54!8m2!3d-1.3910483!4d-48.4223242!16s%2Fg%2F11y9r4hsmg!19sChIJBwf6-c-LpJIRVL70SZV_1vA?authuser=0&hl=pt-BR&g_ep=EgoyMDI2MDkyMi4wIJJjKgBIAVAD&rclk=1,rodada_2_recuperado,Benguí,ChIJBwf6-c-LpJIRVL70SZV_1vA,2026-09-25,16:52:11
ChIJC2yx1v5hpJIR3ZXvbvxl0dY,15479265529116464605,Açaí Do Juju,Mercado de frutas e vegetais,"Açaí Do Juju - R. Jader Dias, 16 - Coqueiro, Ananindeua - PA, 67120-405","Açaí Do Juju - R. Jader Dias, 16 - Coqueiro, Ananindeua - PA, 67120-405",,,-1.347487,-48.411267,5.000000,2,,,"{""domingo"":[""07:30–18:00""],""quarta-feira"":[""07:30–18:00""],""quinta-feira"":[""07:30–18:00""],""segunda-feira"":[""07:30–18:00""],""sexta-feira"":[""07:30–18:00""],""sábado"":[""07:30–18:00""],""terça-feira"":[""07:30–18:00""]}",https://www.google.com/maps/place/A%C3%A7a%C3%AD+Do+Juju/data=!4m7!3m6!1s0x92a461fed6b16c0b:0xd6d165fc6eef95dd!8m2!3d-1.3474867!4d-48.4112669!16s%2Fg%2F11fr5218v0!19sChIJC2yx1v5hpJIR3ZXvbvxl0dY?authuser=0&hl=pt-BR&g_ep=EgoyMDI2MDkyMy4wIJJjKgBIAVAD&rclk=1,rodada_2_recuperado,Una,ChIJC2yx1v5hpJIR3ZXvbvxl0dY,2026-09-25,16:52:44
ChIJC3HBNABjpJIRVTDuXuQVkvg,17911402738595278933,Açaí do Bom,Delivery,"Açaí do Bom - R. Pres. Dutra - Tapanã, Belém - PA, 66825-050","Açaí do Bom - R. Pres. Dutra - Tapanã, Belém - PA, 66825-050",,,-1.329538,-48.479322,5.000000,1,,,{},https://www.google.com/maps/place/A%C3%A7a%C3%AD+do+Bom/data=!4m7!3m6!1s0x92a4630034c1710b:0xf89215e45eee3055!8m2!3d-1.3295384!4d-48.4793222!16s%2Fg%2F11zdh42js6!19sChIJC3HBNABjpJIRVTDuXuQVkvg?authuser=0&hl=pt-BR&g_ep=EgoyMDI2MDkyMi4wIJJjKgBIAVAD&rclk=1,rodada_2_recuperado,Tapajós,ChIJC3HBNABjpJIRVTDuXuQVkvg,2026-09-25,16:53:17
ChIJC8ExYgBfpJIR5Kq5ls2aMe4,17163669862673394404,Maioca,Sorveteria,"Maioca - Estr. do Maguari, 3360 - Maguari, Ananindeua - PA, 67145-200","Maioca - Estr. do Maguari, 3360 - Maguari, Ananindeua - PA, 67145-200",(91) 99268-6600,,-1.347500,-48.375915,2.800000,15,,,"{""domingo"":[""08:00–23:00""],""quarta-feira"":[""08:00–23:00""],""quinta-feira"":[""08:00–23:00""],""segunda-feira"":[""08:00–23:00""],""sexta-feira"":[""08:00–23:00""],""sábado"":[""08:00–23:00""],""terça-feira"":[""08:00–23:00""]}","https://www.google.com/maps/place/Maioca/@-1.3475,-48.375915,17z/data=!4m6!3m5!1s0x92a45f006231c10b:0xee319acd96b9aae4!8m2!3d-1.3475!4d-48.375915!16s%2Fg%2F11vz8zlgh7?hl=pt&entry=ttu&g_ep=EgoyMDI2MDkyMi4wIKXMDSoASAFQAw%3D%3D",rodada_2_recuperado,Coqueiro,ChIJC8ExYgBfpJIR5Kq5ls2aMe4,2026-09-25,16:54:02
ChIJCTGQQABnpJIRHyfLf_BkowA,45991405302785823,Ki-Cre me Açaí,Supermercado,"Ki-Cre me Açaí - Travessa R -1 - Campina de - Icoaraci, Belém - PA","Ki-Cre me Açaí - Travessa R -1 - Campina de - Icoaraci, Belém - PA",,,-1.298230,-48.474795,0.000000,0,,,"{""domingo"":[""Fechado""],""quarta-feira"":[""08:00–18:00""],""quinta-feira"":[""08:00–18:00""],""segunda-feira"":[""08:00–18:00""],""sexta-feira"":[""08:00–18:00""],""sábado"":[""Fechado""],""terça-feira"":[""08:00–18:00""]}",https://www.google.com/maps/place/Ki-Cre+me+A%C3%A7a%C3%AD/data=!4m7!3m6!1s0x92a4670040903109:0xa364f07fcb271f!8m2!3d-1.29823!4d-48.4747955!16s%2Fg%2F11vx3mdhkx!19sChIJCTGQQABnpJIRHyfLf_BkowA?authuser=0&hl=pt-BR&g_ep=EgoyMDI2MDkyMi4wIJJjKgBIAVAD&rclk=1,rodada_2_recuperado,Icoaraci,ChIJCTGQQABnpJIRHyfLf_BkowA,2026-09-25,16:54:48
ChIJCdj5HAeNpJIRWH-cJj0soiA,2351490596593237848,Açaí Belém,Fabricante de alimentos,"Açaí Belém - R. da Olaria, 117 - Guamá, Belém - PA, 66079-051","Açaí Belém - R. da Olaria, 117 - Guamá, Belém - PA, 66079-051",(91) 99157-6221,,-1.468191,-48.455169,3.000000,1,,,"{""domingo"":[""08:30–13:30""],""quarta-feira"":[""08:30–14:00"",""17:00–21:30""],""quinta-feira"":[""08:30–14:00"",""17:00–21:30""],""segunda-feira"":[""08:30–14:00"",""17:00–21:30""],""sexta-feira"":[""08:30–14:00"",""17:00–21:30""],""sábado"":[""08:30–14:00"",""17:00–22:00""],""terça-feira"":[""08:30–14:00"",""17:00–21:30""]}",https://www.google.com/maps/place/A%C3%A7a%C3%AD+Bel%C3%A9m/data=!4m7!3m6!1s0x92a48d071cf9d809:0x20a22c3d269c7f58!8m2!3d-1.468191!4d-48.4551686!16s%2Fg%2F11q35mtk_3!19sChIJCdj5HAeNpJIRWH-cJj0soiA?authuser=0&hl=pt-BR&g_ep=EgoyMDI2MDkyMi4wIJJjKgBIAVAD&rclk=1,rodada_2_recuperado,Coqueiro,ChIJCdj5HAeNpJIRWH-cJj0soiA,2026-09-25,16:55:21
ChIJCyex2YdfpJIRN-SeLwPAXl0,6728026013254476855,Assaí Atacadista,Atacadista,"Assaí Atacadista - Rodovia BR 316 KM 9, 1.760 - Centro, Ananindeua - PA, 67030-007","Assaí Atacadista - Rodovia BR 316 KM 9, 1.760 - Centro, Ananindeua - PA, 67030-007",(91) 3262-8350,http://www.assai.com.br/,-1.367109,-48.368737,4.400000,2899,,,"{""domingo"":[""07:00–18:00""],""quarta-feira"":[""07:00–22:00""],""quinta-feira"":[""07:00–22:00""],""segunda-feira"":[""07:00–22:00""],""sexta-feira"":[""07:00–22:00""],""sábado"":[""07:00–22:00""],""terça-feira"":[""07:00–22:00""]}",https://www.google.com/maps/place/Assa%C3%AD+Atacadista/data=!4m7!3m6!1s0x92a45f87d9b1270b:0x5d5ec0032f9ee437!8m2!3d-1.3671091!4d-48.368737!16s%2Fg%2F11d_c70k8c!19sChIJCyex2YdfpJIRN-SeLwPAXl0?authuser=0&hl=pt-BR&g_ep=EgoyMDI2MDkyMi4wIJJjKgBIAVAD&rclk=1,rodada_2_recuperado,Coqueiro,ChIJCyex2YdfpJIRN-SeLwPAXl0,2026-09-25,16:56:18
ChIJD1G3ViuPpJIRlmMD1B1Q_Wo,7709406226169422742,Açaí Grill,Supermercado,"Açaí Grill - Tv. Padre Eutíquio, 813 - Campina, Belém - PA, 66023-710","Açaí Grill - Tv. Padre Eutíquio, 813 - Campina, Belém - PA, 66023-710",,,-1.456027,-48.496618,4.000000,1,,,{},https://www.google.com/maps/place/A%C3%A7a%C3%AD+Grill/data=!4m7!3m6!1s0x92a48f2b56b7510f:0x6afd501dd4036396!8m2!3d-1.4560272!4d-48.4966182!16s%2Fg%2F11gy3h9gsz!19sChIJD1G3ViuPpJIRlmMD1B1Q_Wo?authuser=0&hl=pt-BR&g_ep=EgoyMDI2MDkyMi4wIJJjKgBIAVAD&rclk=1,rodada_2_recuperado,Parque Verde,ChIJD1G3ViuPpJIRlmMD1B1Q_Wo,2026-09-25,16:57:03
ChIJD8fYj6lnpJIRO33fcbAHD-8,17225995554121547067,Açaí Show,Cozinha solidária,"Açaí Show - Estr. Velha do Outeiro, 235 - Campina de Icoaraci, Belém - PA, 66813-250","Açaí Show - Estr. Velha do Outeiro, 235 - Campina de Icoaraci, Belém - PA, 66813-250",(91) 99124-9919,,-1.293997,-48.468045,5.000000,1,,,"{""domingo"":[""08:00–15:00""],""quarta-feira"":[""08:00–22:00""],""quinta-feira"":[""08:00–22:00""],""segunda-feira"":[""08:00–22:00""],""sexta-feira"":[""08:00–22:00""],""sábado"":[""08:00–22:00""],""terça-feira"":[""08:00–22:00""]}","https://www.google.com/maps/place/A%C3%A7a%C3%AD+Show/@-1.293997,-48.468045,17z/data=!4m6!3m5!1s0x92a467a98fd8c70f:0xef0f07b071df7d3b!8m2!3d-1.2939975!4d-48.4680446!16s%2Fg%2F11vdq54l0z?hl=pt&entry=ttu&g_ep=EgoyMDI2MDkyMi4wIKXMDSoASAFQAw%3D%3D",rodada_2_recuperado,Icoaraci,ChIJD8fYj6lnpJIRO33fcbAHD-8,2026-09-25,16:57:37
ChIJDRdwiCZhpJIRZZTdWCN5UQ8,1103796576404214885,Açaí Sabor Marajoara,Restaurante,"Açaí Sabor Marajoara - R. São Clemente - Tapanã, Belém - PA, 66643-290","Açaí Sabor Marajoara - R. São Clemente - Tapanã, Belém - PA, 66643-290",(91) 98078-5276,,-1.357535,-48.465771,4.800000,4,,,"{""domingo"":[""08:00–22:00""],""quarta-feira"":[""09:00–23:15""],""quinta-feira"":[""09:00–23:15""],""segunda-feira"":[""09:00–23:15""],""sexta-feira"":[""09:00–23:15""],""sábado"":[""09:00–23:15""],""terça-feira"":[""09:00–23:15""]}","https://www.google.com/maps/place/A%C3%A7a%C3%AD+Sabor+Marajoara/@-1.357535,-48.465771,17z/data=!4m6!3m5!1s0x92a461268870170d:0xf51792358dd9465!8m2!3d-1.3575351!4d-48.4657706!16s%2Fg%2F11ftly2hp9?hl=pt&entry=ttu&g_ep=EgoyMDI2MDkyMi4wIKXMDSoASAFQAw%3D%3D",rodada_2_recuperado,Pratinha,ChIJDRdwiCZhpJIRZZTdWCN5UQ8,2026-09-25,16:58:22
ChIJDTO-OACLpJIRV_k1WjRs8j4,4535806746823096663,Esquina das frutas,Loja de sucos,"Esquina das frutas - Passagem Girassol - Cabanagem, Belém - PA, 66625-350","Esquina das frutas - Passagem Girassol - Cabanagem, Belém - PA, 66625-350",(91) 99143-6693,,-1.368399,-48.436071,0.000000,0,,,"{""domingo"":[""Fechado""],""quarta-feira"":[""08:00–23:00""],""quinta-feira"":[""08:00–23:00""],""segunda-feira"":[""08:00–17:00""],""sexta-feira"":[""08:00–23:00""],""sábado"":[""08:00–23:00""],""terça-feira"":[""08:00–23:00""]}",https://www.google.com/maps/place/Esquina+das+frutas/data=!4m7!3m6!1s0x92a48b0038be330d:0x3ef26c345a35f957!8m2!3d-1.3683987!4d-48.4360711!16s%2Fg%2F11yd_dhx6d!19sChIJDTO-OACLpJIRV_k1WjRs8j4?authuser=0&hl=pt-BR&g_ep=EgoyMDI2MDkyMi4wIJJjKgBIAVAD&rclk=1,rodada_2_recuperado,Una,ChIJDTO-OACLpJIRV_k1WjRs8j4,2026-09-25,16:59:07
ChIJDV71eACPpJIRMxKQJhaSu4Q,9564398857485292083,La Fábrica de Açaí,Loja de açaí,"La Fábrica de Açaí - Av. Roberto Camelier, 280 - Jurunas, Belém - PA, 66025-442","La Fábrica de Açaí - Av. Roberto Camelier, 280 - Jurunas, Belém - PA, 66025-442",(91) 98220-2187,,-1.464521,-48.492684,4.200000,24,,,{},"https://www.google.com/maps/place/La+F%C3%A1brica+de+A%C3%A7a%C3%AD/@-1.464521,-48.492684,17z/data=!4m6!3m5!1s0x92a48f0078f55e0d:0x84bb921626901233!8m2!3d-1.4645211!4d-48.4926841!16s%2Fg%2F11mdk8m_3_?hl=pt&entry=ttu&g_ep=EgoyMDI2MDkyMi4wIKXMDSoASAFQAw%3D%3D",rodada_2_recuperado,Una,ChIJDV71eACPpJIRMxKQJhaSu4Q,2026-09-25,16:59:52
ChIJDYARphlhpJIRXcBkdDFA7BM,1435592962374680669,Açaí Ouro Preto,Delivery,"Açaí Ouro Preto - Passagem São Lucas, 39 - Tenoné, Belém - PA, 66820-135","Açaí Ouro Preto - Passagem São Lucas, 39 - Tenoné, Belém - PA, 66820-135",(91) 98637-1733,,-1.313098,-48.431582,0.000000,0,,,"{""domingo"":[""10:30–00:00""],""quarta-feira"":[""10:30–00:00""],""quinta-feira"":[""10:30–00:00""],""segunda-feira"":[""10:30–00:00""],""sexta-feira"":[""10:30–00:00""],""sábado"":[""10:30–00:00""],""terça-feira"":[""10:30–00:00""]}",https://www.google.com/maps/place/A%C3%A7a%C3%AD+Ouro+Preto/data=!4m7!3m6!1s0x92a46119a611800d:0x13ec40317464c05d!8m2!3d-1.313098!4d-48.4315823!16s%2Fg%2F11zf625ch2!19sChIJDYARphlhpJIRXcBkdDFA7BM?authuser=0&hl=pt-BR&g_ep=EgoyMDI2MDkyMy4wIJJjKgBIAVAD&rclk=1,rodada_2_recuperado,Icoaraci,ChIJDYARphlhpJIRXcBkdDFA7BM,2026-09-25,17:00:38
ChIJE-74JC-PpJIRxIIQnfwRSYU,9604227457008829124,Açaí & Açaí Frozen - Unidade Doca,Sorveteria especializada em sundaes,"Açaí & Açaí Frozen - Unidade Doca - Av. Visc. de Souza Franco, 1012 - Reduto, Belém - PA, 66053-000","Açaí & Açaí Frozen - Unidade Doca - Av. Visc. de Souza Franco, 1012 - Reduto, Belém - PA, 66053-000",(91) 99250-0024,,-1.447334,-48.487967,3.900000,14,,R$ 20–40,"{""domingo"":[""12:00–22:00""],""quarta-feira"":[""12:00–22:00""],""quinta-feira"":[""12:00–22:00""],""segunda-feira"":[""12:00–22:00""],""sexta-feira"":[""12:00–22:00""],""sábado"":[""12:00–22:00""],""terça-feira"":[""12:00–22:00""]}","https://www.google.com/maps/place/A%C3%A7a%C3%AD+%26+A%C3%A7a%C3%AD+Frozen+-+Unidade+Doca/@-1.447334,-48.487967,17z/data=!4m6!3m5!1s0x92a48f2f24f8ee13:0x854911fc9d1082c4!8m2!3d-1.447334!4d-48.4879667!16s%2Fg%2F11wmw_9xmr?hl=pt&entry=ttu&g_ep=EgoyMDI2MDkyMi4wIKXMDSoASAFQAw%3D%3D",rodada_2_recuperado,Benguí,ChIJE-74JC-PpJIRxIIQnfwRSYU,2026-09-25,17:01:24
ChIJEQQv_5LpaIoR2UJwVCJZoZ4,11430515333223432921,Açaí do Vicente,Fornecedor de produtos alimentícios,"Açaí do Vicente - Al. B, casa 11 - Icuí-Guajará, Ananindeua - PA, 67125-240","Açaí do Vicente - Al. B, casa 11 - Icuí-Guajará, Ananindeua - PA, 67125-240",(91) 99140-8549,,-1.326382,-48.416646,5.000000,5,,,"{""domingo"":[""08:00–15:00"",""18:00–22:00""],""quarta-feira"":[""08:00–15:00"",""18:00–22:00""],""quinta-feira"":[""08:00–15:00"",""18:00–22:00""],""segunda-feira"":[""08:00–15:00"",""18:00–22:00""],""sexta-feira"":[""08:00–15:00"",""18:00–22:00""],""sábado"":[""08:00–15:00"",""18:00–22:00""],""terça-feira"":[""08:00–15:00"",""18:00–22:00""]}",https://www.google.com/maps/place/A%C3%A7a%C3%AD+do+Vicente/data=!4m7!3m6!1s0x8a68e992ff2f0411:0x9ea15922547042d9!8m2!3d-1.3263821!4d-48.4166463!16s%2Fg%2F11q4bk1cyv!19sChIJEQQv_5LpaIoR2UJwVCJZoZ4?authuser=0&hl=pt-BR&g_ep=EgoyMDI2MDkyMi4wIJJjKgBIAVAD&rclk=1,rodada_2_recuperado,Una,ChIJEQQv_5LpaIoR2UJwVCJZoZ4,2026-09-25,17:02:09
ChIJESdK5ZZfpJIRlVrRbjTjgS0,3279151818039450261,Acaí da Viví,Casa especializada em frutas,"Acaí da Viví - Av. Brasil, 43 - Distrito Industrial, Ananindeua - PA, 67035-300","Acaí da Viví - Av. Brasil, 43 - Distrito Industrial, Ananindeua - PA, 67035-300",(91) 98445-9492,,-1.336792,-48.359127,5.000000,3,,,"{""domingo"":[""09:00–22:00""],""quarta-feira"":[""09:00–22:00""],""quinta-feira"":[""09:00–22:00""],""segunda-feira"":[""09:00–22:00""],""sexta-feira"":[""09:00–22:00""],""sábado"":[""09:00–22:00""],""terça-feira"":[""09:00–22:00""]}","https://www.google.com/maps/place/Aca%C3%AD+da+Viv%C3%AD/@-1.336792,-48.359127,17z/data=!4m6!3m5!1s0x92a45f96e54a2711:0x2d81e3346ed15a95!8m2!3d-1.3367917!4d-48.359127!16s%2Fg%2F11jb8m7w6v?hl=pt&entry=ttu&g_ep=EgoyMDI2MDkyMi4wIKXMDSoASAFQAw%3D%3D",rodada_2_recuperado,Coqueiro,ChIJESdK5ZZfpJIRlVrRbjTjgS0,2026-09-25,17:02:42
ChIJEW5hvzxkpJIRyoAdDXSGSTA,3479460020114784458,Tony Lanches Complexo Gastronômico,Lanchonete,"Tony Lanches Complexo Gastronômico - R. Siqueira Mendes, 260 - Cruzeiro, Belém - PA, 66810-050","Tony Lanches Complexo Gastronômico - R. Siqueira Mendes, 260 - Cruzeiro, Belém - PA, 66810-050",(91) 99160-0092,,-1.296275,-48.489719,4.400000,259,,,"{""domingo"":[""11:00–00:30""],""quarta-feira"":[""11:00–00:00""],""quinta-feira"":[""11:00–00:00""],""segunda-feira"":[""17:00–00:00""],""sexta-feira"":[""11:00–00:30""],""sábado"":[""11:00–00:30""],""terça-feira"":[""11:00–00:00""]}","https://www.google.com/maps/place/Tony+Lanches+Complexo+Gastron%C3%B4mico/@-1.296275,-48.489719,17z/data=!4m6!3m5!1s0x92a4643cbf616e11:0x304986740d1d80ca!8m2!3d-1.296275!4d-48.4897188!16s%2Fg%2F11c0xp9hp8?hl=pt&entry=ttu&g_ep=EgoyMDI2MDkyMi4wIKXMDSoASAFQAw%3D%3D",rodada_2_recuperado,Icoaraci,ChIJEW5hvzxkpJIRyoAdDXSGSTA,2026-09-25,17:03:28
ChIJEd3H4jNhpJIRs_S0nNBxfKQ,11852473460128543923,Mix Mateus Tenoné,Supermercado,"Mix Mateus Tenoné - Rod. Augusto Montenegro, km 10 - Tenoné, Belém - PA, 66645-001","Mix Mateus Tenoné - Rod. Augusto Montenegro, km 10 - Tenoné, Belém - PA, 66645-001",(91) 3182-3050,http://www.grupomateus.com.br/,-1.316084,-48.453904,4.200000,4155,,,"{""domingo"":[""07:00–20:00""],""quarta-feira"":[""07:00–22:00""],""quinta-feira"":[""07:00–22:00""],""segunda-feira"":[""07:00–22:00""],""sexta-feira"":[""07:00–22:00""],""sábado"":[""07:00–22:00""],""terça-feira"":[""07:00–22:00""]}","https://www.google.com/maps/place/Mix+Mateus+Tenon%C3%A9/@-1.316084,-48.453904,17z/data=!4m6!3m5!1s0x92a46133e2c7dd11:0xa47c71d09cb4f4b3!8m2!3d-1.3160842!4d-48.4539043!16s%2Fg%2F11dxm5xtvf?hl=pt&entry=ttu&g_ep=EgoyMDI2MDkyMy4wIKXMDSoASAFQAw%3D%3D",rodada_2_recuperado,Tenoné,ChIJEd3H4jNhpJIRs_S0nNBxfKQ,2026-09-25,17:04:13
ChIJEyH7HCyJpJIRzgYvaXuqh0E,4721930181343643342,Lá casa do açaí / Açaí do Barão,Fabricante de alimentos,"Lá casa do açaí / Açaí do Barão - Tv. Sn-8, 225 - Itaiteua, Belém - PA, 66842-390","Lá casa do açaí / Açaí do Barão - Tv. Sn-8, 225 - Itaiteua, Belém - PA, 66842-390",(91) 99337-0442,,-1.401554,-48.483421,5.000000,1,,,"{""domingo"":[""Atendimento 24 horas""],""quarta-feira"":[""Atendimento 24 horas""],""quinta-feira"":[""Atendimento 24 horas""],""segunda-feira"":[""Atendimento 24 horas""],""sexta-feira"":[""Atendimento 24 horas""],""sábado"":[""Atendimento 24 horas""],""terça-feira"":[""Atendimento 24 horas""]}","https://www.google.com/maps/place/L%C3%A1+casa+do+a%C3%A7a%C3%AD+%2F+A%C3%A7a%C3%AD+do+Bar%C3%A3o/@-1.401554,-48.483421,17z/data=!4m6!3m5!1s0x92a4892c1cfb2113:0x4187aa7b692f06ce!8m2!3d-1.4015541!4d-48.4834211!16s%2Fg%2F11kfc805vp?hl=pt&entry=ttu&g_ep=EgoyMDI2MDkyMi4wIKXMDSoASAFQAw%3D%3D",rodada_2_recuperado,Benguí,ChIJEyH7HCyJpJIRzgYvaXuqh0E,2026-09-25,17:04:58
ChIJF5JsESpnpJIRNW4ukts99YI,9436516607484390965,Sorveteria e Lanchonete Sabores no Ponto,Sorveteria,"Sorveteria e Lanchonete Sabores no Ponto - Tv. Moura Carvalho, 397 - Campina de Icoaraci, Belém - PA, 66813-630","Sorveteria e Lanchonete Sabores no Ponto - Tv. Moura Carvalho, 397 - Campina de Icoaraci, Belém - PA, 66813-630",,,-1.295965,-48.471971,0.000000,0,,,"{""domingo"":[""16:00–22:00""],""quarta-feira"":[""15:00–22:00""],""quinta-feira"":[""15:00–22:00""],""segunda-feira"":[""15:00–22:00""],""sexta-feira"":[""15:00–22:00""],""sábado"":[""15:00–22:00""],""terça-feira"":[""15:00–22:00""]}","https://www.google.com/maps/place/Sorveteria+e+Lanchonete+Sabores+no+Ponto/@-1.295965,-48.471971,17z/data=!4m6!3m5!1s0x92a4672a116c9217:0x82f53ddb922e6e35!8m2!3d-1.2959654!4d-48.4719713!16s%2Fg%2F11y1zsk8mm?hl=pt&entry=ttu&g_ep=EgoyMDI2MDkyMi4wIKXMDSoASAFQAw%3D%3D",rodada_2_recuperado,Icoaraci,ChIJF5JsESpnpJIRNW4ukts99YI,2026-09-25,17:05:44
ChIJFQ0EWpWPpJIRdNjtxx65QQE,90557009378531444,Live Açaí - Av. Presidente Vargas,Loja de açaí,"Edifício da Assembleia Paraense - Av. Pres. Vargas, 762 - Lj B - Campina, Belém - PA, 66017-000","Edifício da Assembleia Paraense - Av. Pres. Vargas, 762 - Lj B - Campina, Belém - PA, 66017-000",(91) 99126-6938,,-1.453129,-48.495147,4.400000,16,,R$ 20–40,{},"https://www.google.com/maps/place/Live+A%C3%A7a%C3%AD+-+Av.+Presidente+Vargas/@-1.453129,-48.495147,17z/data=!4m6!3m5!1s0x92a48f955a040d15:0x141b91ec7edd874!8m2!3d-1.4531288!4d-48.4951469!16s%2Fg%2F11w_ndxbjj?hl=pt&entry=ttu&g_ep=EgoyMDI2MDkyMi4wIKXMDSoASAFQAw%3D%3D",rodada_2_recuperado,Parque Verde,ChIJFQ0EWpWPpJIRdNjtxx65QQE,2026-09-25,17:06:30
ChIJFY68lxWLpJIRQxE7RlcJ1pU,10796827427112423747,Açaí duas irmãs Rayanne e aryella,Restaurante de almoço,"Açaí duas irmãs Rayanne e aryella - Av. Ricardo Borges - Guanabara, Belém - PA, 67110-290","Açaí duas irmãs Rayanne e aryella - Av. Ricardo Borges - Guanabara, Belém - PA, 67110-290",(91) 99256-7244,https://whatsapp.com/dl/.,-1.395609,-48.407600,5.000000,3,,,"{""domingo"":[""09:00–21:00""],""quarta-feira"":[""09:00–17:00""],""quinta-feira"":[""09:00–21:30""],""segunda-feira"":[""09:00–21:00""],""sexta-feira"":[""Atendimento 24 horas""],""sábado"":[""09:00–17:00""],""terça-feira"":[""Atendimento 24 horas""]}","https://www.google.com/maps/place/A%C3%A7a%C3%AD+duas+irm%C3%A3s+Rayanne+e+aryella/@-1.395609,-48.4076,17z/data=!4m6!3m5!1s0x92a48b1597bc8e15:0x95d60957463b1143!8m2!3d-1.3956085!4d-48.4076001!16s%2Fg%2F11w9q9_2m6?hl=pt&entry=ttu&g_ep=EgoyMDI2MDkyMi4wIKXMDSoASAFQAw%3D%3D",rodada_2_recuperado,Parque Guajará,ChIJFY68lxWLpJIRQxE7RlcJ1pU,2026-09-25,17:07:15
ChIJFcnbIvyLpJIRswDLtafORcc,14359110206645534899,Açaí do Jorge,Loja de comidas naturais,"Açaí do Jorge - Tv. Mauriti, 682 - Pedreira, Belém - PA, 66080-650","Açaí do Jorge - Tv. Mauriti, 682 - Pedreira, Belém - PA, 66080-650",(91) 98220-6244,,-1.426095,-48.475117,4.600000,25,,,"{""domingo"":[""09:00–14:00""],""quarta-feira"":[""08:00–15:30""],""quinta-feira"":[""08:00–15:30""],""segunda-feira"":[""09:00–14:00""],""sexta-feira"":[""08:00–15:30""],""sábado"":[""09:00–14:00""],""terça-feira"":[""08:00–15:30""]}",https://www.google.com/maps/place/A%C3%A7a%C3%AD+do+Jorge/data=!4m7!3m6!1s0x92a48bfc22dbc915:0xc745cea7b5cb00b3!8m2!3d-1.4260949!4d-48.4751173!16s%2Fg%2F1q2wlpf6n!19sChIJFcnbIvyLpJIRswDLtafORcc?authuser=0&hl=pt-BR&g_ep=EgoyMDI2MDkyMi4wIJJjKgBIAVAD&rclk=1,rodada_2_recuperado,Parque Verde,ChIJFcnbIvyLpJIRswDLtafORcc,2026-09-25,17:08:59
ChIJGXVQlk2LpJIREXCAWDfO2Ww,7843526963145764881,Rei da Coxinha Pará,Restaurante,"Rei da Coxinha Pará - Estacionamento Hiper Sol na, Rod. Augusto Montenegro - Mangueirão, Belém - PA, 66635-110","Rei da Coxinha Pará - Estacionamento Hiper Sol na, Rod. Augusto Montenegro - Mangueirão, Belém - PA, 66635-110",(91) 98116-3245,https://instagram.com/reidacoxinha01?igshid=1lclqpkjufr97,-1.373571,-48.442870,4.100000,200,A presença de cães é permitida,R$ 20–40,"{""domingo"":[""16:00–00:00""],""quarta-feira"":[""10:00–23:00""],""quinta-feira"":[""10:00–23:00""],""segunda-feira"":[""10:00–23:00""],""sexta-feira"":[""10:00–23:00""],""sábado"":[""10:00–23:00""],""terça-feira"":[""10:00–23:00""]}","https://www.google.com/maps/place/Rei+da+Coxinha+Par%C3%A1/@-1.373571,-48.44287,17z/data=!4m6!3m5!1s0x92a48b4d96507519:0x6cd9ce3758807011!8m2!3d-1.373571!4d-48.44287!16s%2Fg%2F11fpgbftvf?hl=pt&entry=ttu&g_ep=EgoyMDI2MDkyMi4wIKXMDSoASAFQAw%3D%3D",rodada_2_recuperado,Parque Verde,ChIJGXVQlk2LpJIREXCAWDfO2Ww,2026-09-25,17:09:45
ChIJG_pC52JhpJIRcMTRR9dP6Uc,5181760632307958896,Quero + Açaí,Loja de sucos,"Quero + Açaí - Al. Quatorze, 45 - Tapanã, Belém - PA, 66833-130","Quero + Açaí - Al. Quatorze, 45 - Tapanã, Belém - PA, 66833-130",(91) 98977-4372,,-1.349174,-48.467579,5.000000,4,,,"{""domingo"":[""09:30–13:00""],""quarta-feira"":[""09:30–13:00""],""quinta-feira"":[""09:30–13:00""],""segunda-feira"":[""09:30–13:00""],""sexta-feira"":[""09:30–13:00""],""sábado"":[""09:30–13:00""],""terça-feira"":[""09:30–13:00""]}",https://www.google.com/maps/place/Quero+%2B+A%C3%A7a%C3%AD/data=!4m7!3m6!1s0x92a46162e742fa1b:0x47e94fd747d1c470!8m2!3d-1.3491743!4d-48.4675793!16s%2Fg%2F11jjkw513y!19sChIJG_pC52JhpJIRcMTRR9dP6Uc?authuser=0&hl=pt-BR&g_ep=EgoyMDI2MDkyMi4wIJJjKgBIAVAD&rclk=1,rodada_2_recuperado,Tenoné,ChIJG_pC52JhpJIRcMTRR9dP6Uc,2026-09-25,17:10:30
ChIJG_xQXgBfpJIR8MJudvPBYIs,10043240420444390128,Açaí da Manu,Restaurante,"Açaí da Manu - Av. Ananin - Centro, Ananindeua - PA, 67000-000","Açaí da Manu - Av. Ananin - Centro, Ananindeua - PA, 67000-000",,,-1.358162,-48.388861,5.000000,1,,,{},https://www.google.com/maps/place/A%C3%A7a%C3%AD+da+Manu/data=!4m7!3m6!1s0x92a45f005e50fc1b:0x8b60c1f3766ec2f0!8m2!3d-1.3581619!4d-48.3888615!16s%2Fg%2F11yfcyvfc7!19sChIJG_xQXgBfpJIR8MJudvPBYIs?authuser=0&hl=pt-BR&g_ep=EgoyMDI2MDkyMi4wIJJjKgBIAVAD&rclk=1,rodada_2_recuperado,Una,ChIJG_xQXgBfpJIR8MJudvPBYIs,2026-09-25,17:11:40
ChIJGe008gSLpJIRmeAA9syuBsE,13908996694504169625,Pai D'Égua Steak Beer,Restaurante,"Pai D'Égua Steak Beer - Rod. Augusto Montenegro, 2730 - Mangueirão, Belém - PA, 66635-110","Pai D'Égua Steak Beer - Rod. Augusto Montenegro, 2730 - Mangueirão, Belém - PA, 66635-110",(91) 99986-0101,https://linkr.bio/paideguasteakbeer,-1.373973,-48.443332,4.300000,521,,R$ 60–120,"{""domingo"":[""18:00–00:00""],""quarta-feira"":[""18:00–00:00""],""quinta-feira"":[""18:00–00:00""],""segunda-feira"":[""Fechado""],""sexta-feira"":[""18:00–02:00""],""sábado"":[""18:00–02:00""],""terça-feira"":[""18:00–00:00""]}","https://www.google.com/maps/place/Pai+D'%C3%89gua+Steak+Beer/@-1.373973,-48.443332,17z/data=!4m6!3m5!1s0x92a48b04f234ed19:0xc106aeccf600e099!8m2!3d-1.3739734!4d-48.4433325!16s%2Fg%2F11sg_x4fdc?hl=pt&entry=ttu&g_ep=EgoyMDI2MDkyMi4wIKXMDSoASAFQAw%3D%3D",rodada_2_recuperado,Parque Verde,ChIJGe008gSLpJIRmeAA9syuBsE,2026-09-25,17:12:14
ChIJGwDE2uxhpJIRM22oI8RB3HI,8276562525867765043,Companhia Do Açai,Loja de açaí,"Companhia Do Açai - R. São Clemente, 2408-2454 - Tapanã, Belém - PA, 66830-720","Companhia Do Açai - R. São Clemente, 2408-2454 - Tapanã, Belém - PA, 66830-720",,,-1.357388,-48.465653,4.000000,5,,,"{""domingo"":[""08:00–19:00""],""quarta-feira"":[""08:00–19:00""],""quinta-feira"":[""08:00–19:00""],""segunda-feira"":[""08:00–19:00""],""sexta-feira"":[""08:00–19:00""],""sábado"":[""08:00–19:00""],""terça-feira"":[""08:00–19:00""]}",https://www.google.com/maps/place/Companhia+Do+A%C3%A7ai/data=!4m7!3m6!1s0x92a461ecdac4001b:0x72dc41c423a86d33!8m2!3d-1.3573876!4d-48.4656528!16s%2Fg%2F11g8p3twh6!19sChIJGwDE2uxhpJIRM22oI8RB3HI?authuser=0&hl=pt-BR&g_ep=EgoyMDI2MDkyMi4wIJJjKgBIAVAD&rclk=1,rodada_2_recuperado,Coqueiro,ChIJGwDE2uxhpJIRM22oI8RB3HI,2026-09-25,17:12:59
ChIJGwdeFmxhpJIRG0kfdKhJ7LY,13180991197258139931,Açaí da Ray,Loja de açaí,"Açaí da Ray - Al. Oito - Tapanã, Belém - PA, 66833-095","Açaí da Ray - Al. Oito - Tapanã, Belém - PA, 66833-095",(91) 98499-4036,,-1.349731,-48.466379,0.000000,0,,,"{""domingo"":[""07:00–14:00""],""quarta-feira"":[""07:00–14:00"",""16:00–21:00""],""quinta-feira"":[""07:00–14:00"",""16:00–21:00""],""segunda-feira"":[""07:00–14:00"",""16:00–21:00""],""sexta-feira"":[""07:00–14:00"",""16:00–21:00""],""sábado"":[""07:00–14:00"",""16:00–21:00""],""terça-feira"":[""07:00–14:00"",""16:00–21:00""]}",https://www.google.com/maps/place/A%C3%A7a%C3%AD+da+Ray/data=!4m7!3m6!1s0x92a4616c165e071b:0xb6ec49a8741f491b!8m2!3d-1.3497312!4d-48.4663792!16s%2Fg%2F11nvymh_hl!19sChIJGwdeFmxhpJIRG0kfdKhJ7LY?authuser=0&hl=pt-BR&g_ep=EgoyMDI2MDkyMi4wIJJjKgBIAVAD&rclk=1,rodada_2_recuperado,Coqueiro,ChIJGwdeFmxhpJIRG0kfdKhJ7LY,2026-09-25,17:13:57
ChIJH5Dzb2eNpJIRFsFJbZoUcbw,13578657004989825302,Amazônia Açaí,Loja de açaí,"Amazônia Açaí - Av. Alcindo Cacela, 838 - Umarizal, Belém - PA, 66060-271","Amazônia Açaí - Av. Alcindo Cacela, 838 - Umarizal, Belém - PA, 66060-271",(91) 98166-4111,http://instagram.com/amazonia.acai,-1.440071,-48.477276,4.800000,18,,,"{""domingo"":[""08:00–14:00""],""quarta-feira"":[""Fechado""],""quinta-feira"":[""09:00–14:00""],""segunda-feira"":[""09:00–14:00""],""sexta-feira"":[""09:00–14:00""],""sábado"":[""09:00–14:00""],""terça-feira"":[""09:00–14:00""]}",https://www.google.com/maps/place/Amaz%C3%B4nia+A%C3%A7a%C3%AD/data=!4m7!3m6!1s0x92a48d676ff3901f:0xbc71149a6d49c116!8m2!3d-1.4400706!4d-48.4772762!16s%2Fg%2F11np3p3rgp!19sChIJH5Dzb2eNpJIRFsFJbZoUcbw?authuser=0&hl=pt-BR&g_ep=EgoyMDI2MDkyMi4wIJJjKgBIAVAD&rclk=1,rodada_2_recuperado,Una,ChIJH5Dzb2eNpJIRFsFJbZoUcbw,2026-09-25,17:14:42
ChIJH78HZK5hpJIReHo3ghEtEQE,76892221864376952,Fabi - Hamburgueria Artesanal e Salgaderia II,Hamburgueria,"Fabi - Hamburgueria Artesanal e Salgaderia II - Tv. We-9 - Conjunto Satelite, Belém - PA, 66842-340","Fabi - Hamburgueria Artesanal e Salgaderia II - Tv. We-9 - Conjunto Satelite, Belém - PA, 66842-340",(91) 98101-4322,,-1.340853,-48.445545,4.300000,177,,R$ 20–40,"{""domingo"":[""19:00–23:30""],""quarta-feira"":[""19:00–23:30""],""quinta-feira"":[""19:00–23:30""],""segunda-feira"":[""Fechado""],""sexta-feira"":[""19:00–23:30""],""sábado"":[""19:00–23:30""],""terça-feira"":[""19:00–23:30""]}",https://www.google.com/maps/place/Fabi+-+Hamburgueria+Artesanal+e+Salgaderia+II/data=!4m7!3m6!1s0x92a461ae6407bf1f:0x1112d1182377a78!8m2!3d-1.3408529!4d-48.4455448!16s%2Fg%2F11j5fydb6n!19sChIJH78HZK5hpJIReHo3ghEtEQE?authuser=0&hl=pt-BR&g_ep=EgoyMDI2MDkyMi4wIJJjKgBIAVAD&rclk=1,rodada_2_recuperado,Parque Verde,ChIJH78HZK5hpJIReHo3ghEtEQE,2026-09-25,17:15:39
ChIJHTdlLlZnpJIRRREMM0ab0gk,707798817257034053,Açai Das Meninas,Restaurante,"Açai Das Meninas - Av. Franklin de Menezes, 1095 - São João do Outeiro, Belém - PA, 66840-105","Açai Das Meninas - Av. Franklin de Menezes, 1095 - São João do Outeiro, Belém - PA, 66840-105",(91) 98292-8202,,-1.263789,-48.460754,4.500000,22,,,"{""domingo"":[""09:00–15:00""],""quarta-feira"":[""09:00–15:00""],""quinta-feira"":[""09:00–15:00""],""segunda-feira"":[""Fechado""],""sexta-feira"":[""09:00–15:00""],""sábado"":[""09:00–15:00""],""terça-feira"":[""09:00–15:00""]}",https://www.google.com/maps/place/A%C3%A7ai+Das+Meninas/data=!4m7!3m6!1s0x92a467562e65371d:0x9d29b46330c1145!8m2!3d-1.2637889!4d-48.4607543!16s%2Fg%2F11g0kh8gnp!19sChIJHTdlLlZnpJIRRREMM0ab0gk?authuser=0&hl=pt-BR&g_ep=EgoyMDI2MDkyMi4wIJJjKgBIAVAD&rclk=1,rodada_2_recuperado,Pratinha,ChIJHTdlLlZnpJIRRREMM0ab0gk,2026-09-25,17:16:13
ChIJHaH34dWLpJIRdLi6UnJ-bIo,9974486304198146164,CASA DO AÇAI,,"CASA DO AÇAI - Passagem Marajoara Um, 128 - Maracangalha, Belém - PA, 66110-270","CASA DO AÇAI - Passagem Marajoara Um, 128 - Maracangalha, Belém - PA, 66110-270",,,-1.404554,-48.477780,0.000000,0,,,{},https://www.google.com/maps/place/CASA+DO+A%C3%87AI/data=!4m7!3m6!1s0x92a48bd5e1f7a11d:0x8a6c7e7252bab874!8m2!3d-1.4045535!4d-48.4777796!16s%2Fg%2F11ntcfvz3h!19sChIJHaH34dWLpJIRdLi6UnJ-bIo?authuser=0&hl=pt-BR&g_ep=EgoyMDI2MDkyMi4wIJJjKgBIAVAD&rclk=1,rodada_2_recuperado,Benguí,ChIJHaH34dWLpJIRdLi6UnJ-bIo,2026-09-25,17:16:46
ChIJHf9_fZFnpJIRxH1nb_JM4PI,17501072756096597444,Esquina do açaí,Restaurante,"Com - Rua da Brasília, Tv. S-3, 10 - Campina de Icoaraci, Belém - PA, 66813-390","Com - Rua da Brasília, Tv. S-3, 10 - Campina de Icoaraci, Belém - PA, 66813-390",(91) 99246-2293,,-1.299107,-48.462390,5.000000,2,,,"{""domingo"":[""09:00–14:00""],""quarta-feira"":[""09:00–14:00""],""quinta-feira"":[""09:00–14:00""],""segunda-feira"":[""09:00–14:00""],""sexta-feira"":[""09:00–14:00""],""sábado"":[""09:00–14:00""],""terça-feira"":[""09:00–14:00""]}",https://www.google.com/maps/place/Esquina+do+a%C3%A7a%C3%AD/data=!4m7!3m6!1s0x92a467917d7fff1d:0xf2e04cf26f677dc4!8m2!3d-1.299107!4d-48.4623903!16s%2Fg%2F11kwcbcp3t!19sChIJHf9_fZFnpJIRxH1nb_JM4PI?authuser=0&hl=pt-BR&g_ep=EgoyMDI2MDkyMi4wIJJjKgBIAVAD&rclk=1,rodada_2_recuperado,Icoaraci,ChIJHf9_fZFnpJIRxH1nb_JM4PI,2026-09-25,17:17:43
ChIJHwkcC7hnpJIRQntEWomsT3g,8669337513636428610,Sorveteria A Era do Gelo,Sorveteria,"de Azevedo - R. Monsenhor José Maria Azevedo, 790 - Campina de Icoaraci, Belém - PA, 66813-550","de Azevedo - R. Monsenhor José Maria Azevedo, 790 - Campina de Icoaraci, Belém - PA, 66813-550",(91) 98841-1684,,-1.294778,-48.472064,4.600000,10,,,"{""domingo"":[""08:00–12:30""],""quarta-feira"":[""08:00–12:30"",""15:00–18:30""],""quinta-feira"":[""08:00–12:30"",""15:00–18:30""],""segunda-feira"":[""08:00–12:30"",""15:00–18:30""],""sexta-feira"":[""08:00–12:30"",""15:00–18:00""],""sábado"":[""Fechado""],""terça-feira"":[""08:00–12:30"",""15:00–18:30""]}","https://www.google.com/maps/place/Sorveteria+A+Era+do+Gelo/@-1.294778,-48.472064,17z/data=!4m6!3m5!1s0x92a467b80b1c091f:0x784fac895a447b42!8m2!3d-1.2947781!4d-48.4720645!16s%2Fg%2F11jz6f2g1x?hl=pt&entry=ttu&g_ep=EgoyMDI2MDkyMi4wIKXMDSoASAFQAw%3D%3D",rodada_2_recuperado,Icoaraci,ChIJHwkcC7hnpJIRQntEWomsT3g,2026-09-25,17:18:28
ChIJIQN0T8OLpJIRQkwFalD50l0,6760740114407967810,Açaí do Edir,Loja de sucos,"Açaí do Edir - Passagem Mucajá, 192 - Sacramenta, Belém - PA, 66120-080","Açaí do Edir - Passagem Mucajá, 192 - Sacramenta, Belém - PA, 66120-080",(91) 98192-1880,https://www.facebook.com/Acaidoedir/,-1.412354,-48.468099,4.400000,86,,R$ 20–40,"{""domingo"":[""08:00–15:00""],""quarta-feira"":[""08:00–15:00""],""quinta-feira"":[""08:00–15:00""],""segunda-feira"":[""08:00–15:00""],""sexta-feira"":[""08:00–15:00""],""sábado"":[""08:00–15:00""],""terça-feira"":[""08:00–15:00""]}","https://www.google.com/maps/place/A%C3%A7a%C3%AD+do+Edir/@-1.412354,-48.468099,17z/data=!4m6!3m5!1s0x92a48bc34f740321:0x5dd2f9506a054c42!8m2!3d-1.4123545!4d-48.4680989!16s%2Fg%2F11ckr5twxj?hl=pt&entry=ttu&g_ep=EgoyMDI2MDkyMi4wIKXMDSoASAFQAw%3D%3D",rodada_2_recuperado,Pratinha,ChIJIQN0T8OLpJIRQkwFalD50l0,2026-09-25,17:19:14
ChIJIWwK-HaMpJIRETXK-bDJt4M,9491276501648815377,XINGU ICE - SORVETES REGIONAIS,Sorveteria,"XINGU ICE - SORVETES REGIONAIS - Avenida João Paulo II, 2071 esq da, Av. Dr. Freitas - Marco, Belém - PA, 66095-495","XINGU ICE - SORVETES REGIONAIS - Avenida João Paulo II, 2071 esq da, Av. Dr. Freitas - Marco, Belém - PA, 66095-495",(91) 99197-5060,,-1.431462,-48.451808,4.500000,75,,,"{""domingo"":[""17:00–22:30""],""quarta-feira"":[""17:00–22:30""],""quinta-feira"":[""17:00–22:30""],""segunda-feira"":[""17:00–22:30""],""sexta-feira"":[""17:00–22:30""],""sábado"":[""17:00–22:30""],""terça-feira"":[""17:00–22:30""]}","https://www.google.com/maps/place/XINGU+ICE+-+SORVETES+REGIONAIS/@-1.431462,-48.451808,17z/data=!4m6!3m5!1s0x92a48c76f80a6c21:0x83b7c9b0f9ca3511!8m2!3d-1.4314616!4d-48.451808!16s%2Fg%2F11dftgfz2m?hl=pt&entry=ttu&g_ep=EgoyMDI2MDkyMi4wIKXMDSoASAFQAw%3D%3D",rodada_2_recuperado,Pratinha,ChIJIWwK-HaMpJIRETXK-bDJt4M,2026-09-25,17:19:59
ChIJIYLbC32NpJIR_NbBryeWsqw,12444173817574708988,Tudo Bom Açai,Restaurante self-service,"Tudo Bom Açai - Av. Perimetral - Guamá, Belém - PA, 66079-051","Tudo Bom Açai - Av. Perimetral - Guamá, Belém - PA, 66079-051",,,-1.472203,-48.455442,0.000000,0,FECHADO,,{},"https://www.google.com/maps/place/Tudo+Bom+A%C3%A7ai/@-1.472203,-48.455442,17z/data=!4m6!3m5!1s0x92a48d7d0bdb8221:0xacb29627afc1d6fc!8m2!3d-1.4722032!4d-48.4554418!16s%2Fg%2F11jsjs6ch4?hl=pt&entry=ttu&g_ep=EgoyMDI2MDkyMi4wIKXMDSoASAFQAw%3D%3D",rodada_2_recuperado,Una,ChIJIYLbC32NpJIR_NbBryeWsqw,2026-09-25,17:20:44
ChIJIYoW_n-JpJIR31bCmkOSMcg,14425471900501300959,AÇAÍ D'CASA,Restaurante,"AÇAÍ D'CASA - Av. Oeste - Maracangalha, Belém - PA, 66110-052","AÇAÍ D'CASA - Av. Oeste - Maracangalha, Belém - PA, 66110-052",,,-1.401131,-48.478781,0.000000,0,,,{},https://www.google.com/maps/place/A%C3%87A%C3%8D+D%27CASA/data=!4m7!3m6!1s0x92a4897ffe168a21:0xc83192439ac256df!8m2!3d-1.4011306!4d-48.4787807!16s%2Fg%2F11tk1zyq4r!19sChIJIYoW_n-JpJIR31bCmkOSMcg?authuser=0&hl=pt-BR&g_ep=EgoyMDI2MDkyMi4wIJJjKgBIAVAD&rclk=1,rodada_2_recuperado,Benguí,ChIJIYoW_n-JpJIR31bCmkOSMcg,2026-09-25,17:21:30
ChIJIwKLquphpJIRYwK9uufolGA,6959443406162297443,Acai Premium,Restaurante,"Acai Premium - Av. Padre Bruno Sechi - Benguí, Belém - PA, 66635-557","Acai Premium - Av. Padre Bruno Sechi - Benguí, Belém - PA, 66635-557",,,-1.356737,-48.458809,1.000000,2,,,{},https://www.google.com/maps/place/Acai+Premium/data=!4m7!3m6!1s0x92a461eaaa8b0223:0x6094e8e7babd0263!8m2!3d-1.3567368!4d-48.4588093!16s%2Fg%2F11l2vs2lpt!19sChIJIwKLquphpJIRYwK9uufolGA?authuser=0&hl=pt-BR&g_ep=EgoyMDI2MDkyMi4wIJJjKgBIAVAD&rclk=1,rodada_2_recuperado,Parque Verde,ChIJIwKLquphpJIRYwK9uufolGA,2026-09-25,17:22:27
ChIJJ-_44aCJpJIRkKDv9g-AXSs,3124794522520756368,Açai Du Pará Artesanal,Restaurante,"Açai Du Pará Artesanal - Tv. Cel. Luíz Bentes, 223 - Telégrafo, Belém - PA, 66113-085","Açai Du Pará Artesanal - Tv. Cel. Luíz Bentes, 223 - Telégrafo, Belém - PA, 66113-085",(91) 98500-8686,,-1.428719,-48.486278,5.000000,1,,,"{""domingo"":[""Atendimento 24 horas""],""quarta-feira"":[""Atendimento 24 horas""],""quinta-feira"":[""Atendimento 24 horas""],""segunda-feira"":[""Atendimento 24 horas""],""sexta-feira"":[""Atendimento 24 horas""],""sábado"":[""Atendimento 24 horas""],""terça-feira"":[""Atendimento 24 horas""]}","https://www.google.com/maps/place/A%C3%A7ai+Du+Par%C3%A1+Artesanal/@-1.428719,-48.486278,17z/data=!4m6!3m5!1s0x92a489a0e1f8ef27:0x2b5d800ff6efa090!8m2!3d-1.4287185!4d-48.4862783!16s%2Fg%2F11nr3llrj8?hl=pt&entry=ttu&g_ep=EgoyMDI2MDkyMi4wIKXMDSoASAFQAw%3D%3D",rodada_2_recuperado,Cabanagem,ChIJJ-_44aCJpJIRkKDv9g-AXSs,2026-09-25,17:23:12
ChIJJ2DNnOlnpJIRDe6ET44WR_g,17890292845227863565,Açai Dona Joana,Loja de açaí,"Açai Dona Joana - Passagem das Flores, 40 - Campina de Icoaraci, Belém - PA, 66813-130","Açai Dona Joana - Passagem das Flores, 40 - Campina de Icoaraci, Belém - PA, 66813-130",,,-1.295568,-48.476743,5.000000,1,,,{},"https://www.google.com/maps/place/A%C3%A7ai+Dona+Joana/@-1.295568,-48.476743,17z/data=!4m6!3m5!1s0x92a467e99ccd6027:0xf847168e4f84ee0d!8m2!3d-1.2955682!4d-48.476743!16s%2Fg%2F11s9jyqrpd?hl=pt&entry=ttu&g_ep=EgoyMDI2MDkyMi4wIKXMDSoASAFQAw%3D%3D",rodada_2_recuperado,Icoaraci,ChIJJ2DNnOlnpJIRDe6ET44WR_g,2026-09-25,17:23:57
ChIJJ4UuTNRnpJIRXQR5Wv1F-eI,16355180476219589725,Rei do Açaí (Açai do irmão),Fabricante de alimentos congelados,"Rei do Açaí (Açai do irmão) - Cj paracuri 2 tv 4 nº 7 - Icoaraci, Belém - PA, 66814-270","Rei do Açaí (Açai do irmão) - Cj paracuri 2 tv 4 nº 7 - Icoaraci, Belém - PA, 66814-270",(91) 93297-3202,,-1.313019,-48.470421,5.000000,3,,,"{""domingo"":[""08:00–19:00""],""quarta-feira"":[""08:00–19:00""],""quinta-feira"":[""08:00–19:00""],""segunda-feira"":[""08:00–19:00""],""sexta-feira"":[""08:00–19:00""],""sábado"":[""08:00–19:00""],""terça-feira"":[""08:00–19:00""]}",https://www.google.com/maps/place/Rei+do+A%C3%A7a%C3%AD+%28A%C3%A7ai+do+irm%C3%A3o%29/data=!4m7!3m6!1s0x92a467d44c2e8527:0xe2f945fd5a79045d!8m2!3d-1.3130188!4d-48.4704214!16s%2Fg%2F11f8m66l6r!19sChIJJ4UuTNRnpJIRXQR5Wv1F-eI?authuser=0&hl=pt-BR&g_ep=EgoyMDI2MDkyMi4wIJJjKgBIAVAD&rclk=1,rodada_2_recuperado,Coqueiro,ChIJJ4UuTNRnpJIRXQR5Wv1F-eI,2026-09-25,17:24:43
ChIJJ59P7xBhpJIRDp5zoMA7i-w,17044782913225465358,Império do Sabor Massas e Arrozteria,Restaurante,"Ville Solare - Parque Verde, Belém - PA, 66635-110","Ville Solare - Parque Verde, Belém - PA, 66635-110",(91) 98537-1682,,-1.366239,-48.448741,5.000000,3,,,"{""domingo"":[""10:00–18:00""],""quarta-feira"":[""10:00–18:00""],""quinta-feira"":[""10:00–18:00""],""segunda-feira"":[""Fechado""],""sexta-feira"":[""10:00–18:00""],""sábado"":[""10:00–18:00""],""terça-feira"":[""Fechado""]}","https://www.google.com/maps/place/Imp%C3%A9rio+do+Sabor+Massas+e+Arrozteria/@-1.366239,-48.448741,17z/data=!4m6!3m5!1s0x92a46110ef4f9f27:0xec8b3bc0a0739e0e!8m2!3d-1.3662395!4d-48.4487409!16s%2Fg%2F11sffbvr5c?hl=pt&entry=ttu&g_ep=EgoyMDI2MDkyMi4wIKXMDSoASAFQAw%3D%3D",rodada_2_recuperado,Parque Verde,ChIJJ59P7xBhpJIRDp5zoMA7i-w,2026-09-25,17:25:16
ChIJJRQ5ySGMpJIRQmR0B2OEzeU,16559036965772878914,Açaí & Cia Delivery!,Loja de açaí,"Açaí & Cia Delivery! - Tv. Nove de Janeiro, 671 - Umarizal, Belém - PA, 66060-370","Açaí & Cia Delivery! - Tv. Nove de Janeiro, 671 - Umarizal, Belém - PA, 66060-370",(91) 99332-6421,,-1.445454,-48.475622,5.000000,5,,,"{""domingo"":[""09:00–17:00""],""quarta-feira"":[""09:00–13:40""],""quinta-feira"":[""08:00–13:30""],""segunda-feira"":[""08:00–13:30""],""sexta-feira"":[""08:30–15:00""],""sábado"":[""08:00–15:00""],""terça-feira"":[""08:00–13:30""]}",https://www.google.com/maps/place/A%C3%A7a%C3%AD+%26+Cia+Delivery!/data=!4m7!3m6!1s0x92a48c21c9391425:0xe5cd846307746442!8m2!3d-1.4454542!4d-48.4756218!16s%2Fg%2F11f54l64t2!19sChIJJRQ5ySGMpJIRQmR0B2OEzeU?authuser=0&hl=pt-BR&g_ep=EgoyMDI2MDkyMi4wIJJjKgBIAVAD&rclk=1,rodada_2_recuperado,Pratinha,ChIJJRQ5ySGMpJIRQmR0B2OEzeU,2026-09-25,17:26:01
ChIJJVXhWABhpJIRWt-HFXetsqU,11939796289086545754,Loteamento Açaí,Complexo habitacional,"Loteamento Açaí - Al. Marajoara, 182 - Tapanã, Belém - PA, 66825-550","Loteamento Açaí - Al. Marajoara, 182 - Tapanã, Belém - PA, 66825-550",,,-1.325370,-48.464802,0.000000,0,,,{},https://www.google.com/maps/place/Loteamento+A%C3%A7a%C3%AD/data=!4m7!3m6!1s0x92a4610058e15525:0xa5b2ad771587df5a!8m2!3d-1.3253699!4d-48.4648015!16s%2Fg%2F11yfzvfq8y!19sChIJJVXhWABhpJIRWt-HFXetsqU?authuser=0&hl=pt-BR&g_ep=EgoyMDI2MDkyMi4wIJJjKgBIAVAD&rclk=1,rodada_2_recuperado,Parque Guajará,ChIJJVXhWABhpJIRWt-HFXetsqU,2026-09-25,17:27:11
ChIJJVuj2NFnpJIRVAs7G7Od2Ms,14688663577250433876,Açaí do kevin,Fabricação de alimentos,"Açaí do kevin - Tv. Moura Carvalho, 148 - Campina de Icoaraci, Belém - PA, 66813-630","Açaí do kevin - Tv. Moura Carvalho, 148 - Campina de Icoaraci, Belém - PA, 66813-630",(91) 98722-5346,,-1.297922,-48.474283,0.000000,0,,,"{""domingo"":[""09:00–15:00""],""quarta-feira"":[""09:00–23:30""],""quinta-feira"":[""09:00–23:30""],""segunda-feira"":[""09:00–23:30""],""sexta-feira"":[""09:00–23:30""],""sábado"":[""09:00–23:30""],""terça-feira"":[""09:00–23:30""]}","https://www.google.com/maps/place/A%C3%A7a%C3%AD+do+kevin/@-1.297922,-48.474283,17z/data=!4m6!3m5!1s0x92a467d1d8a35b25:0xcbd89db31b3b0b54!8m2!3d-1.2979225!4d-48.4742831!16s%2Fg%2F11yrh6x6rk?hl=pt&entry=ttu&g_ep=EgoyMDI2MDkyMi4wIKXMDSoASAFQAw%3D%3D",rodada_2_recuperado,Icoaraci,ChIJJVuj2NFnpJIRVAs7G7Od2Ms,2026-09-25,17:27:44
ChIJJ_bTutPWnA4Rm91RDwmksm0,7904560654807326107,Açaí ebenezer,Loja de alimentos congelados,,,(91) 98053-8310,,-1.343398,-48.385750,0.000000,0,,,"{""domingo"":[""08:00–23:00""],""quarta-feira"":[""08:00–23:00""],""quinta-feira"":[""08:00–23:00""],""segunda-feira"":[""08:00–23:00""],""sexta-feira"":[""08:00–23:00""],""sábado"":[""08:00–23:00""],""terça-feira"":[""08:00–23:00""]}",https://www.google.com/maps/place/A%C3%A7a%C3%AD+ebenezer/data=!4m7!3m6!1s0xe9cd6d3bad3f627:0x6db2a4090f51dd9b!8m2!3d-1.3433985!4d-48.3857501!16s%2Fg%2F11s1_8f9v_!19sChIJJ_bTutPWnA4Rm91RDwmksm0?authuser=0&hl=pt-BR&g_ep=EgoyMDI2MDkyMi4wIJJjKgBIAVAD&rclk=1,rodada_2_recuperado,Coqueiro,ChIJJ_bTutPWnA4Rm91RDwmksm0,2026-09-25,17:28:29
ChIJJenNX_dhpJIRF5UgzLnGrcI,14028086915624899863,IMPÉRIO ACESSÓRIOS,Loja de ferramentas,"IMPÉRIO ACESSÓRIOS - Pratinha 2 rua açaí 127 Pratinha 2, Belém - PA, 66816-870","IMPÉRIO ACESSÓRIOS - Pratinha 2 rua açaí 127 Pratinha 2, Belém - PA, 66816-870",(91) 99240-3574,https://wa.me/c/559192403574,-1.358480,-48.472363,0.000000,0,,,{},"https://www.google.com/maps/place/IMP%C3%89RIO+ACESS%C3%93RIOS/@-1.35848,-48.472363,17z/data=!4m6!3m5!1s0x92a461f75fcde925:0xc2adc6b9cc209517!8m2!3d-1.35848!4d-48.4723633!16s%2Fg%2F11z4cfxxr2?hl=pt&entry=ttu&g_ep=EgoyMDI2MDkyMi4wIKXMDSoASAFQAw%3D%3D",rodada_2_recuperado,Pratinha,ChIJJenNX_dhpJIRF5UgzLnGrcI,2026-09-25,17:29:03
ChIJJfEfsCFhpJIRszfmYax5Y0g,5216146574708979635,JS Açaí Natural,Restaurante,"JS Açaí Natural - R. São Clemente, 06 - Tapanã, Belém - PA, 66830-720","JS Açaí Natural - R. São Clemente, 06 - Tapanã, Belém - PA, 66830-720",(91) 98598-1465,,-1.354297,-48.466091,0.000000,0,,,"{""domingo"":[""07:00–14:00""],""quarta-feira"":[""Fechado""],""quinta-feira"":[""Fechado""],""segunda-feira"":[""07:00–17:00""],""sexta-feira"":[""Fechado""],""sábado"":[""Fechado""],""terça-feira"":[""Fechado""]}","https://www.google.com/maps/place/JS+A%C3%A7a%C3%AD+Natural/@-1.354297,-48.466091,17z/data=!4m6!3m5!1s0x92a46121b01ff125:0x486379ac61e637b3!8m2!3d-1.3542966!4d-48.4660911!16s%2Fg%2F11l5y6cf97?hl=pt&entry=ttu&g_ep=EgoyMDI2MDkyMi4wIKXMDSoASAFQAw%3D%3D",rodada_2_recuperado,Icoaraci,ChIJJfEfsCFhpJIRszfmYax5Y0g,2026-09-25,17:29:48
ChIJJwMJXQBfpJIRxcQWR5UUHI4,10240082284109022405,Casa do acai,Restaurante,"Casa do acai - Estr. do Curuçambá - Curuçambá, Ananindeua - PA","Casa do acai - Estr. do Curuçambá - Curuçambá, Ananindeua - PA",,,-1.336240,-48.378896,0.000000,0,,,{},https://www.google.com/maps/place/Casa+do+acai/data=!4m7!3m6!1s0x92a45f005d090327:0x8e1c14954716c4c5!8m2!3d-1.3362404!4d-48.3788956!16s%2Fg%2F11m59lw462!19sChIJJwMJXQBfpJIRxcQWR5UUHI4?authuser=0&hl=pt-BR&g_ep=EgoyMDI2MDkyMi4wIJJjKgBIAVAD&rclk=1,rodada_2_recuperado,Una,ChIJJwMJXQBfpJIRxcQWR5UUHI4,2026-09-25,17:30:33
ChIJJxQKvHNhpJIRawtyDwGgco4,10264442427145325419,Maioca - Sorveteria Artesanal,Sorveteria,"Maioca - Sorveteria Artesanal - Rod. Augusto Montenegro - Coqueiro, Belém - PA, 66823-010","Maioca - Sorveteria Artesanal - Rod. Augusto Montenegro - Coqueiro, Belém - PA, 66823-010",,https://maioca.com.br/,-1.346121,-48.451444,4.400000,119,,,"{""domingo"":[""11:00–23:00""],""quarta-feira"":[""11:00–23:00""],""quinta-feira"":[""11:00–23:00""],""segunda-feira"":[""11:00–23:00""],""sexta-feira"":[""11:00–00:00""],""sábado"":[""11:00–00:00""],""terça-feira"":[""11:00–23:00""]}",https://www.google.com/maps/place/Maioca+-+Sorveteria+Artesanal/data=!4m7!3m6!1s0x92a46173bc0a1427:0x8e72a0010f720b6b!8m2!3d-1.3461211!4d-48.4514441!16s%2Fg%2F11l29mh0gb!19sChIJJxQKvHNhpJIRawtyDwGgco4?authuser=0&hl=pt-BR&g_ep=EgoyMDI2MDkyMi4wIJJjKgBIAVAD&rclk=1,rodada_2_recuperado,Parque Verde,ChIJJxQKvHNhpJIRawtyDwGgco4,2026-09-25,17:31:30
ChIJJzKa2e2LpJIRQSRwMl320nE,8201888751533696065,Casa do Açaí,Loja de açaí,"Casa do Açaí - Tv. Alferes Costa, 1900 - Pedreira, Belém - PA, 66087-660","Casa do Açaí - Tv. Alferes Costa, 1900 - Pedreira, Belém - PA, 66087-660",(91) 98075-0553,,-1.421429,-48.463404,4.600000,18,,,"{""domingo"":[""08:00–21:00""],""quarta-feira"":[""08:00–21:00""],""quinta-feira"":[""08:00–21:00""],""segunda-feira"":[""08:00–21:00""],""sexta-feira"":[""08:00–21:00""],""sábado"":[""08:00–21:00""],""terça-feira"":[""08:00–21:00""]}",https://www.google.com/maps/place/Casa+do+A%C3%A7a%C3%AD/data=!4m7!3m6!1s0x92a48bedd99a3227:0x71d2f65d32702441!8m2!3d-1.4214294!4d-48.4634039!16s%2Fg%2F1pyqqt12n!19sChIJJzKa2e2LpJIRQSRwMl320nE?authuser=0&hl=pt-BR&g_ep=EgoyMDI2MDkyMi4wIJJjKgBIAVAD&rclk=1,rodada_2_recuperado,Benguí,ChIJJzKa2e2LpJIRQSRwMl320nE,2026-09-25,17:32:28
ChIJK0TWz8iPpJIRXrhGtT001Rc,1717336272550672478,Açai Real,Fabricante,"Açai Real - Tv. 14 de Março, 46 - Telégrafo, Belém - PA, 66640-740","Açai Real - Tv. 14 de Março, 46 - Telégrafo, Belém - PA, 66640-740",,,-1.435567,-48.480762,5.000000,6,,,{},https://www.google.com/maps/place/A%C3%A7ai+Real/data=!4m7!3m6!1s0x92a48fc8cfd6442b:0x17d5343db546b85e!8m2!3d-1.4355667!4d-48.4807618!16s%2Fg%2F11pdvwn9gm!19sChIJK0TWz8iPpJIRXrhGtT001Rc?authuser=0&hl=pt-BR&g_ep=EgoyMDI2MDkyMi4wIJJjKgBIAVAD&rclk=1,rodada_2_recuperado,Icoaraci,ChIJK0TWz8iPpJIRXrhGtT001Rc,2026-09-25,17:33:25
ChIJK9Yi8ceNpJIRiyoLuqxF2Yg,9860989467262397067,Point do Açaí Express - Marco,Restaurante,"Point do Açaí Express - Marco - Tv. Angustura, 2648 - Pedreira, Belém - PA, 66087-710","Point do Açaí Express - Marco - Tv. Angustura, 2648 - Pedreira, Belém - PA, 66087-710",,,-1.430722,-48.462946,3.800000,26,,R$ 20–40,"{""domingo"":[""09:00–16:00""],""quarta-feira"":[""09:00–16:00""],""quinta-feira"":[""09:00–16:00""],""segunda-feira"":[""Fechado""],""sexta-feira"":[""09:00–16:00""],""sábado"":[""09:00–16:00""],""terça-feira"":[""09:00–16:00""]}","https://www.google.com/maps/place/Point+do+A%C3%A7a%C3%AD+Express+-+Marco/@-1.430722,-48.462946,17z/data=!4m6!3m5!1s0x92a48dc7f122d62b:0x88d945acba0b2a8b!8m2!3d-1.4307223!4d-48.4629457!16s%2Fg%2F11hhy03b84?hl=pt&entry=ttu&g_ep=EgoyMDI2MDkyMi4wIKXMDSoASAFQAw%3D%3D",rodada_2_recuperado,Tapajós,ChIJK9Yi8ceNpJIRiyoLuqxF2Yg,2026-09-25,17:33:59
ChIJKVNvE0GLpJIRzNoQMFOm5Xk,8783609524474927820,Point Guaraná Ferrari,Sorveteria,"Point Guaraná Ferrari - Qd. Seis - Mangueirão, Belém - PA, 66640-155","Point Guaraná Ferrari - Qd. Seis - Mangueirão, Belém - PA, 66640-155",(91) 98976-6644,,-1.378196,-48.438554,5.000000,4,,,"{""domingo"":[""08:00–22:00""],""quarta-feira"":[""08:00–22:00""],""quinta-feira"":[""08:00–22:00""],""segunda-feira"":[""08:00–22:00""],""sexta-feira"":[""08:00–22:00""],""sábado"":[""08:00–22:00""],""terça-feira"":[""08:00–22:00""]}","https://www.google.com/maps/place/Point+Guaran%C3%A1+Ferrari/@-1.378196,-48.438554,17z/data=!4m6!3m5!1s0x92a48b41136f5329:0x79e5a6533010dacc!8m2!3d-1.3781959!4d-48.4385545!16s%2Fg%2F11kqgtwz71?hl=pt&entry=ttu&g_ep=EgoyMDI2MDkyMi4wIKXMDSoASAFQAw%3D%3D",rodada_2_recuperado,Benguí,ChIJKVNvE0GLpJIRzNoQMFOm5Xk,2026-09-25,17:34:44
ChIJKW_1kthhpJIRLxv9REcBwgQ,342837927245323055,Tacacá&CIA,Restaurante,"Conjunto Mururé - Al. Oito, 14 - Coqueiro, Belém - PA, 66670-790","Conjunto Mururé - Al. Oito, 14 - Coqueiro, Belém - PA, 66670-790",,,-1.350442,-48.445139,4.700000,23,,,{},"https://www.google.com/maps/place/Tacac%C3%A1%26CIA/@-1.350442,-48.445139,17z/data=!4m6!3m5!1s0x92a461d892f56f29:0x4c2014744fd1b2f!8m2!3d-1.3504423!4d-48.4451389!16s%2Fg%2F11fty2cks2?hl=pt&entry=ttu&g_ep=EgoyMDI2MDkyMi4wIKXMDSoASAFQAw%3D%3D",rodada_2_recuperado,Parque Verde,ChIJKW_1kthhpJIRLxv9REcBwgQ,2026-09-25,17:35:29
ChIJKezBIwGLpJIRhePzZgP8BF0,6702759236976501637,Esquina do Açaí - Luiz Carlos,Loja de comidas naturais,"Esquina do Açaí - Luiz Carlos - Passagem Cajuí - Marambaia, Belém - PA, 66623-580","Esquina do Açaí - Luiz Carlos - Passagem Cajuí - Marambaia, Belém - PA, 66623-580",3238-2733,,-1.402918,-48.435857,4.600000,24,,,"{""domingo"":[""08:00–14:00""],""quarta-feira"":[""08:00–14:00""],""quinta-feira"":[""08:00–14:00""],""segunda-feira"":[""08:00–14:00""],""sexta-feira"":[""08:00–14:00""],""sábado"":[""08:00–14:00""],""terça-feira"":[""08:00–14:00""]}","https://www.google.com/maps/place/Esquina+do+A%C3%A7a%C3%AD+-+Luiz+Carlos/@-1.402918,-48.435857,17z/data=!4m6!3m5!1s0x92a48b0123c1ec29:0x5d04fc0366f3e385!8m2!3d-1.4029182!4d-48.4358566!16s%2Fg%2F11g7z0xt9w?hl=pt&entry=ttu&g_ep=EgoyMDI2MDkyMi4wIKXMDSoASAFQAw%3D%3D",rodada_2_recuperado,Parque Verde,ChIJKezBIwGLpJIRhePzZgP8BF0,2026-09-25,17:36:15
ChIJKxJ0H72OpJIRJ4fM02BMxXA,8125985081413895975,Maioca - Sorveteria Artesanal,Sorveteria,"Maioca - Sorveteria Artesanal - R. Bernal do Couto, 308 - Umarizal, Belém - PA, 66055-080","Maioca - Sorveteria Artesanal - R. Bernal do Couto, 308 - Umarizal, Belém - PA, 66055-080",(91) 2121-3718,https://maioca.com.br/,-1.443134,-48.487092,4.700000,1677,,,"{""domingo"":[""11:00–23:00""],""quarta-feira"":[""11:00–23:00""],""quinta-feira"":[""11:00–23:00""],""segunda-feira"":[""11:00–23:00""],""sexta-feira"":[""11:00–00:00""],""sábado"":[""11:00–00:00""],""terça-feira"":[""11:00–23:00""]}",https://www.google.com/maps/place/Maioca+-+Sorveteria+Artesanal/data=!4m7!3m6!1s0x92a48ebd1f74122b:0x70c54c60d3cc8727!8m2!3d-1.4431338!4d-48.487092!16s%2Fg%2F11f0204rkx!19sChIJKxJ0H72OpJIRJ4fM02BMxXA?authuser=0&hl=pt-BR&g_ep=EgoyMDI2MDkyMi4wIJJjKgBIAVAD&rclk=1,rodada_2_recuperado,Tapajós,ChIJKxJ0H72OpJIRJ4fM02BMxXA,2026-09-25,17:37:00
ChIJLX2Iw-hhpJIRnvI_45RkDf0,18234341056923562654,Cumbuca Açaí,Fabricação de alimentos,"Cumbuca Açaí - Av. Padre Bruno Sechi - Tapanã, Belém - PA, 66830-040","Cumbuca Açaí - Av. Padre Bruno Sechi - Tapanã, Belém - PA, 66830-040",(91) 98403-5125,,-1.352268,-48.459765,5.000000,2,,,"{""domingo"":[""08:00–15:00""],""quarta-feira"":[""08:00–15:00""],""quinta-feira"":[""08:00–15:00""],""segunda-feira"":[""08:00–15:00""],""sexta-feira"":[""08:00–15:00""],""sábado"":[""08:00–15:00""],""terça-feira"":[""08:00–15:00""]}","https://www.google.com/maps/place/Cumbuca+A%C3%A7a%C3%AD/@-1.352268,-48.459765,17z/data=!4m6!3m5!1s0x92a461e8c3887d2d:0xfd0d6494e33ff29e!8m2!3d-1.3522677!4d-48.4597647!16s%2Fg%2F11pzyfjmbh?hl=pt&entry=ttu&g_ep=EgoyMDI2MDkyMi4wIKXMDSoASAFQAw%3D%3D",rodada_2_recuperado,Tapajós,ChIJLX2Iw-hhpJIRnvI_45RkDf0,2026-09-25,17:37:45
ChIJLcwvl1BnpJIRqyOprSr-cfs,18118542235143840683,Sereias Gourmet,Loja de açaí,"Sereias Gourmet - rua monsenhor José Maria de Azevedo 277, Av. Nossa Sra. da Conceição, 16 - São João do Outeiro, Belém - PA, 66813-550","Sereias Gourmet - rua monsenhor José Maria de Azevedo 277, Av. Nossa Sra. da Conceição, 16 - São João do Outeiro, Belém - PA, 66813-550",(91) 98595-4446,,-1.260495,-48.466296,5.000000,4,,,"{""domingo"":[""17:00–23:00""],""quarta-feira"":[""Fechado""],""quinta-feira"":[""17:00–23:00""],""segunda-feira"":[""17:00–23:00""],""sexta-feira"":[""17:00–23:00""],""sábado"":[""17:00–23:00""],""terça-feira"":[""17:00–23:00""]}","https://www.google.com/maps/place/Sereias+Gourmet/@-1.260495,-48.466296,17z/data=!4m6!3m5!1s0x92a46750972fcc2d:0xfb71fe2aada923ab!8m2!3d-1.2604954!4d-48.4662962!16s%2Fg%2F11xrnnvr9l?hl=pt&entry=ttu&g_ep=EgoyMDI2MDkyMi4wIKXMDSoASAFQAw%3D%3D",rodada_2_recuperado,Icoaraci,ChIJLcwvl1BnpJIRqyOprSr-cfs,2026-09-25,17:38:18
ChIJLyyTq9dfpJIRKbhdRavbDQc,508303861612394537,Sorveteria Lanchonet BIG BOM,Sorveteria,"Sorveteria Lanchonet BIG BOM - Tv. SN 22 - Coqueiro, Ananindeua - PA, 67000-000","Sorveteria Lanchonet BIG BOM - Tv. SN 22 - Coqueiro, Ananindeua - PA, 67000-000",(91) 98037-9488,,-1.346443,-48.396536,5.000000,1,,,"{""domingo"":[""15:00–00:00""],""quarta-feira"":[""15:00–00:00""],""quinta-feira"":[""15:00–00:00""],""segunda-feira"":[""15:00–00:00""],""sexta-feira"":[""15:00–00:00""],""sábado"":[""15:00–00:00""],""terça-feira"":[""15:00–00:00""]}","https://www.google.com/maps/place/Sorveteria+Lanchonet+BIG+BOM/@-1.346443,-48.396536,17z/data=!4m6!3m5!1s0x92a45fd7ab932c2f:0x70ddbab455db829!8m2!3d-1.3464427!4d-48.3965356!16s%2Fg%2F11hdb2y25y?hl=pt&entry=ttu&g_ep=EgoyMDI2MDkyMi4wIKXMDSoASAFQAw%3D%3D",rodada_2_recuperado,Pratinha,ChIJLyyTq9dfpJIRKbhdRavbDQc,2026-09-25,17:39:04
ChIJM2SI2DGLpJIR5oLi_G2-zVs,6615152807280542438,Maioca - Marambaia,Sorveteria,"Maioca - Marambaia - Av. Tavares Bastos, 1055 - Souza, Belém - PA, 66615-005","Maioca - Marambaia - Av. Tavares Bastos, 1055 - Souza, Belém - PA, 66615-005",(91) 98414-9049,https://maioca.com.br/,-1.404895,-48.448806,3.800000,93,,,"{""domingo"":[""11:00–23:00""],""quarta-feira"":[""11:00–23:00""],""quinta-feira"":[""11:00–23:00""],""segunda-feira"":[""11:00–23:00""],""sexta-feira"":[""11:00–00:00""],""sábado"":[""11:00–00:00""],""terça-feira"":[""11:00–23:00""]}","https://www.google.com/maps/place/Maioca+-+Marambaia/@-1.404895,-48.448806,17z/data=!4m6!3m5!1s0x92a48b31d8886433:0x5bcdbe6dfce282e6!8m2!3d-1.4048947!4d-48.4488058!16s%2Fg%2F11vlc1r6k0?hl=pt&entry=ttu&g_ep=EgoyMDI2MDkyMi4wIKXMDSoASAFQAw%3D%3D",rodada_2_recuperado,Parque Verde,ChIJM2SI2DGLpJIR5oLi_G2-zVs,2026-09-25,17:39:49
ChIJM5YnaneKpJIR8HQ6zMC2o68,12656160317017584880,Açai Nando,Restaurante,"Açai Nando - Passagem União, 215 - Benguí, Belém - PA, 66635-287","Açai Nando - Passagem União, 215 - Benguí, Belém - PA, 66635-287",,,-1.373763,-48.449689,2.000000,1,,,{},https://www.google.com/maps/place/A%C3%A7ai+Nando/data=!4m7!3m6!1s0x92a48a776a279633:0xafa3b6c0cc3a74f0!8m2!3d-1.3737628!4d-48.4496893!16s%2Fg%2F11fs1nfdrk!19sChIJM5YnaneKpJIR8HQ6zMC2o68?authuser=0&hl=pt-BR&g_ep=EgoyMDI2MDkyMi4wIJJjKgBIAVAD&rclk=1,rodada_2_recuperado,Benguí,ChIJM5YnaneKpJIR8HQ6zMC2o68,2026-09-25,17:40:34
ChIJM9qKHwtgpJIRsHPmlENan-c,16690157990365787056,Mercadão do Açaí Cidade Nova,Mercado,"Cidade Nova Quatro - Tv. We 42, 411 - Coqueiro, Ananindeua - PA, 67133-250","Cidade Nova Quatro - Tv. We 42, 411 - Coqueiro, Ananindeua - PA, 67133-250",(91) 98481-6817,,-1.356278,-48.401675,4.200000,1167,,,"{""domingo"":[""08:00–15:00""],""quarta-feira"":[""08:00–15:00""],""quinta-feira"":[""08:00–15:00""],""segunda-feira"":[""08:00–15:00""],""sexta-feira"":[""08:00–15:00""],""sábado"":[""08:00–15:00""],""terça-feira"":[""08:00–00:00""]}","https://www.google.com/maps/place/Mercad%C3%A3o+do+A%C3%A7a%C3%AD+Cidade+Nova/@-1.356278,-48.401675,17z/data=!4m6!3m5!1s0x92a4600b1f8ada33:0xe79f5a4394e673b0!8m2!3d-1.3562782!4d-48.4016746!16s%2Fg%2F1tc_m6mx?hl=pt&entry=ttu&g_ep=EgoyMDI2MDkyMi4wIKXMDSoASAFQAw%3D%3D",rodada_2_recuperado,Una,ChIJM9qKHwtgpJIRsHPmlENan-c,2026-09-25,17:41:07
ChIJN1BQ_weLpJIRZ4WG3oCQJkw,5487232079161099623,Hamburguer Insano,Hamburgueria,"Hamburguer Insano - Rod. Augusto Montenegro, box 10 - Parque Verde, Belém - PA, 66645-001","Hamburguer Insano - Rod. Augusto Montenegro, box 10 - Parque Verde, Belém - PA, 66645-001",(91) 98749-9638,,-1.375244,-48.441482,4.100000,27,,,{},https://www.google.com/maps/place/Hamburguer+Insano/data=!4m7!3m6!1s0x92a48b07ff505037:0x4c269080de868567!8m2!3d-1.3752441!4d-48.4414817!16s%2Fg%2F11r3x91b8h!19sChIJN1BQ_weLpJIRZ4WG3oCQJkw?authuser=0&hl=pt-BR&g_ep=EgoyMDI2MDkyMi4wIJJjKgBIAVAD&rclk=1,rodada_2_recuperado,Parque Verde,ChIJN1BQ_weLpJIRZ4WG3oCQJkw,2026-09-25,17:41:53
ChIJN5Z5mNthpJIRf9pH0hZSaR0,2119315357625211519,Casa da Débora,Loja de açaí,"Casa da Débora - Quadra B, 45 - 33 - Aurá, Ananindeua - PA, 67033-895","Casa da Débora - Quadra B, 45 - 33 - Aurá, Ananindeua - PA, 67033-895",(91) 99335-9620,,-1.338764,-48.427641,0.000000,0,,,{},https://www.google.com/maps/place/Casa+da+D%C3%A9bora/data=!4m7!3m6!1s0x92a461db98799637:0x1d695216d247da7f!8m2!3d-1.338764!4d-48.427641!16s%2Fg%2F11ms1dgv1m!19sChIJN5Z5mNthpJIRf9pH0hZSaR0?authuser=0&hl=pt-BR&g_ep=EgoyMDI2MDkyMi4wIJJjKgBIAVAD&rclk=1,rodada_2_recuperado,Tenoné,ChIJN5Z5mNthpJIRf9pH0hZSaR0,2026-09-25,17:42:26
ChIJN91scoRhpJIRBm_irsmLN3Q,8374315730457489158,LOTEAMENTO AÇAÍ,Complexo de condomínio,"LOTEAMENTO AÇAÍ - Estr. da Piçarreira - Tapanã, Belém - PA","LOTEAMENTO AÇAÍ - Estr. da Piçarreira - Tapanã, Belém - PA",,,-1.333772,-48.465126,3.000000,1,,,{},https://www.google.com/maps/place/LOTEAMENTO+A%C3%87A%C3%8D/data=!4m7!3m6!1s0x92a46184726cdd37:0x74378bc9aee26f06!8m2!3d-1.3337724!4d-48.465126!16s%2Fg%2F11j1ftznpc!19sChIJN91scoRhpJIRBm_irsmLN3Q?authuser=0&hl=pt-BR&g_ep=EgoyMDI2MDkyMi4wIJJjKgBIAVAD&rclk=1,rodada_2_recuperado,Parque Guajará,ChIJN91scoRhpJIRBm_irsmLN3Q,2026-09-25,17:42:59
ChIJNYmUA5JhpJIRS4JQmvneecY,14301707255308911179,Açaí do Silvio,Processamento de frutas e legumes,"Enfrente do centro de distribuição grupo líder - R. dos Funcionários, 53 - Coqueiro, Belém - PA, 66823-010","Enfrente do centro de distribuição grupo líder - R. dos Funcionários, 53 - Coqueiro, Belém - PA, 66823-010",(91) 98841-4538,,-1.342687,-48.450760,5.000000,1,,,{},https://www.google.com/maps/place/A%C3%A7a%C3%AD+do+Silvio/data=!4m7!3m6!1s0x92a4619203948935:0xc679def99a50824b!8m2!3d-1.342687!4d-48.4507603!16s%2Fg%2F11j1h6kbcy!19sChIJNYmUA5JhpJIRS4JQmvneecY?authuser=0&hl=pt-BR&g_ep=EgoyMDI2MDkyMi4wIJJjKgBIAVAD&rclk=1,rodada_2_recuperado,Tenoné,ChIJNYmUA5JhpJIRS4JQmvneecY,2026-09-25,17:43:32
ChIJNbrgRR2JpJIRcimg2F1wDvk,17946405113486649714,Ultimate Burguer,Restaurante,"Ultimate Burguer - Rod. Arthur Bernardes, 53c - Pratinha, Belém - PA, 66816-000","Ultimate Burguer - Rod. Arthur Bernardes, 53c - Pratinha, Belém - PA, 66816-000",(91) 98607-2229,,-1.376193,-48.480301,4.600000,18,,R$ 20–40,"{""domingo"":[""18:00–00:00""],""quarta-feira"":[""Fechado""],""quinta-feira"":[""18:00–00:00""],""segunda-feira"":[""18:00–00:00""],""sexta-feira"":[""18:00–00:00""],""sábado"":[""18:00–00:00""],""terça-feira"":[""18:00–00:00""]}","https://www.google.com/maps/place/Ultimate+Burguer/@-1.376193,-48.480301,17z/data=!4m6!3m5!1s0x92a4891d45e0ba35:0xf90e705dd8a02972!8m2!3d-1.3761935!4d-48.480301!16s%2Fg%2F11tdz5vhkl?hl=pt&entry=ttu&g_ep=EgoyMDI2MDkyMi4wIKXMDSoASAFQAw%3D%3D",rodada_2_recuperado,Pratinha,ChIJNbrgRR2JpJIRcimg2F1wDvk,2026-09-25,17:44:06
ChIJNwxmhudhpJIR__tKKBc2Ueo,16884335951076850687,Açaí do ney,Restaurante,"Açaí do ney - Rodovia do 40 horas QD:157 c:40 40 - horas, Ananindeua - PA, 67140-690","Açaí do ney - Rodovia do 40 horas QD:157 c:40 40 - horas, Ananindeua - PA, 67140-690",(91) 98943-7783,https://whatsmenu.com.br/acaidoney,-1.349866,-48.419200,3.400000,14,,R$ 20–40,"{""domingo"":[""08:00–14:30""],""quarta-feira"":[""08:00–14:30""],""quinta-feira"":[""08:00–14:30""],""segunda-feira"":[""08:00–14:30""],""sexta-feira"":[""08:00–14:30""],""sábado"":[""08:00–14:30""],""terça-feira"":[""08:00–14:30""]}","https://www.google.com/maps/place/A%C3%A7a%C3%AD+do+ney/@-1.349866,-48.4192,17z/data=!4m6!3m5!1s0x92a461e786660c37:0xea513617284afbff!8m2!3d-1.3498656!4d-48.4191998!16s%2Fg%2F11flv8bm17?hl=pt&entry=ttu&g_ep=EgoyMDI2MDkyMi4wIKXMDSoASAFQAw%3D%3D",rodada_2_recuperado,Cabanagem,ChIJNwxmhudhpJIR__tKKBc2Ueo,2026-09-25,17:44:51
ChIJNzjB-keLpJIRkJdAvAP_Zlo,6514174302546335632,TEXAS HAMBÚRGUERIA ARTESANAL,Hamburgueria,"TEXAS HAMBÚRGUERIA ARTESANAL - R. Ajax de Oliveira, 128 - Benguí, Belém - PA, 66630-000","TEXAS HAMBÚRGUERIA ARTESANAL - R. Ajax de Oliveira, 128 - Benguí, Belém - PA, 66630-000",(91) 99224-4845,,-1.376355,-48.456435,5.000000,3,,,"{""domingo"":[""18:00–00:30""],""quarta-feira"":[""18:00–00:30""],""quinta-feira"":[""18:00–00:30""],""segunda-feira"":[""Fechado""],""sexta-feira"":[""18:00–00:30""],""sábado"":[""18:00–00:30""],""terça-feira"":[""18:00–00:30""]}",https://www.google.com/maps/place/TEXAS+HAMB%C3%9ARGUERIA+ARTESANAL/data=!4m7!3m6!1s0x92a48b47fac13837:0x5a66ff03bc409790!8m2!3d-1.3763548!4d-48.4564355!16s%2Fg%2F11l6rl006_!19sChIJNzjB-keLpJIRkJdAvAP_Zlo?authuser=0&hl=pt-BR&g_ep=EgoyMDI2MDkyMi4wIJJjKgBIAVAD&rclk=1,rodada_2_recuperado,Parque Verde,ChIJNzjB-keLpJIRkJdAvAP_Zlo,2026-09-25,17:45:36
ChIJO-3FaZpmpJIRzJb1UuAXb7E,12785464119360067276,Campina de Icoaraci,,Belém - PA,Belém - PA,,,-1.294481,-48.470613,0.000000,0,,,{},"https://www.google.com/maps/place/Campina+de+Icoaraci,+Bel%C3%A9m+-+PA/@-1.294481,-48.470613,17z/data=!4m6!3m5!1s0x92a4669a69c5ed3b:0xb16f17e052f596cc!8m2!3d-1.2944809!4d-48.4706126!16s%2Fg%2F122fvhd6?hl=pt&entry=ttu&g_ep=EgoyMDI2MDkyMi4wIKXMDSoASAFQAw%3D%3D",rodada_2_recuperado,Icoaraci,ChIJO-3FaZpmpJIRzJb1UuAXb7E,2026-09-25,17:46:09
ChIJO3BxHNNnpJIRgtCdPtMjAtw,15853273028493168770,Açaí mania Icoaraci,Delivery,"Açaí mania Icoaraci - Padre Júlio Gomes - Agulha de Icoaraci, Belém - PA, 66813-050","Açaí mania Icoaraci - Padre Júlio Gomes - Agulha de Icoaraci, Belém - PA, 66813-050",(91) 98228-8205,,-1.298712,-48.473889,0.000000,0,,,"{""domingo"":[""09:00–15:00""],""quarta-feira"":[""09:00–15:00""],""quinta-feira"":[""09:00–15:00""],""segunda-feira"":[""09:00–15:00""],""sexta-feira"":[""09:00–15:00""],""sábado"":[""09:00–15:00""],""terça-feira"":[""09:00–15:00""]}","https://www.google.com/maps/place/A%C3%A7a%C3%AD+mania+Icoaraci/@-1.298712,-48.473889,17z/data=!4m6!3m5!1s0x92a467d31c71703b:0xdc0223d33e9dd082!8m2!3d-1.2987124!4d-48.4738886!16s%2Fg%2F11ntl9rzjp?hl=pt&entry=ttu&g_ep=EgoyMDI2MDkyMi4wIKXMDSoASAFQAw%3D%3D",rodada_2_recuperado,Icoaraci,ChIJO3BxHNNnpJIRgtCdPtMjAtw,2026-09-25,17:46:54
ChIJOVLpFCBkpJIRdZz8MPg8ngU,404828053181340789,Delícias da Vila,Padaria,"Delícias da Vila - Av. Dr. Lopo de Castro, 1085 - Cruzeiro, Belém - PA, 66810-090","Delícias da Vila - Av. Dr. Lopo de Castro, 1085 - Cruzeiro, Belém - PA, 66810-090",(91) 98992-5156,,-1.297807,-48.479896,4.300000,3100,,R$ 20–40,"{""domingo"":[""07:00–23:00""],""quarta-feira"":[""07:00–23:00""],""quinta-feira"":[""07:00–23:00""],""segunda-feira"":[""07:00–23:00""],""sexta-feira"":[""07:00–23:00""],""sábado"":[""07:00–23:00""],""terça-feira"":[""07:00–23:00""]}","https://www.google.com/maps/place/Del%C3%ADcias+da+Vila/@-1.297807,-48.479896,17z/data=!4m6!3m5!1s0x92a4642014e95239:0x59e3cf830fc9c75!8m2!3d-1.2978069!4d-48.479896!16s%2Fg%2F11c0xrj3l_?hl=pt&entry=ttu&g_ep=EgoyMDI2MDkyMi4wIKXMDSoASAFQAw%3D%3D",rodada_2_recuperado,Icoaraci,ChIJOVLpFCBkpJIRdZz8MPg8ngU,2026-09-25,17:47:40
ChIJO_X7HB-LpJIRGTX8WyV0-6s,12392626503445919001,Sorveteria e companhia,Sorveteria,"Sorveteria e companhia - Conjunto terra santa rua j casa 8 - Atalaia, Ananindeua - PA, 67013-410","Sorveteria e companhia - Conjunto terra santa rua j casa 8 - Atalaia, Ananindeua - PA, 67013-410",(91) 98201-0693,,-1.389717,-48.429036,4.800000,11,,,"{""domingo"":[""07:00–21:00""],""quarta-feira"":[""15:00–21:00""],""quinta-feira"":[""15:00–21:00""],""segunda-feira"":[""15:00–21:00""],""sexta-feira"":[""15:00–21:00""],""sábado"":[""07:00–21:00""],""terça-feira"":[""15:00–21:00""]}",https://www.google.com/maps/place/Sorveteria+e+companhia/data=!4m7!3m6!1s0x92a48b1f1cfbf53b:0xabfb74255bfc3519!8m2!3d-1.3897167!4d-48.4290364!16s%2Fg%2F11r6_hj5sx!19sChIJO_X7HB-LpJIRGTX8WyV0-6s?authuser=0&hl=pt-BR&g_ep=EgoyMDI2MDkyMy4wIJJjKgBIAVAD&rclk=1,rodada_2_recuperado,Una,ChIJO_X7HB-LpJIRGTX8WyV0-6s,2026-09-25,17:48:25
ChIJP2IwlLKKpJIR7Z56AdOKaig,2912292747915992813,Açaí Família,Fabricante de alimentos congelados,"Açaí Família - Passagem Jardim Brasil - Levilândia, Ananindeua - PA, 67015-712","Açaí Família - Passagem Jardim Brasil - Levilândia, Ananindeua - PA, 67015-712",,,-1.378061,-48.400146,5.000000,2,,,"{""domingo"":[""Fechado""],""quarta-feira"":[""07:30–17:00""],""quinta-feira"":[""07:30–17:00""],""segunda-feira"":[""07:30–17:00""],""sexta-feira"":[""07:30–17:00""],""sábado"":[""Fechado""],""terça-feira"":[""07:30–17:00""]}",https://www.google.com/maps/place/A%C3%A7a%C3%AD+Fam%C3%ADlia/data=!4m7!3m6!1s0x92a48ab29430623f:0x286a8ad3017a9eed!8m2!3d-1.3780607!4d-48.4001458!16s%2Fg%2F11frnw9h44!19sChIJP2IwlLKKpJIR7Z56AdOKaig?authuser=0&hl=pt-BR&g_ep=EgoyMDI2MDkyMy4wIJJjKgBIAVAD&rclk=1,rodada_2_recuperado,Coqueiro,ChIJP2IwlLKKpJIR7Z56AdOKaig,2026-09-25,17:48:58
ChIJPV5dcAhfpJIR9Dit8IPpfbA,12717577675652020468,Açai Do Neto,Restaurante,"Açai Do Neto - R. Belém, 52 - Distrito Industrial, Ananindeua - PA, 67035-140","Açai Do Neto - R. Belém, 52 - Distrito Industrial, Ananindeua - PA, 67035-140",,,-1.347671,-48.357130,5.000000,1,,,{},https://www.google.com/maps/place/A%C3%A7ai+Do+Neto/data=!4m7!3m6!1s0x92a45f08705d5e3d:0xb07de983f0ad38f4!8m2!3d-1.3476706!4d-48.3571302!16s%2Fg%2F11hj9mx8wc!19sChIJPV5dcAhfpJIR9Dit8IPpfbA?authuser=0&hl=pt-BR&g_ep=EgoyMDI2MDkyMi4wIJJjKgBIAVAD&rclk=1,rodada_2_recuperado,Tapajós,ChIJPV5dcAhfpJIR9Dit8IPpfbA,2026-09-25,17:49:56
ChIJPzQsOLhhpJIRV_0oTjPXwAs,846913345300266327,Sorveteria Albuquerque,Restaurante,"Sorveteria Albuquerque - Alameda Alacid Santos, 13 - Coqueiro, Belém - PA, 66650-135","Sorveteria Albuquerque - Alameda Alacid Santos, 13 - Coqueiro, Belém - PA, 66650-135",(91) 98524-8792,,-1.353983,-48.437695,4.600000,7,,,"{""domingo"":[""09:00–00:00""],""quarta-feira"":[""10:00–00:00""],""quinta-feira"":[""10:00–00:00""],""segunda-feira"":[""10:00–00:00""],""sexta-feira"":[""10:00–00:00""],""sábado"":[""10:00–00:00""],""terça-feira"":[""10:00–00:00""]}","https://www.google.com/maps/place/Sorveteria+Albuquerque/@-1.353983,-48.437695,17z/data=!4m6!3m5!1s0x92a461b8382c343f:0xbc0d7334e28fd57!8m2!3d-1.3539832!4d-48.4376951!16s%2Fg%2F11qhcyw7cz?hl=pt&entry=ttu&g_ep=EgoyMDI2MDkyMi4wIKXMDSoASAFQAw%3D%3D",rodada_2_recuperado,Parque Verde,ChIJPzQsOLhhpJIRV_0oTjPXwAs,2026-09-25,17:50:29
ChIJQeRiGPBhpJIRoECQZcef56g,12170872196743315616,Açaí Deus e fiel. 100%natural,Supermercado,"Açaí Deus e fiel. 100%natural - R. São Pedro, 76 - Icuí-Guajará, Ananindeua - PA, 67125-245","Açaí Deus e fiel. 100%natural - R. São Pedro, 76 - Icuí-Guajará, Ananindeua - PA, 67125-245",,,-1.337040,-48.404842,5.000000,4,,,{},"https://www.google.com/maps/place/A%C3%A7a%C3%AD+Deus+e+fiel.+100%25natural/@-1.33704,-48.404842,17z/data=!4m6!3m5!1s0x92a461f01862e441:0xa8e79fc7659040a0!8m2!3d-1.3370396!4d-48.4048424!16s%2Fg%2F11mtrts95_?hl=pt&entry=ttu&g_ep=EgoyMDI2MDkyMi4wIKXMDSoASAFQAw%3D%3D",rodada_2_recuperado,Parque Guajará,ChIJQeRiGPBhpJIRoECQZcef56g,2026-09-25,17:51:14
ChIJQyg2dwD1pJIRGzEDPinBqIU,9631160186010022171,Açaí artesanal,Loja de Conveniência,"Açaí artesanal - Tv. Segunda - Pato Macho, Ananindeua - PA, 67033-881","Açaí artesanal - Tv. Segunda - Pato Macho, Ananindeua - PA, 67033-881",,,-1.379677,-48.365738,0.000000,0,,,{},"https://www.google.com/maps/place/A%C3%A7a%C3%AD+artesanal/@-1.379677,-48.365738,17z/data=!4m6!3m5!1s0x92a4f50077362843:0x85a8c1293e03311b!8m2!3d-1.3796772!4d-48.365738!16s%2Fg%2F11wr5zcmbg?hl=pt&entry=ttu&g_ep=EgoyMDI2MDkyMi4wIKXMDSoASAFQAw%3D%3D",rodada_2_recuperado,Coqueiro,ChIJQyg2dwD1pJIRGzEDPinBqIU,2026-09-25,17:51:59
ChIJR3DWIGRhpJIRPKeAijQBxEI,4810971627112146748,Açaí da loira,Fabricação de alimentos,"Açaí da loira - Vila da Paz - Transcoqueiro, Ananindeua - PA, 67140-337","Açaí da loira - Vila da Paz - Transcoqueiro, Ananindeua - PA, 67140-337",(91) 98414-3209,,-1.347281,-48.416391,5.000000,2,,,"{""domingo"":[""09:00–15:00""],""quarta-feira"":[""08:00–18:00""],""quinta-feira"":[""08:00–18:00""],""segunda-feira"":[""Fechado""],""sexta-feira"":[""08:00–18:00""],""sábado"":[""08:00–18:00""],""terça-feira"":[""08:00–18:00""]}",https://www.google.com/maps/place/A%C3%A7a%C3%AD+da+loira/data=!4m7!3m6!1s0x92a4616420d67047:0x42c401348a80a73c!8m2!3d-1.3472809!4d-48.4163913!16s%2Fg%2F11lcls3zly!19sChIJR3DWIGRhpJIRPKeAijQBxEI?authuser=0&hl=pt-BR&g_ep=EgoyMDI2MDkyMi4wIJJjKgBIAVAD&rclk=1,rodada_2_recuperado,Coqueiro,ChIJR3DWIGRhpJIRPKeAijQBxEI,2026-09-25,17:52:45
ChIJRbfPlPGOpJIRdhRB9bgHLEw,5488770536827851894,Feira do Açaí - Ver-o-Peso,Feira Livre,"Feira do Açaí - Ver-o-Peso - Tv. Marquês de Pombal, 44 - Campina, Belém - PA, 66013-100","Feira do Açaí - Ver-o-Peso - Tv. Marquês de Pombal, 44 - Campina, Belém - PA, 66013-100",,https://tudoemfrutas.com/,-1.453664,-48.504418,4.500000,58,,,"{""domingo"":[""00:00–09:00"",""18:30–00:00""],""quarta-feira"":[""18:30–00:00""],""quinta-feira"":[""18:30–00:00""],""segunda-feira"":[""18:30–00:00""],""sexta-feira"":[""18:30–00:00""],""sábado"":[""18:30–00:00""],""terça-feira"":[""18:30–00:00""]}","https://www.google.com/maps/place/Feira+do+A%C3%A7a%C3%AD+-+Ver-o-Peso/@-1.453664,-48.504418,17z/data=!4m6!3m5!1s0x92a48ef194cfb745:0x4c2c07b8f5411476!8m2!3d-1.4536641!4d-48.5044181!16s%2Fg%2F11f4qksqql?hl=pt&entry=ttu&g_ep=EgoyMDI2MDkyMi4wIKXMDSoASAFQAw%3D%3D",rodada_2_recuperado,Pratinha,ChIJRbfPlPGOpJIRdhRB9bgHLEw,2026-09-25,17:53:18
ChIJS0rUzYGOpJIRWr88JSfFzFs,6614878724619550554,Açai Tropical,Loja de sucos,"Açai Tropical - R. dos Mundurucus, 2991 - Cremação, Belém - PA, 66040-033","Açai Tropical - R. dos Mundurucus, 2991 - Cremação, Belém - PA, 66040-033",(91) 98138-4514,,-1.458056,-48.479200,3.900000,25,,,"{""domingo"":[""09:00–14:00""],""quarta-feira"":[""09:00–15:00""],""quinta-feira"":[""09:00–15:00""],""segunda-feira"":[""09:00–15:00""],""sexta-feira"":[""09:00–15:00""],""sábado"":[""09:00–15:00""],""terça-feira"":[""09:00–15:00""]}",https://www.google.com/maps/place/A%C3%A7ai+Tropical/data=!4m7!3m6!1s0x92a48e81cdd44a4b:0x5bccc527253cbf5a!8m2!3d-1.4580565!4d-48.4792003!16s%2Fg%2F1s04dqffh!19sChIJS0rUzYGOpJIRWr88JSfFzFs?authuser=0&hl=pt-BR&g_ep=EgoyMDI2MDkyMi4wIJJjKgBIAVAD&rclk=1,rodada_2_recuperado,Coqueiro,ChIJS0rUzYGOpJIRWr88JSfFzFs,2026-09-25,17:54:03
ChIJSWx8NgBhpJIRqGZiFdfgKWI,7073431904143435432,Sorveteria Fiorella,Sorveteria,"Sorveteria Fiorella - Av. Principal, 123 - Coqueiro, Belém - PA, 66823-072","Sorveteria Fiorella - Av. Principal, 123 - Coqueiro, Belém - PA, 66823-072",(91) 98490-1418,https://www.instagram.com/sorveteria_fiorella,-1.330378,-48.437926,4.900000,12,,,"{""domingo"":[""17:30–23:00""],""quarta-feira"":[""17:30–23:00""],""quinta-feira"":[""17:30–23:00""],""segunda-feira"":[""17:30–23:00""],""sexta-feira"":[""17:30–23:00""],""sábado"":[""17:30–23:00""],""terça-feira"":[""17:30–23:00""]}","https://www.google.com/maps/place/Sorveteria+Fiorella/@-1.330378,-48.437926,17z/data=!4m6!3m5!1s0x92a46100367c6c49:0x6229e0d7156266a8!8m2!3d-1.3303785!4d-48.4379261!16s%2Fg%2F11x0py99n4?hl=pt&entry=ttu&g_ep=EgoyMDI2MDkyMi4wIKXMDSoASAFQAw%3D%3D",rodada_2_recuperado,Parque Guajará,ChIJSWx8NgBhpJIRqGZiFdfgKWI,2026-09-25,17:54:36
